// Author: Radoslaw Kubera (rkubera on GitHub).
// SPDX-License-Identifier: MIT
// Generated by tools/generate_languages.py. Edit languages/*.json instead.
#pragma once
#include <Arduino.h>
#include "ArdPortalFeatures.h"
#include "ArdAsset.h"
namespace ArdUILanguageData {
static constexpr size_t Count = 1;
static const char Manifest[] PROGMEM = "{\"default\":\"en\",\"languages\":[{\"code\":\"en\",\"name\":\"English\",\"locale\":\"en-GB\"}]}";
#if !ARDPORTAL_ENABLE_DYNAMIC_PAGES
#if ARDPORTAL_ENABLE_OTA && ARDPORTAL_ENABLE_MQTT && ARDPORTAL_ENABLE_CONSOLE
#if ARDPORTAL_ENABLE_MQTT_TLS
static const char Json0_0[] PROGMEM =
"\x1f\x8b\x08\x00\x00\x00\x00\x00\x02\xff\x7d\x57\xdb\x72\xdb\x36\x10\xfd\x95\x1d\xf7\xc5\x99\xaa\xb2\x75\x97\x9c\x87\x8c\x22\xc7"
"\x13\x4f\x9d\x58\xb5\x94\xe6\xb1\x03\x93\x90\x88\x31\x09\x30\x04\x28\x55\xa3\xd1\x4c\xbf\xa6\xbf\xd0\xf7\x7e\x4a\xbf\xa4\xbb\x20"
"\x96\xa2\x14\xb7\x2f\x1e\x71\x17\xb7\x73\xf6\xec\x01\xbc\xbf\x28\xd5\x6f\xd7\xd7\x9d\x8b\x9b\x8b\x27\x29\x62\xa5\xd7\x60\x9d\x70"
"\xa5\xfd\xe7\x8f\x3f\x2f\x5a\x55\xb2\x8b\xc9\x7b\xbd\x32\xfc\x3d\xc0\xef\x5b\xb9\x51\x91\xe4\xc8\xb0\x8e\x80\x16\x59\x1d\x1e\x61"
"\x78\x3a\xf7\xa1\x16\x24\xc6\x3a\xfa\x05\x42\xc7\xf0\xe9\x97\xe5\x12\xee\x6f\xdb\xf0\x20\x9d\x93\x85\x6d\x41\xac\xd6\xca\x59\x9f"
"\x4c\x76\x79\x22\xb5\x7d\x0b\x51\x22\xf4\x5a\x5a\x28\x64\x64\xb4\x96\x91\x6b\xf3\xca\x63\x5c\x79\x21\x36\xf5\x4e\x13\xfc\xbe\x13"
"\x91\x33\xc5\x0e\x47\x5b\xe9\x42\xa2\x73\x8d\x89\x99\xd0\x91\x4c\x39\x42\x50\xbf\xaa\x9f\xee\x14\xe0\xb0\x32\xe7\x30\x81\x5c\x44"
"\x42\x83\x96\x6e\x6b\x8a\x17\xcb\x89\x1e\x81\xd8\x08\x95\x8a\xe7\x54\x7e\x97\xed\xd3\xfa\x89\x31\x16\x71\x71\x92\x73\xc4\xd3\x62"
"\x71\x7f\xcb\xdf\xc3\x7a\xe7\x5c\x58\x8b\x23\x63\xce\x10\x51\x1f\xb2\xdc\xed\xe0\x45\xca\xdc\x82\x4b\x24\x58\x84\x17\xd7\x23\x61"
"\x65\x0a\x0c\x2b\xcb\x9b\x30\x15\x1d\xa2\x62\x56\xd1\xe3\xd9\x6b\xd0\xd2\x21\x5a\x66\xa9\x14\x05\xf8\x7d\x43\xb8\x7b\xcd\x61\x5b"
"\xc5\xfd\x3c\x2c\x7b\x81\x05\x98\xce\xdb\xf0\x88\xfb\x17\x44\x8f\x43\x3d\x10\xfd\x99\x50\x9a\x37\xec\x76\xaa\xaa\x36\xd9\xeb\x76"
"\x43\xa5\xab\xb3\x35\x45\xd0\x25\xfe\x3e\xcb\x2d\x2e\x7c\x0e\xbb\xdb\x7f\x05\x36\x8f\x69\x43\x50\x0e\x22\x4f\x53\xb3\xb5\xd0\x10"
"\x58\x1b\x9e\x58\x12\x20\x56\x28\x20\x96\x4a\x7d\xc8\x41\x10\x08\xae\xc2\x21\xa2\xdf\xeb\xee\xe4\xe4\x44\xfd\xfb\xc2\xbc\xe0\x1a"
"\x22\x8e\x51\x3b\x5c\xda\x2e\x11\xbb\x2c\x84\xb6\xb9\x29\x58\x4f\x5d\x62\x74\x39\xe3\x35\x7b\xc4\xe4\xf2\x61\xc1\x9f\x44\xcd\x6c"
"\x0a\x91\x2c\x9c\x5a\xa9\x48\x38\x09\x97\xf3\x0f\x9f\xde\x70\xbe\xeb\xdb\xec\x5b\xa9\x70\x1f\x70\x45\x69\x1d\x96\x78\x36\x6d\x41"
"\x26\x5c\x94\x50\xf3\x9d\x74\xc9\xe7\xe5\x1c\x9c\x42\xb8\x3c\x9f\xb8\x9c\x1f\x4f\xd3\x23\x02\xbf\x58\x59\x34\xf8\xee\x0d\x18\xe6"
"\x19\xdb\xbd\xe1\xff\xb0\x7d\x94\xd7\xb3\xe7\xe2\xaa\xc4\x55\xdb\x50\x0d\xaf\x42\xd8\xa1\x96\x5a\xc0\xfa\xe6\xad\x8f\x44\x2c\x3d"
"\x2e\xa7\x50\xe6\x31\xc2\xe5\xe8\xe4\xd8\x16\x2b\x55\x64\x5b\x51\x70\xaa\x4f\x94\x1d\x77\x33\x02\x37\x27\xac\xab\x54\xd8\x04\x52"
"\xb1\x33\xa5\xc3\x8d\x17\xf3\x5e\xf7\x06\x44\x9e\xa7\x44\xa3\x32\x1a\xda\xcf\x4a\x83\xd1\xe9\x8e\xb7\xee\x13\xdb\x77\x67\xab\x13"
"\xc3\x5f\xf2\xd4\x88\xf8\xf4\x44\x7d\xa2\xee\x67\xc4\x0d\xb9\xd9\x22\x18\xa3\x49\x43\x41\xf3\x5b\xb4\x1b\x88\x4c\x96\xa7\xd2\xc9"
"\xb7\xff\x25\xfc\x7e\xbf\xea\x34\x6b\xd2\x7a\x55\xaf\x11\x93\xab\x88\x03\x04\xfc\x57\x91\x96\x3c\x62\x40\x70\x17\x52\x73\x15\x06"
"\xbe\x7b\xf4\x0e\x1c\xcd\x02\xf9\x7b\x24\x73\x07\x3f\x5c\xfd\xd8\x0e\xfa\xbe\x81\x28\xd3\xf1\x15\x55\xf4\x0a\x8f\x94\x21\x37\x2d"
"\x58\x4b\x77\x16\x21\x93\x3e\x09\xf1\x29\x07\x15\x03\x0d\xe8\x03\x82\xfe\xd1\xd4\x0a\x19\xf4\x83\xd5\x69\x04\x79\xb4\xf9\xc1\xc0"
"\x8b\x13\xc1\x83\x48\xd3\x9a\x84\x77\x9c\x1e\x56\x1d\x75\x3a\x67\x74\x34\x1f\x52\xaf\x77\x93\x46\x7a\x7c\x9a\x26\xe1\x34\xb2\x67"
"\xee\xf4\xae\xd1\xd4\x1b\x25\xc8\x89\xc2\xc8\x21\x21\x80\xbf\xff\x82\xaf\x42\xf9\x85\x48\x3f\xd8\x1c\x9c\xee\xd7\xc6\xba\x42\x9f"
"\x96\xe8\x1d\xb3\x44\x46\x2f\x40\xe6\x7b\x55\x1b\x0a\x8f\x26\x9c\x97\x89\x8a\x63\xa9\xb9\x31\x87\xaf\x5f\x60\x43\x0f\x2f\x51\x39"
"\xb8\x5d\x5e\x07\xc7\x1c\xac\x9d\x7d\x38\xa9\x70\xae\xd4\xba\x2c\x64\xd0\x72\xc8\x8d\x48\x00\xf3\x64\x67\x51\xc7\xe9\x69\xa6\xe3"
"\xc5\xe3\x30\x9c\x48\xc1\x86\x34\xf2\xf5\xd3\x82\x6f\x1c\x0e\x13\x05\x77\x85\x94\x27\x63\xfb\xa1\xf9\x6c\x2e\xea\xcb\x78\x34\xf0"
"\x02\x20\xdf\xe0\x88\x47\x47\x66\x44\x8d\xd6\x4c\x10\xbe\xd7\x39\x1d\x35\x4a\x27\x59\xbc\x23\xc2\x79\xab\x6c\x74\x16\x1f\x13\xc6"
"\x87\xe9\x67\xb8\xe7\xe9\xe3\x70\x49\x1c\x03\x04\x2b\x33\xa5\x6e\xcc\x22\x48\xda\x38\x38\x0b\xf7\x8f\xb5\x30\xab\x55\xaa\xf4\xa9"
"\xdd\x3b\xa0\x77\x82\xc6\x1b\xe5\x7e\x1e\xcc\x9f\xaf\x9d\xb3\x4b\x60\x3c\xa8\xcd\xe0\x44\xb5\xe3\x61\x43\x96\xe8\x2c\x29\x7a\x2e"
"\x4b\x26\xf6\x1b\xd7\x2b\x8c\x02\xc1\x44\x5a\x0c\x64\x4d\x9c\x99\xf8\x47\xd1\x46\xa4\x2a\x46\xeb\xf0\xa6\x00\x19\xde\x1e\x62\xcd"
"\xec\x4e\xae\x8f\x7e\xf1\x0a\x92\x93\x23\x4d\x3a\x6c\x24\x57\x1b\x72\x0f\xb4\x07\x83\xe7\xd2\x6b\xde\x6f\x42\xfc\x7d\x5c\xe2\x85"
"\x20\x8b\x02\x2b\xb5\xaf\x5e\x69\x07\x4e\xf7\x8f\xbe\xb7\x27\x05\x1f\x7c\xad\x8b\xca\xe1\xbc\xd5\x57\xc8\xb8\x9d\x27\x83\x80\xec"
"\xf5\xe5\x88\xa1\x7d\x2c\x76\xf6\x00\xf4\x17\xf6\x89\x29\x0b\xfc\x48\x60\x9f\x29\x5d\x3a\x89\xbf\xf1\x07\xce\x23\x38\x31\x7e\xf1"
"\xb5\x39\x21\xca\xbc\x85\xed\xab\x1d\x0f\xec\x50\x3c\x60\xcc\xdd\x7a\x03\xfb\x2d\x5e\x93\x07\xea\x6c\xb2\x06\xfc\xce\xbe\x39\x77"
"\xd8\xbb\xd4\x1e\xf6\x51\x6a\xa2\x17\x9f\xbb\x9f\x63\x46\xe5\x87\xbd\xc8\xeb\x03\x12\xfd\x0f\x58\xed\xb2\xe6\xbb\xe3\xbd\xf7\x5c"
"\x38\x55\x55\xa3\xba\xd8\x81\xcf\x8e\xf7\xe5\x70\x01\x04\x6a\x38\xd3\xf9\x2e\xf3\x8e\x53\x43\xbf\xab\x75\xd5\x1b\x13\xff\x0a\x6b"
"\x34\x27\x09\xf8\x27\xa5\x55\x56\x66\xb0\x3a\xed\xd4\x8e\x77\xc2\x07\x51\xa0\x3a\x9d\x8f\xc3\x33\xc1\x0b\x59\xef\x6f\xe1\xe4\xa1"
"\x64\xa8\x0e\x4e\xf6\x43\x93\x82\x78\x46\x01\xe2\x33\xb3\xaa\x80\x6f\x58\xb2\x75\x86\xe4\x8d\x6d\x21\x23\x6f\x41\x27\x4f\xd1\x8e"
"\xf7\xb7\xc7\x5c\xea\xb3\xb8\x6f\xdc\xc6\xd3\xb0\xe3\xfb\x96\x6a\xc1\xdf\x24\x3b\xb8\xc4\x27\xce\x1b\x8e\xb0\x17\x4f\x43\x55\x38"
"\x4e\xc7\xdc\x7b\xf1\x1e\xe0\x3d\x07\xe9\x48\x7b\x6b\x55\x7c\x80\xcb\x7d\x81\x3f\x50\x4f\xef\x33\x5e\x6b\x52\x5d\x8e\xe1\xb6\xf5"
"\x0f\x5e\xac\x58\x68\x74\x67\xbc\x6c\xa9\xd1\xc3\x23\x35\x8a\xb0\xbf\xf0\xfe\x56\xda\xdd\x04\x95\xb7\x68\x8c\x46\xd2\x0c\x81\xf3"
"\x2f\x1a\x7c\x1e\x89\x94\x39\xf1\x6d\x7a\x87\x77\x82\xdd\xe1\x5b\x2b\xe3\xe8\xf8\xc8\x37\x2a\xb3\x5c\xe1\x7f\x0e\xc8\x5a\xc1\xe9"
"\xd1\x31\x1d\x4b\x1b\x15\x2a\x27\xe9\xf0\xa1\x9b\xcf\x0e\xf8\xf2\xf4\xc0\xf1\xe3\xc5\x8b\xe5\x37\x59\x33\xd5\x6b\x98\xc5\xaa\x31"
"\x15\xb0\x84\xd2\xbf\xb1\x56\x78\x46\x3e\xb4\x6f\xe6\x5b\xb3\xd5\xc1\xb9\xea\x29\xb5\x5f\x74\x7c\xfb\xf2\x90\xb3\x5b\x8f\x58\xc0"
"\xb5\x5b\xf4\x6e\xdb\xda\x86\x3d\x06\x02\xfd\x63\x5f\x16\x1b\xcc\xcc\x1e\x9f\x16\xf5\x4d\xdf\xbe\x38\xfc\x0b\x21\x84\x88\x63\x0e"
"\x0e\x00\x00";
static const ArdAssetChunk Json0[] PROGMEM = {
  {Json0_0,sizeof(Json0_0)-1},
};
#else
static const char Json0_0[] PROGMEM =
"\x1f\x8b\x08\x00\x00\x00\x00\x00\x02\xff\x7d\x56\xdb\x6e\xe3\x36\x10\xfd\x95\x41\xfa\xb2\x8b\xa6\x4e\xe4\xbb\xb3\x0f\x8b\x6c\xd2"
"\x60\x83\x66\x37\x6e\xec\xed\x3e\x16\x8c\x44\x59\x44\x24\x52\x15\x29\xbb\x86\x61\xa0\x5f\xd3\x5f\xe8\x7b\x3f\xa5\x5f\xd2\x19\x8a"
"\x23\xcb\xde\xb4\x2f\x86\x35\xc3\xdb\x39\x73\xe6\x90\xbb\xb3\x5a\xfd\x7a\x79\x19\x9d\x5d\x9d\x3d\x49\x91\x28\xbd\x02\xeb\x84\xab"
"\xed\x3f\x7f\xfc\x79\x76\xde\x24\xfb\x98\xbc\xd7\xa9\xe1\xef\x11\x7e\xdf\xca\xb5\x8a\x25\x47\xc6\x6d\x04\xb4\x28\xda\xf0\x04\xc3"
"\xd7\x73\x1f\x3a\x87\xcc\x58\x47\xff\x40\xe8\x04\x3e\xfd\xbc\x5c\xc2\xfd\x6d\x0f\x1e\xa4\x73\xb2\xb2\xe7\x90\xa8\x95\x72\xd6\x27"
"\xb3\x6d\x99\x49\x6d\xdf\x41\x9c\x09\xbd\x92\x16\x2a\x19\x1b\xad\x65\xec\x7a\xbc\xf2\x14\x57\x5e\x88\x75\xbb\xd3\x0c\xbf\xef\x44"
"\xec\x4c\xb5\xc5\xd1\x56\xba\x90\x88\x2e\x31\x71\x23\x74\x2c\x73\x8e\x10\xd4\xaf\xea\x87\x3b\x05\x38\xac\x2e\x39\x4c\x20\x17\xb1"
"\xd0\xa0\xa5\xdb\x98\xea\xc5\x72\x62\x40\x20\xd6\x42\xe5\xe2\x39\x97\xdf\x64\x87\xb4\x7e\x66\x8c\x45\x5c\x9c\xe4\x1c\xf1\xb4\x58"
"\xdc\xdf\xf2\xf7\xb8\xdd\xb9\x14\xd6\xe2\xc8\x84\x33\x44\xd4\x8f\x45\xe9\xb6\xf0\x22\x65\x69\xc1\x65\x12\x2c\xc2\x4b\xda\x91\x90"
"\x9a\x0a\xc3\xca\xf2\x26\x4c\x45\x44\x54\xdc\x34\xf4\x78\xf6\x3a\xb4\x44\x44\xcb\x4d\x2e\x45\x05\x7e\xdf\x10\xee\x5f\x72\xd8\x36"
"\x71\x3f\x0f\xcb\x5e\x61\x01\xae\xe7\x3d\x78\xc4\xfd\x2b\xa2\xc7\xa1\x1e\x88\xfe\x42\x28\xcd\x1b\xf6\xa3\xa6\xaa\x5d\xf6\xfa\xfd"
"\x50\xe9\xe6\x6c\x5d\x11\xf4\x89\xbf\xcf\x72\x83\x0b\x9f\xc2\xee\x0f\x5f\x81\xcd\x63\x7a\x10\x94\x83\xc8\xf3\xdc\x6c\x2c\x74\x04"
"\xd6\x83\x27\x96\x04\x88\x14\x05\xc4\x52\x69\x0f\x39\x0a\x02\xc1\x55\x38\x44\xf4\x7b\xdd\x1d\x9d\x9c\xa8\xff\x50\x99\x17\x5c\x43"
"\x24\x09\x6a\x87\x4b\x3b\xa0\x83\xcf\x4d\xc5\x52\x1a\xd0\x69\xbf\x58\x59\x75\xc0\x0d\x46\xbc\xe6\x09\xb4\xc1\xf8\x7f\xa0\x1d\x6a"
"\xf9\xec\x37\xbe\xa8\x71\xd5\x1e\x34\xc3\x9b\x10\xb6\x83\x25\xbd\x59\xdf\x29\x8c\x6a\x40\xb5\x7e\x5c\x5e\x43\x5d\x26\xc2\xb5\x87"
"\x98\x1d\x34\x98\xaa\xaa\xd8\x88\x8a\x53\x43\xaa\xf4\x61\x37\x23\x70\x73\xaa\x75\x9a\x0b\x9b\x41\x2e\xb6\xa6\x76\xb8\xf1\x62\x3e"
"\xe8\x5f\x81\x28\xcb\x5c\xc5\xc2\x29\xa3\xa1\xf7\xac\x34\x18\x9d\x6f\x79\xeb\x21\x55\xfd\xee\x64\x75\xaa\xfa\x97\x32\x37\x22\x39"
"\x3e\xd1\x90\xa8\xfb\x09\x71\x43\x69\x36\x08\xc6\x68\x2a\x58\x10\xd8\x06\x7b\x1b\x62\x53\x94\xb9\x74\xf2\xdd\x7f\xa9\x6c\x38\x6c"
"\x64\x6d\x4d\xde\xae\x4a\xe8\x97\xa6\x54\x31\x07\x08\xf8\x2f\x22\xaf\x79\xc4\x88\xe0\x2e\xa4\xe6\x2a\x8c\xbc\x54\xf5\x16\x1c\xcd"
"\x02\xf9\x7b\x2c\x4b\x07\xdf\x5d\x7c\xdf\x0b\x62\xba\x82\xb8\xd0\xc9\x05\x55\xf4\x02\x8f\x54\x20\x37\xe7\xb0\x92\xee\x24\x42\x8e"
"\x78\x14\xe2\x53\x8e\x1a\x06\x3a\xd0\x47\x04\xfd\xa3\x69\x15\x32\x1a\x06\x5f\xd1\x08\xf2\xe0\xa9\xa3\x91\x37\x5c\x04\x0f\x22\xcf"
"\x5b\x12\xde\x73\x7a\xdc\xc8\xf7\x78\xce\xe4\xd0\xe9\xe4\xd3\xbe\x75\x3b\xe9\xe9\x71\x9a\x84\xd3\xc9\x9e\x58\xc1\xfb\x4e\x07\xad"
"\x95\xa0\xb6\x0f\x23\xc7\x84\x00\xfe\xfe\x0b\xbe\x0a\xe5\x17\x22\xfd\x7c\x5e\x72\x1b\x8d\x87\xad\x8b\xa5\x68\x8a\x12\x1b\xf5\x26"
"\x93\xf1\x0b\x90\xd3\x5d\xb4\xdd\xcb\xa3\x09\xe7\x9b\x4c\x25\x89\xd4\x6f\x39\xf6\xfa\x6d\x31\xf6\xf0\x32\x55\x82\xdb\x96\x6d\x70"
"\xca\xc1\xd6\x46\xc7\xb3\x06\x67\xaa\x56\x75\x25\x83\x96\x43\x6e\x42\x02\x98\x67\x5b\x8b\x3a\xce\x8f\x33\x91\x17\x8f\xc3\x70\x26"
"\x05\x77\xff\xc4\xd7\x4f\x0b\xb6\x77\x0e\x13\x05\x77\x95\x94\x47\x63\x87\xa1\xf9\x6c\x29\xda\x9b\x6f\x32\xf2\x02\x70\xaa\x85\x31"
"\xf1\xe8\x50\x10\xbe\xd1\xba\x09\xc2\xf7\x3a\xa7\x93\x4e\xe9\x24\x8b\x77\x42\x38\x6f\x95\x8d\x4f\xe2\x53\xc2\xf8\x70\xfd\x19\xee"
"\x79\xfa\x34\x38\xf2\x21\x40\xb0\x0a\x53\xeb\xce\x2c\x82\xa4\x8d\x83\x93\xf0\xf0\x50\x0b\x93\xa6\xb9\xd2\xc7\xde\xea\x80\x2e\x65"
"\x8d\xf6\x7d\x3f\x0f\x4e\xcb\x1e\x7f\xe2\xb8\xd3\x51\x6b\x06\x47\xaa\x9d\x8e\x3b\xb2\x44\x67\xc9\xf1\x19\xc0\x92\x49\xfc\xc6\xed"
"\x0a\x93\x40\x30\x91\x96\x00\x59\x13\x67\x66\xfe\x05\xb2\x16\xb9\x4a\xd0\x3a\xbc\x29\x40\x81\x56\x2d\x56\xcc\xee\xec\xf2\xe0\x17"
"\xaf\x20\x39\x3a\xd2\x2c\x62\x23\xb9\x58\x93\x7b\xa0\x3d\x18\x3c\x97\x5e\xf1\x7e\x33\xe2\xef\xe3\x72\x39\x07\x59\x55\x58\xa9\x5d"
"\xf3\x24\xda\x73\x7a\x78\xf0\xbd\x1d\x29\x78\xef\x6b\x5d\x35\x0e\xe7\xad\xbe\x41\xc6\xed\x3c\x1b\x05\x64\xaf\x2f\x47\x0c\xed\x12"
"\xb1\xb5\x7b\xa0\x5f\xd8\x65\xa6\xae\xf0\x23\x83\x5d\xa1\x74\xed\x24\xfe\xc7\x3f\x38\x8f\xe0\x24\xf8\xc5\x77\xd4\x8c\x28\xf3\x16"
"\xb6\x6b\x76\xdc\xb3\x43\xf1\x80\x29\x77\xeb\x15\xec\x36\x2a\x55\x7b\xea\x6c\xb2\x06\xfc\x2e\x7e\x73\x6e\xbf\x73\xb9\xdd\xef\xe2"
"\xdc\xc4\x2f\x3e\x77\x3f\xc7\x8c\x2a\xf7\x3b\x51\xb6\x07\x24\xfa\x1f\xb0\xda\x75\xcb\x77\xe4\xbd\xf7\x54\x38\x4d\x55\xe3\xb6\xd8"
"\x81\xcf\xc8\xfb\x72\xb8\x00\x02\x35\x9c\x89\xbe\xc9\xbc\xe7\xd4\xd8\xef\x6a\x5d\xf3\xa0\xc3\x5f\x61\x8d\xe6\x24\x01\xff\xa4\xb4"
"\x2a\xea\x02\xd2\xe3\x4e\x8d\xbc\x13\x3e\x88\x0a\xd5\xe9\x7c\x1c\x9e\x09\x5e\xc8\x7a\x7f\x0b\x27\x0f\x25\x43\x75\x70\x72\x18\x9a"
"\x14\xc4\x33\x0a\x10\xdf\x74\x4d\x05\x7c\xc3\x92\xad\x33\x24\x6f\x6c\x0b\x19\x7b\x0b\x3a\x7a\xf7\x45\xde\xdf\x1e\x4b\xa9\x4f\xe2"
"\xbe\x71\x3b\xef\xb0\xc8\xf7\x2d\xd5\x82\xbf\x49\x76\xf0\x66\xf9\xb0\x78\xcb\x11\xf6\xe2\xeb\x50\x15\x8e\xd3\x31\x77\x5e\xbc\x7b"
"\xf8\xc0\x41\x3a\xd2\xce\x5a\x95\xec\xe1\xcd\xae\xc2\x3f\xa8\xa7\x0f\x05\xaf\x35\x6b\x2e\xc7\x70\xdb\xfa\xd7\x25\x56\x2c\x34\xba"
"\x33\x5e\xb6\xd4\xe8\xe1\x45\x18\xc7\xd8\x5f\x78\x7f\x2b\xed\xae\x82\xca\xcf\x69\x8c\x46\xd2\x0c\x81\xf3\x2f\x1a\x7c\x1e\x89\x9c"
"\x39\xf1\x6d\x7a\x87\x77\x82\xdd\x5a\x27\x0b\x8e\x4e\x0f\x7c\xa3\x32\xeb\x14\x9f\xe9\xc8\x5a\xc5\xe9\xc9\x21\x9d\x48\x1b\x57\xaa"
"\x24\xe9\xf0\xa1\xbb\xcf\x0e\xf8\xf2\xf4\xc0\xf1\xc3\xc5\x8b\xe5\x37\x45\x37\x35\xe8\x98\x45\xda\x99\x0a\x58\x42\xe9\xdf\x58\x29"
"\x9e\x91\x0f\xed\x9b\xf9\xd6\x6c\x74\x70\xae\x76\x4a\xeb\x17\x91\x6f\x5f\x1e\x72\x72\xeb\x11\x0b\xb8\xf6\x39\xbd\xdb\x36\xb6\x63"
"\x8f\x81\x40\xff\xb2\x96\xd5\x1a\x33\x37\x8f\x4f\x8b\xf6\xa6\xef\x9d\xed\xff\x05\xdc\xde\x89\x92\x7b\x0d\x00\x00";
static const ArdAssetChunk Json0[] PROGMEM = {
  {Json0_0,sizeof(Json0_0)-1},
};
#endif
#elif ARDPORTAL_ENABLE_OTA && ARDPORTAL_ENABLE_MQTT && !ARDPORTAL_ENABLE_CONSOLE
#if ARDPORTAL_ENABLE_MQTT_TLS
static const char Json0_0[] PROGMEM =
"\x1f\x8b\x08\x00\x00\x00\x00\x00\x02\xff\x7d\x57\xcd\x6e\x1b\x37\x10\x7e\x95\x81\x4f\x0e\xe0\x2a\xd6\xbf\xe4\x1c\x02\x45\x8e\x11"
"\xa3\x4e\xac\x5a\x4a\x73\x2c\xe8\x5d\xca\x4b\x78\x97\xdc\x90\x5c\x0b\x82\x20\x20\x4f\xd3\x57\xe8\xbd\x8f\xd2\x27\xe9\x0c\x97\xb3"
"\x5a\x29\x6e\x2f\x86\x38\xc3\x9d\xe1\x7c\xf3\x7d\x43\x7a\x77\x56\xa9\x3f\x2e\x2f\xbb\x67\x57\x67\x0f\x52\xa4\x4a\x3f\x81\xf3\xc2"
"\x57\xee\x9f\x1f\x7f\x9e\x5d\xd4\xce\x1e\x3a\x6f\xf5\xda\xf0\x7a\x88\xeb\x6b\xf9\xa2\x12\xc9\x96\x51\x63\x01\x2d\x8a\xc6\x3c\x46"
"\xf3\x6c\x11\x4c\x17\x90\x19\xe7\xe9\x17\x08\x9d\xc2\xe7\xdf\x56\x2b\xb8\xbd\xee\xc0\x9d\xf4\x5e\x5a\x77\x01\xa9\x7a\x52\xde\x05"
"\x67\xb6\x2d\x33\xa9\xdd\x3b\x48\x32\xa1\x9f\xa4\x03\x2b\x13\xa3\xb5\x4c\x7c\x87\x23\x4f\x30\xf2\x52\xbc\x34\x99\xa6\xb8\xbe\x11"
"\x89\x37\x76\x8b\xbb\x9d\xf4\xd1\xd1\xbd\x44\xc7\x5c\xe8\x44\xe6\x6c\xa1\x52\xbf\xa9\x5f\x6e\x14\xe0\xb6\xaa\x64\x33\x15\xb9\x4c"
"\x84\x06\x2d\xfd\xc6\xd8\x67\xc7\x8e\x3e\x15\xf1\x22\x54\x2e\x1e\x73\xf9\x93\x77\x40\xf1\x33\x63\x1c\xd6\xc5\x4e\xf6\x11\x4e\xcb"
"\xe5\xed\x35\xaf\x47\x4d\xe6\x52\x38\x87\x3b\x53\xf6\x10\x50\x1f\x8b\xd2\x6f\xe1\x59\xca\xd2\x81\xcf\x24\x38\x2c\x2f\x6d\x76\xc2"
"\xda\x58\x34\x2b\xc7\x49\x18\x8a\x2e\x41\x31\xaf\xe1\x09\xe8\xb5\x60\xe9\x12\x2c\xf3\x5c\x0a\x0b\x21\x6f\x34\xf7\x2e\xd9\xec\x6a"
"\x7b\xf8\x0e\xdb\x6e\xb1\x01\xb3\x45\x07\xee\x31\xbf\x25\x78\x3c\xf2\x81\xe0\x2f\x84\xd2\x9c\xb0\xd7\xad\xbb\xda\x46\xaf\xd7\x8b"
"\x9d\xae\xcf\xd6\x26\x41\x8f\xf0\xfb\x22\x37\x18\xf8\xb4\xec\xde\xe0\x95\xb2\x79\x4f\x07\x22\x73\xb0\xf2\x3c\x37\x1b\x07\x2d\x82"
"\x75\xe0\x81\x29\x01\x62\x8d\x04\x62\xaa\x34\x87\x1c\x46\x82\x60\x14\x36\x11\xfc\x81\x77\x47\x27\x27\xe8\x3f\x58\xf3\x8c\x31\x44"
"\x9a\x22\x77\xb8\xb5\x3d\x02\x76\x65\x85\x76\xa5\xb1\xcc\xa7\x1e\x21\xba\x9a\x73\xcc\x3e\x21\xb9\xba\x5b\xf2\x92\xa0\x99\xcf\x20"
"\x91\xd6\xab\xb5\x4a\x84\x97\x70\xbe\xf8\xf8\xf9\x0d\xfb\x7b\x41\x66\xdf\x2b\x85\x79\xc0\xdb\xca\x79\x6c\xf1\x7c\x76\x01\x85\xf0"
"\x49\x46\xe2\x3b\x52\xc9\x97\xd5\x02\xbc\xc2\x72\xf9\x7b\xc2\x72\x71\x38\x4d\x9f\x00\xfc\xea\xa4\x6d\xe1\xdd\x1f\x72\x99\x27\x68"
"\xf7\x47\xff\x83\xf6\x81\x5e\x8f\x01\x8b\xb7\x15\x46\xed\x40\xbd\xbd\x36\xa1\x42\x1d\x49\xc0\x05\xf1\x36\x47\x22\x94\xee\x57\x33"
"\xa8\xca\x14\xcb\x65\xeb\xf4\x20\x8b\xb5\xb2\xc5\x46\x58\x76\x0d\x08\xb2\x43\x36\x23\x30\x39\xd5\xba\xce\x85\xcb\x20\x17\x5b\x53"
"\x79\x4c\xbc\x5c\xf4\x7b\x57\x20\xca\x32\x27\x18\x95\xd1\xd0\x79\x54\x1a\x8c\xce\xb7\x9c\x7a\x40\x68\xdf\x9c\x44\x27\x84\xbf\x96"
"\xb9\x11\xe9\xf1\x89\x06\x04\xdd\xaf\x58\x37\x94\x66\x83\xc5\x18\x4d\x1c\x8a\x9c\xdf\xe0\xb8\x81\xc4\x14\x65\x2e\xbd\x7c\xf7\x5f"
"\xc4\x1f\x50\x51\xbf\x8b\xbc\xe2\x98\xc3\x3a\x59\x2b\xcb\x90\xb2\x7c\x32\x4d\x33\x86\x83\x38\x55\x34\xc6\x3b\x4c\xd4\xe1\x30\xf0"
"\x00\xf3\x80\xc8\xf3\x26\xdf\x7b\x76\x8f\x6a\xf2\x1e\x7f\x33\x3e\xe8\x9c\x88\x12\x84\xdb\x72\x4f\x8e\xdd\xd4\xa3\x96\xf7\x64\x10"
"\xbc\x6f\xe9\xe7\x45\x09\x12\x7d\xdc\x39\xa2\x0a\xe0\xef\xbf\xe0\x9b\x50\x21\x10\xb5\x0a\x79\xc8\xee\x41\x33\xc3\xd6\x38\x12\x25"
"\xca\x74\x9e\xc9\xe4\x19\x68\xce\xbd\x6d\xb4\xcb\xbb\xa9\xce\xf3\x4c\xa5\xa9\xd4\xac\x81\xd1\xeb\x77\xc5\x28\x94\x97\xa9\x12\xfc"
"\xb6\x6c\x8c\x13\x36\x36\x43\x74\x34\xad\xeb\x5c\xab\xa7\xca\xca\x48\x9b\xe8\x1b\x13\xb5\x16\xd9\xd6\x21\x65\xf2\x63\x0f\x51\x65"
"\x65\x3c\x9a\x33\x29\x58\xfb\xe3\xd0\x3f\x2d\x78\xb8\xb3\x99\x20\xb8\xb1\x52\x1e\xed\x1d\x44\x9e\xbb\x52\x34\xf7\xde\x78\x18\x08"
"\x40\x12\x65\x4b\xa8\x8e\x74\x4f\x9c\x6e\x3b\xa8\xbe\xd7\x31\x1d\xb7\x5a\x27\x59\xad\x63\xaa\xf3\x5a\xb9\xe4\xc4\x3e\xa1\x1a\xef"
"\x66\x5f\xe0\x96\x3f\x9f\xc4\x79\x7c\x30\x50\x59\x85\xa9\x74\xeb\x2b\x2a\x49\x1b\x0f\x27\xe6\xc1\xa1\x17\x66\xbd\xce\x95\x3e\x9e"
"\xac\x1e\xe8\x4a\xd6\x38\xbc\x6f\x17\x71\xce\xf2\x84\x3f\x99\xb7\x93\x61\xa3\xbb\x23\xd6\x4e\x46\x2d\x5a\xa2\x88\x73\x1c\x6f\x4c"
"\x99\x34\x24\x6e\x22\x8c\x23\xc0\x04\x5a\x0a\x34\x05\xa2\x67\x4a\xf5\x7c\x5a\xe1\x2c\x94\xd6\x22\x72\xbb\xfa\x81\xb2\x67\xf7\xe0"
"\x20\xf9\x1d\x31\x6a\x1f\xb0\xb7\xb5\xb8\xc3\x94\xab\x33\xb1\xbc\xa6\xc3\x98\xe9\xf5\x70\x74\xe2\x5d\x2a\xb6\x6e\x0f\xf4\x17\x76"
"\x99\xa9\x2c\x2e\x32\xd8\x15\x4a\x57\x5e\xe2\x6f\xfc\x81\xdf\x11\x50\x29\xae\xf8\xc6\x98\x4e\x58\x1c\x57\xb0\xdb\xe0\x05\xb0\x27"
"\x21\x91\x12\x71\x5d\x7c\xf7\x7e\xbf\xf3\xb9\xdb\xef\x92\xdc\x24\xcf\xc1\x77\xbb\x40\x8f\x2a\xf7\x3b\x51\x36\xf9\xa9\xf1\x77\x08"
"\x6e\x25\x9e\x22\x79\xba\x61\xf2\x9c\xf6\xa9\x06\x31\x69\xb0\x8d\x70\x75\x87\x97\xf5\x70\x09\xd5\xa7\xad\x67\x5a\x77\xd8\xfd\xc9"
"\xf3\x9e\x5d\xa3\x90\xd5\xf9\xfa\xf5\x84\x7f\x85\x33\x9a\x9d\xd4\x9a\xcf\x4a\xab\xa2\x2a\x60\x7d\x2c\x8c\x6e\x18\x3c\x77\xc2\x22"
"\x19\x7c\xb0\xc3\x23\x95\x17\xbd\x61\x9c\xc4\x93\xc7\x8e\x20\x3f\xd8\x39\x88\x9a\x00\xf1\x88\xfd\xc6\x07\x54\x0d\x70\xd0\x07\x4d"
"\x51\x2e\x29\xcc\x91\xa5\x4c\x82\xe2\x8f\x1e\x59\xdd\x30\x4e\xee\x4b\xa9\x4f\xec\x41\x27\xad\x47\x4f\x37\xc8\x84\x7a\xc1\x6b\x62"
"\x15\x9c\xe3\xe5\xfd\x86\x2d\x3c\xfa\x66\xb1\x2b\x6c\xa7\x63\xee\x5e\x68\xf0\xef\xe1\x03\x1b\xe9\x48\x3b\xe7\x54\xba\x87\xf3\x9d"
"\xc5\x1f\x48\x97\x0f\x05\xc7\x9a\x5e\x86\x13\xc7\x7b\x24\x3c\xe5\xb0\x63\x51\x57\xde\x04\x56\x92\xae\xe2\xf3\x2b\x49\xf0\xdd\x81"
"\x37\x93\xd2\xfe\x2a\x92\xf8\x82\xf6\x68\x04\xcd\x50\x71\xe1\xae\xc6\x8b\x5f\xe4\x8c\xc9\x24\x3c\x79\x71\x04\xbb\x2d\xbe\x22\x0a"
"\xb6\x4e\x0e\x78\x17\x42\x57\x6b\x7c\x13\x23\x6a\x96\xdd\xe3\x83\x3b\x95\x2e\xb1\xaa\x24\xea\xf0\xa1\xdb\x17\x2a\x7c\x7d\xb8\x63"
"\xfb\xe1\x9e\xc3\xf6\x9b\xa2\xed\xea\x87\xff\x0d\x10\x1c\x95\x36\x37\x3d\xf9\x01\x5b\x28\xc3\xeb\x61\x8d\x67\xe4\x43\x07\xad\x5e"
"\x9b\x8d\x8e\x83\xa2\xf9\xa4\x99\x18\xdd\xa0\x4e\xde\x72\x72\xc9\x10\x0a\x18\xfb\x82\x5e\x24\x1b\xd7\x9a\x46\x11\xc0\xf0\x8c\x95"
"\xf6\x05\x3d\xf3\xfb\x87\x65\x73\xb1\x76\xce\xf6\xff\x02\x8f\x7c\x2a\x8f\xe8\x0c\x00\x00";
static const ArdAssetChunk Json0[] PROGMEM = {
  {Json0_0,sizeof(Json0_0)-1},
};
#else
static const char Json0_0[] PROGMEM =
"\x1f\x8b\x08\x00\x00\x00\x00\x00\x02\xff\x7d\x56\xdb\x6e\xe3\x36\x10\xfd\x95\x41\x9e\x76\x81\xd4\x1b\x5f\xe4\x4b\xf6\x21\xc8\xa5"
"\xc1\x06\xcd\x6e\xdc\xd8\xdb\x7d\x2c\x18\x89\x8a\x88\x48\xa4\x2a\x52\x31\x0c\xc1\xc0\x7e\x4d\x7f\xa1\xef\xfd\x94\x7e\x49\x67\x28"
"\x8e\x2c\x7b\xd3\xbe\x18\xe6\x1c\x6a\x86\x73\xe6\xcc\x90\xcd\x49\xad\x7e\x3f\x3b\x1b\x9e\x9c\x9f\x3c\x4a\x91\x28\xfd\x0c\xd6\x09"
"\x57\xdb\x7f\xbe\xff\x79\x72\xda\x82\x23\x04\xef\x74\x6a\x78\x1d\xe1\xfa\x46\xbe\xaa\x58\xb2\x65\xda\x59\x40\x8b\xa2\x33\xcf\xd0"
"\x7c\xb9\xf4\xa6\x53\xc8\x8c\x75\xf4\x0f\x84\x4e\xe0\xf3\xaf\xeb\x35\xdc\xdd\x0c\xe0\x5e\x3a\x27\x2b\x7b\x0a\x89\x7a\x56\xce\x7a"
"\x30\xdb\x96\x99\xd4\xf6\x23\xc4\x99\xd0\xcf\xd2\x42\x25\x63\xa3\xb5\x8c\xdd\x80\x3d\xcf\xd1\xf3\x4a\xbc\x76\x91\x16\xb8\xbe\x15"
"\xb1\x33\xd5\x16\x77\x5b\xe9\x02\x30\x3c\x43\xe0\x5a\xe8\x58\xe6\x6c\xa1\x54\xbf\xa9\x9f\x6e\x15\xe0\xb6\xba\x64\x33\x25\xb9\x8a"
"\x85\x06\x2d\xdd\xc6\x54\x2f\x96\x81\x31\x25\xf1\x2a\x54\x2e\x9e\x72\xf9\x03\x3a\x21\xff\x99\x31\x16\xf3\x62\x90\x31\xe2\x69\xb5"
"\xba\xbb\xe1\xf5\xb4\x8b\x5c\x0a\x6b\x71\x67\xc2\x08\x11\xf5\x73\x51\xba\x2d\xbc\x48\x59\x5a\x70\x99\x04\x8b\xe9\x25\xdd\x4e\x48"
"\x4d\x85\x66\x65\x39\x08\x53\x31\x24\x2a\xae\x5b\x7a\x3c\x7b\x3d\x5a\x86\x44\xcb\x75\x2e\x45\x05\x3e\x6e\x30\x8f\xce\xd8\x6c\x5b"
"\xbb\xff\x0e\xcb\x5e\x61\x01\x2e\x97\x03\x78\xc0\xf8\x15\xd1\xe3\x50\x0f\x44\x7f\x21\x94\xe6\x80\xa3\x61\x5b\xd5\x3e\x7b\xa3\x51"
"\xa8\x74\x7b\xb6\xbe\x08\x46\xc4\xdf\x17\xb9\x41\xc7\xc7\x69\x8f\x26\x6f\xa4\xcd\x7b\x06\x10\x94\x83\x99\xe7\xb9\xd9\x58\xe8\x09"
"\x6c\x00\x8f\x2c\x09\x10\x29\x0a\x88\xa5\xd2\x1d\x32\x0a\x02\x41\x2f\x6c\x22\xfa\xbd\xee\x0e\x4e\x4e\xd4\x5f\x55\xe6\x05\x7d\x88"
"\x24\x41\xed\x70\x69\xc7\x74\xf0\xa5\xa9\x58\x4a\x63\x3a\xed\x57\x2b\xab\x5e\x72\xe3\x88\x7d\x1e\xa5\x36\x9e\xfe\x4f\x6a\xfb\x5a"
"\x3e\xf9\xc0\x1f\x6a\xf4\x3a\x80\x76\x7b\x6b\xc2\x76\xb0\xa4\x37\xeb\x3b\x85\xb3\x1a\x53\xad\x1f\xd6\x97\x50\x97\x89\x70\xdd\x21"
"\x16\x7b\x0d\xa6\xaa\x2a\x36\xa2\x62\x68\x42\x95\xde\x47\x33\x02\x83\x53\xad\xd3\x5c\xd8\x0c\x72\xb1\x35\xb5\xc3\xc0\xab\xe5\x78"
"\x74\x0e\xa2\x2c\x73\x15\x0b\xa7\x8c\x86\xc1\x93\xd2\x60\x74\xbe\xe5\xd0\x13\xaa\xfa\xed\x91\x77\xaa\xfa\xd7\x32\x37\x22\x39\x3c"
"\xd1\x84\xa8\xfb\x05\xf3\x86\xd2\x6c\x30\x19\xa3\xa9\x60\x41\x60\x1b\xec\x6d\x88\x4d\x51\xe6\xd2\xc9\x8f\xff\xa5\xb2\x09\x25\xf5"
"\x9b\xc8\x6b\xf6\x19\xb5\xc1\x7a\x51\x22\x8a\xf2\xc9\x74\xc5\x88\x26\xa1\x85\x35\xfa\xdb\x8f\xaf\x28\xf2\xb3\x0d\xe3\x80\xc8\xf3"
"\x2e\xde\x05\xc3\xd3\x56\x29\x87\xdf\xcc\xf6\x4d\x45\x23\xd1\x77\x49\x0f\x9e\x1f\xc2\x54\xa3\x1e\x7a\xd4\x75\x17\x3d\xb1\xbe\x2a"
"\x41\x1d\x16\x76\x4e\x29\x03\xf8\xfb\x2f\xf8\x26\x94\x77\x44\xa5\xfa\xb2\x66\xc5\x4e\x27\xdd\xc0\x48\x71\xfe\x48\xec\x89\xeb\x4c"
"\xc6\x2f\x40\x43\xe5\x43\xd7\x28\xbc\x9b\xf2\x7c\x97\xa9\x24\x91\xfa\x3d\xdb\xde\x1e\xcc\x53\x9f\x5e\xa6\x4a\x70\xdb\xb2\x33\xce"
"\xd9\xd8\x4d\xac\xe9\xa2\xcd\x33\x55\xcf\x75\x25\x83\x6c\x02\x36\x23\x69\x2d\xb3\xad\x45\xc9\xe4\x87\x08\x49\x65\x6d\x1c\x9a\x33"
"\x29\xb8\xd1\x66\xbe\x7e\x5a\xf0\x24\x65\x33\x51\x70\x5b\x49\x79\xb0\x77\x12\x74\x6e\x4b\xd1\x5d\x32\xb3\xc8\x0b\xc0\xa9\x2e\x8d"
"\x99\xcf\x0e\x05\xe1\x35\xdd\x07\x28\xbf\xb7\x39\x9d\xf5\x4a\x27\xb9\x5b\x67\x94\xe7\x8d\xb2\xf1\x91\x7d\x4e\x39\xde\x5f\x7e\x81"
"\x3b\xfe\x7c\x1e\x86\xdf\xde\x40\x69\x15\xa6\xd6\xbd\xaf\x28\x25\x6d\x1c\x1c\x99\x27\xfb\x5a\x98\x34\xcd\x95\x3e\x1c\x63\x0e\xe8"
"\xfe\xd3\x38\x29\xef\x96\x61\xa8\xf1\x38\x3d\x1a\x6e\xf3\xa8\xeb\xbb\x03\xd5\xce\xa7\x3d\x59\x62\x13\xe7\x78\xe3\xb2\x64\x12\x1f"
"\xb8\xf3\x30\x0b\x04\x13\x69\x09\xd0\x14\x08\xc8\x82\xf2\xf9\xb4\x5e\x2f\x41\x56\x15\x32\xd7\xb4\xaf\x81\x1d\xc3\x93\x7d\xcb\x37"
"\xa4\xa8\x9d\xe7\xbe\x6a\x9b\xdb\x4f\xb9\x36\x12\xb7\xd7\x22\x0a\x91\xde\x76\x47\x27\x6e\x12\xb1\xb5\x3b\xa0\x5f\x68\x32\x53\x57"
"\xb8\xc8\xa0\x29\x94\xae\x9d\xc4\xff\xf8\x07\xbf\x23\xa2\x12\x5c\xf1\x78\x5e\xcc\xb9\x39\xce\xa1\xd9\xa8\x54\xed\xa8\x91\xa8\x13"
"\x71\x5d\xfc\xe1\xdc\xae\x71\xb9\xdd\x35\x71\x6e\xe2\x17\x8f\xdd\x2d\x11\x51\xe5\xae\x11\x65\x17\x9f\x0a\x7f\x8f\xe4\xd6\xe2\x39"
"\x88\x67\xe8\x27\xcf\x71\x9d\x5a\x12\xe3\x8e\xdb\x40\xd7\x30\x3a\x6b\x87\x8b\xcf\x3e\xe9\xbd\x89\x86\xd1\xf0\x07\xe4\x82\xa1\xa9"
"\x8f\x6a\x5d\xfb\x54\xc1\x5f\x61\x8d\x66\x90\x4a\xf3\x59\x69\x55\xd4\x05\xa4\x87\x8d\x31\xf4\x83\xe7\x5e\x54\x28\x06\xe7\xed\xf0"
"\x44\xe9\x05\xd4\x8f\x93\x70\xf2\x50\x11\xd4\x07\x83\x93\xd0\x13\x20\x9e\xb0\xde\xf8\x5a\x69\x09\xf6\xfd\x41\x53\x94\x53\xf2\x73"
"\x64\x25\x63\xdf\xf1\x07\x2f\x9a\xa1\x1f\x27\x0f\xa5\xd4\x47\x76\xdf\x27\xbd\x17\xc6\xd0\xb7\x09\xd5\x82\xd7\xa4\x2a\x78\xb7\xbe"
"\x5f\xbd\x67\x0b\x8f\xbe\xcb\x50\x15\xb6\xd3\x31\x9b\x57\x1a\xfc\x3b\xb8\x62\x23\x1d\xa9\xb1\x56\x25\x3b\x78\xd7\x54\xf8\x07\xe5"
"\x72\x55\xb0\xaf\xc5\x99\x3f\x71\xb8\x47\xfc\xbb\x09\x2b\x16\xfa\xca\x19\xaf\x4a\xea\xab\xf0\xd6\x89\x63\xbc\xe4\xf1\x66\x52\xda"
"\x9d\x07\x11\x9f\xd2\x1e\x8d\xa4\x19\x4a\xce\xdf\xd5\x78\xf1\x8b\x9c\x39\x99\xfb\xf7\x25\x8e\x60\xbb\xb5\x4e\x16\x6c\x9d\xef\xf9"
"\x2e\x84\xae\x53\x7c\x80\x22\x6b\x15\xc3\xb3\x3d\x9c\x48\x1b\x57\xaa\x24\xe9\xf0\xa1\xfb\x17\x2a\x7c\x7d\xbc\x67\xfb\xfe\x9e\xc3"
"\xf2\x9b\xa2\x0f\x8d\xfd\x43\x1c\xc9\x51\x49\x77\xd3\x13\x0e\x58\x42\xe9\x5f\x0f\x29\x9e\x91\x0f\xed\x7b\xf5\xc6\x6c\x74\x18\x14"
"\xdd\x27\xdd\xc4\x18\xfa\xee\xe4\x2d\x47\x97\x0c\xb1\x80\xbe\x4f\xe9\x45\xb2\xb1\xbd\x69\x14\x08\xf4\x6f\x46\x59\xbd\x22\x72\xfd"
"\xf0\xb8\xea\x2e\xd6\xc1\xc9\xee\x5f\xa9\x73\x46\x19\x55\x0c\x00\x00";
static const ArdAssetChunk Json0[] PROGMEM = {
  {Json0_0,sizeof(Json0_0)-1},
};
#endif
#elif ARDPORTAL_ENABLE_OTA && !ARDPORTAL_ENABLE_MQTT && !ARDPORTAL_ENABLE_CONSOLE
#if ARDPORTAL_ENABLE_MQTT_TLS
static const char Json0_0[] PROGMEM =
"\x1f\x8b\x08\x00\x00\x00\x00\x00\x02\xff\x75\x56\xcd\x6e\xe3\x36\x10\x7e\x95\x41\x4e\xbb\x40\xea\x46\x8e\xe5\x9f\xec\x61\x91\x4d"
"\x36\xd8\xa0\xd9\xc4\x8d\xbd\xdd\x63\xc1\x48\x54\x44\x44\x22\x55\x91\x8a\x61\x08\x06\xfa\x34\x7d\x85\xde\xfb\x28\x7d\x92\xce\x50"
"\x1c\x59\xf6\xa6\x17\xc3\x9c\x8f\xe2\x70\xbe\xf9\x66\x86\xed\x49\xa3\x7e\x3f\x3b\x8b\x4e\x2e\x4e\x1e\xa5\x48\x95\x7e\x06\xeb\x84"
"\x6b\xec\xbf\x7f\xfe\x75\x72\xda\x81\x63\x04\x6f\x75\x66\x78\x1d\xe3\xfa\x5a\xbe\xaa\x44\xb2\x65\xda\x5b\x40\x8b\xb2\x37\xcf\xd0"
"\x7c\xb9\xf4\xa6\x53\xc8\x8d\x75\xf4\x0f\x84\x4e\xe1\xeb\xaf\xeb\x35\xdc\x5e\x8f\xe0\x4e\x3a\x27\x6b\x7b\x0a\xa9\x7a\x56\xce\x7a"
"\x30\xdf\x56\xb9\xd4\xf6\x03\x24\xb9\xd0\xcf\xd2\x42\x2d\x13\xa3\xb5\x4c\xdc\x88\x4f\x9e\xe3\xc9\x2b\xf1\xda\x7b\x5a\xe0\xfa\x46"
"\x24\xce\xd4\x5b\xdc\x6d\xa5\x0b\x40\x74\x86\xc0\x95\xd0\x89\x2c\xd8\x42\xa1\x7e\x57\x3f\xdd\x28\xc0\x6d\x4d\xc5\x66\x0a\x72\x95"
"\x08\x0d\x5a\xba\x8d\xa9\x5f\x2c\x03\xe7\x14\xc4\xab\x50\x85\x78\x2a\xe4\x0f\xe8\x84\xce\xcf\x8d\xb1\x18\x17\x83\x8c\x11\x4f\xab"
"\xd5\xed\x35\xaf\xa7\xbd\xe7\x4a\x58\x8b\x3b\x53\x46\x88\xa8\xcf\x65\xe5\xb6\xf0\x22\x65\x65\xc1\xe5\x12\x2c\x86\x97\xf6\x3b\x21"
"\x33\x35\x9a\x95\x65\x27\x4c\x45\x44\x54\x5c\x75\xf4\x78\xf6\x06\xb4\x44\x44\xcb\x55\x21\x45\x0d\xde\x6f\x30\x8f\xcf\xd8\x6c\x3b"
"\xbb\xff\x0e\xd3\x5e\x63\x02\x2e\x97\x23\x78\x40\xff\x35\xd1\xe3\x50\x0f\x44\x7f\x29\x94\x66\x87\xe3\xa8\xcb\xea\x90\xbd\xf1\x38"
"\x64\xba\xbb\xdb\x50\x04\x63\xe2\xef\x5e\x6e\xf0\xe0\xe3\xb0\xc7\x93\x37\xc2\xe6\x3d\x23\x08\xca\xc1\xc8\x8b\xc2\x6c\x2c\x0c\x04"
"\x36\x82\x47\x96\x04\x88\x0c\x05\xc4\x52\xe9\x2f\x19\x07\x81\xe0\x29\xc1\x74\x4e\x44\x3d\xac\x2f\xa1\xa9\x52\xe1\xf8\x7a\xe7\x8b"
"\x7d\x02\x33\x55\x97\x1b\x51\x33\x34\x21\x9a\x7a\xda\x9f\x8c\xc0\x2c\x10\x51\x59\x21\x6c\x0e\x85\xd8\x9a\xc6\x8d\xe0\xf3\x6a\x79"
"\x3e\xbe\x00\x51\x55\x85\x4a\x84\x53\x46\xc3\xe8\x49\x69\x30\xba\xd8\xf2\x6d\x26\x44\xd9\xcd\xd1\xe9\x44\xd9\xb7\xaa\x30\x22\x3d"
"\xbc\xd1\x84\x08\xfb\x05\xf9\x80\xca\x6c\x30\x32\xa3\x29\xda\x90\x9d\x0d\x16\x06\x24\xa6\xac\x0a\xe9\xe4\x87\xff\x4b\xd1\x84\x82"
"\xfa\x4d\x14\x0d\x9f\x19\x77\xce\x06\x5e\x62\xf2\xf2\xc5\xf4\x69\x8a\x27\x41\xff\x1a\xcf\xdb\xd7\x7e\x1c\xfb\xc6\x80\x7e\x40\x14"
"\x45\xef\xef\x23\xc3\xd3\x8e\xe6\xc3\x6f\x66\x7b\x45\x52\x3f\xf1\x12\x1b\xc0\x47\xa2\xfc\x38\xc8\xe5\xab\x12\x24\xc0\xb0\x73\x4a"
"\x77\x84\x7f\xfe\x86\xef\x42\xf9\x93\x28\x19\xf7\x6b\x4e\xe8\x74\xd2\xd7\x53\x86\xe5\x29\x51\x32\x57\xb9\x4c\x5e\x80\x6a\xee\xe7"
"\x5e\x47\xbc\x9b\x22\x79\x97\xab\x34\x95\xfa\x3d\xdb\xde\xee\x5b\x53\x1f\x40\xae\x2a\x70\xdb\xaa\x37\xce\xd9\xd8\x17\xf4\x74\xd1"
"\x05\x9a\xa9\xe7\xa6\x96\x41\x18\x01\x9b\x91\x78\x96\xf9\xd6\xa2\x28\x8a\x43\x84\xc4\xb0\x36\x0e\xcd\xb9\x14\x5c\x41\x33\x9f\x21"
"\x2d\xb8\xd1\xb0\x99\x28\xb8\xa9\xa5\x3c\xd8\x3b\x09\x4a\xb6\x95\xe8\x7b\xf0\x2c\xf6\x29\x76\xaa\x0f\x63\xe6\xa3\xc3\x94\x7b\xd5"
"\x0e\x01\x8a\xef\x6d\x4e\x67\x83\x6e\x22\xb9\x4e\x67\x14\xe7\xb5\xb2\xc9\x91\x7d\x4e\x31\xde\x5d\xde\xc3\x2d\x7f\x3e\x0f\xbd\x61"
"\x6f\xa0\xb0\x4a\xd3\xe8\xc1\x57\x14\x92\x36\x0e\x8e\xcc\x93\x7d\x2e\x4c\x96\x15\x4a\x1f\x56\xb9\x03\x1a\x0f\x1a\x1b\xc9\xed\x32"
"\xd4\x3c\x77\x9b\xa3\xda\x9f\xc7\x7d\x65\x1d\xe8\x72\x3e\x1d\xe8\x12\xcb\xb4\xc0\x81\xc4\x92\x49\xbd\xe3\xfe\x84\x59\x20\x98\x48"
"\x4b\x81\xea\x3c\x20\x0b\x8a\xe7\xcb\x7a\xbd\x04\x59\xd7\xc8\x5c\xdb\x0d\xcb\x1d\xc3\x93\x7d\x51\xb7\xa4\xa8\x9d\xe7\xbe\xee\xca"
"\xd7\xf7\xb7\xce\x13\x17\xd0\x22\x0e\x9e\xde\x3e\x8e\x6e\xdc\xa6\x62\x6b\x77\x40\xbf\xd0\xe6\xa6\xa9\x71\x91\x43\x5b\x2a\xdd\x38"
"\x89\xff\xf1\x0f\x7e\x47\x44\xa5\xb8\xe2\xc1\xb4\x98\x73\x71\x5c\x40\xbb\x51\x99\xda\x51\x21\xd1\xd8\xc5\x75\xf9\x87\x73\xbb\xd6"
"\x15\x76\xd7\x26\x85\x49\x5e\x3c\x76\xbb\x44\x44\x55\xbb\x56\x54\xbd\x7f\x4a\xfc\x1d\x92\xdb\x88\xe7\x20\x9e\xc8\xf7\x96\xe3\x3c"
"\x75\x24\x26\x3d\xb7\x81\xae\x28\x3e\xeb\xda\x87\x8f\x3e\x1d\x3c\x19\xa2\x38\xfa\x01\xf9\xc8\xd0\xd4\x7b\xb5\xae\x9b\xe4\xf8\x2b"
"\xac\xd1\x0c\x52\x6a\xbe\x2a\xad\xca\xa6\x84\xec\xb0\x30\xa2\x78\xee\xbf\xac\x51\x0c\xce\xdb\xe1\x89\xc2\x0b\xa8\x6f\x27\xe1\xe6"
"\x21\x23\xa8\x0f\x06\x27\xa1\x26\x40\x3c\x61\xbe\x71\x98\x77\x04\xfb\xfa\xa0\x3e\xc9\x21\xf9\x3e\xb2\x92\x89\xaf\xf8\x83\x81\x1f"
"\xf9\x76\xf2\x50\x49\x7d\x64\xf7\x75\x32\x18\xc0\x91\x2f\x13\xca\x05\xaf\x49\x55\xf0\x6e\x7d\xb7\x7a\xcf\x16\x6e\x7d\x97\x21\x2b"
"\x6c\xa7\x6b\xb6\xaf\xd4\xda\x77\xf0\x89\x8d\x74\xa5\xd6\x5a\x95\xee\xe0\x5d\x5b\xe3\x1f\x94\xcb\xa7\x92\xcf\x5a\x9c\xf9\x1b\x87"
"\x49\xe1\x9f\x15\x98\xb1\x50\x57\xce\x78\x55\x52\x5d\x85\xa7\x40\x92\x48\x6b\x71\xf6\x28\xed\x2e\x82\x88\x4f\x69\x8f\x46\xd2\x0c"
"\x05\xe7\xa7\xb4\xa9\xb1\x81\x31\x27\x73\xff\xfc\xc2\x16\x6c\xb7\xd6\xc9\x92\xad\xf3\x3d\xdf\xa5\xd0\x4d\x86\xef\x33\x64\xad\x66"
"\x78\xb6\x87\x53\x69\x93\x5a\x55\x24\x1d\xbe\xf4\x70\x64\xc2\xb7\xc7\x3b\xb6\xef\x27\x19\xa6\xdf\x94\x43\xe8\xdc\xbf\x53\x91\x1c"
"\x95\xf6\xb3\x9c\x70\xc0\x14\x4a\xff\xcc\xc8\xf0\x8e\x7c\x69\x5f\xab\xd7\x66\xa3\x43\xa3\xe8\x3f\xe9\x3b\x46\xe4\xab\x93\xb7\x1c"
"\x0d\x19\x62\x01\xcf\x3e\x85\xa7\x1a\x1f\x27\x83\x6e\x14\x08\xf4\x4f\x2a\x59\xbf\x22\x72\xf5\xf0\xb8\xea\x47\xe7\xe8\x64\xf7\x1f"
"\x82\x68\x55\x16\x74\x0b\x00\x00";
static const ArdAssetChunk Json0[] PROGMEM = {
  {Json0_0,sizeof(Json0_0)-1},
};
#else
static const char Json0_0[] PROGMEM =
"\x1f\x8b\x08\x00\x00\x00\x00\x00\x02\xff\x75\x56\xcd\x6e\xe3\x36\x10\x7e\x95\x41\x4e\xbb\x40\xea\x46\x8e\xe5\x9f\xec\x61\x91\x4d"
"\x36\xd8\xa0\xd9\xc4\x8d\xbd\xdd\x63\xc1\x48\x54\x44\x44\x22\x55\x91\x8a\x61\x08\x06\xfa\x34\x7d\x85\xde\xfb\x28\x7d\x92\xce\x50"
"\x1c\x59\xf6\xa6\x17\xc3\x9c\x8f\xe2\x70\xbe\xf9\x66\x86\xed\x49\xa3\x7e\x3f\x3b\x8b\x4e\x2e\x4e\x1e\xa5\x48\x95\x7e\x06\xeb\x84"
"\x6b\xec\xbf\x7f\xfe\x75\x72\xda\x81\x63\x04\x6f\x75\x66\x78\x1d\xe3\xfa\x5a\xbe\xaa\x44\xb2\x65\xda\x5b\x40\x8b\xb2\x37\xcf\xd0"
"\x7c\xb9\xf4\xa6\x53\xc8\x8d\x75\xf4\x0f\x84\x4e\xe1\xeb\xaf\xeb\x35\xdc\x5e\x8f\xe0\x4e\x3a\x27\x6b\x7b\x0a\xa9\x7a\x56\xce\x7a"
"\x30\xdf\x56\xb9\xd4\xf6\x03\x24\xb9\xd0\xcf\xd2\x42\x2d\x13\xa3\xb5\x4c\xdc\x88\x4f\x9e\xe3\xc9\x2b\xf1\xda\x7b\x5a\xe0\xfa\x46"
"\x24\xce\xd4\x5b\xdc\x6d\xa5\x0b\x40\x74\x86\xc0\x95\xd0\x89\x2c\xd8\x42\xa1\x7e\x57\x3f\xdd\x28\xc0\x6d\x4d\xc5\x66\x0a\x72\x95"
"\x08\x0d\x5a\xba\x8d\xa9\x5f\x2c\x03\xe7\x14\xc4\xab\x50\x85\x78\x2a\xe4\x0f\xe8\x84\xce\xcf\x8d\xb1\x18\x17\x83\x8c\x11\x4f\xab"
"\xd5\xed\x35\xaf\xa7\xbd\xe7\x4a\x58\x8b\x3b\x53\x46\x88\xa8\xcf\x65\xe5\xb6\xf0\x22\x65\x65\xc1\xe5\x12\x2c\x86\x97\xf6\x3b\x21"
"\x33\x35\x9a\x95\x65\x27\x4c\x45\x44\x54\x5c\x75\xf4\x78\xf6\x06\xb4\x44\x44\xcb\x55\x21\x45\x0d\xde\x6f\x30\x8f\xcf\xd8\x6c\x3b"
"\xbb\xff\x0e\xd3\x5e\x63\x02\x2e\x97\x23\x78\x40\xff\x35\xd1\xe3\x50\x0f\x44\x7f\x29\x94\x66\x87\xe3\xa8\xcb\xea\x90\xbd\xf1\x38"
"\x64\xba\xbb\xdb\x50\x04\x63\xe2\xef\x5e\x6e\xf0\xe0\xe3\xb0\xc7\x93\x37\xc2\xe6\x3d\x23\x08\xca\xc1\xc8\x8b\xc2\x6c\x2c\x0c\x04"
"\x36\x82\x47\x96\x04\x88\x0c\x05\xc4\x52\xe9\x2f\x19\x07\x81\xe0\x29\xc1\x74\x4e\x44\x3d\xac\x2f\xa1\xa9\x52\xe1\xf8\x7a\xe7\x8b"
"\x7d\x02\x33\x55\x97\x1b\x51\x33\x34\x21\x9a\x7a\xda\x9f\x8c\xc0\x2c\x10\x51\x59\x21\x6c\x0e\x85\xd8\x9a\xc6\x8d\xe0\xf3\x6a\x79"
"\x3e\xbe\x00\x51\x55\x85\x4a\x84\x53\x46\xc3\xe8\x49\x69\x30\xba\xd8\xf2\x6d\x26\x44\xd9\xcd\xd1\xe9\x44\xd9\xb7\xaa\x30\x22\x3d"
"\xbc\xd1\x84\x08\xfb\x05\xf9\x80\xca\x6c\x30\x32\xa3\x29\xda\x90\x9d\x0d\x16\x06\x24\xa6\xac\x0a\xe9\xe4\x87\xff\x4b\xd1\x84\x82"
"\xfa\x4d\x14\x0d\x9f\x19\x77\xce\x06\x5e\x62\xf2\xf2\xc5\xf4\x69\x8a\x27\x41\xff\x1a\xcf\xdb\xd7\x7e\x1c\xfb\xc6\x80\x7e\x40\x14"
"\x45\xef\xef\x23\xc3\xd3\x8e\xe6\xc3\x6f\x66\x7b\x45\x52\x3f\xf1\x12\x1b\xc0\x47\xa2\xfc\x38\xc8\xe5\xab\x12\x24\xc0\xb0\x73\x4a"
"\x77\x84\x7f\xfe\x86\xef\x42\xf9\x93\x28\x19\xf7\x6b\x4e\xe8\x74\xd2\xd7\x53\x86\xe5\x29\x51\x32\x57\xb9\x4c\x5e\x80\x6a\xee\xe7"
"\x5e\x47\xbc\x9b\x22\x79\x97\xab\x34\x95\xfa\x3d\xdb\xde\xee\x5b\x53\x1f\x40\xae\x2a\x70\xdb\xaa\x37\xce\xd9\xd8\x17\xf4\x74\xd1"
"\x05\x9a\xa9\xe7\xa6\x96\x41\x18\x01\x9b\x91\x78\x96\xf9\xd6\xa2\x28\x8a\x43\x84\xc4\xb0\x36\x0e\xcd\xb9\x14\x5c\x41\x33\x9f\x21"
"\x2d\xb8\xd1\xb0\x99\x28\xb8\xa9\xa5\x3c\xd8\x3b\x09\x4a\xb6\x95\xe8\x7b\xf0\x2c\xf6\x29\x76\xaa\x0f\x63\xe6\xa3\xc3\x94\x7b\xd5"
"\x0e\x01\x8a\xef\x6d\x4e\x67\x83\x6e\x22\xb9\x4e\x67\x14\xe7\xb5\xb2\xc9\x91\x7d\x4e\x31\xde\x5d\xde\xc3\x2d\x7f\x3e\x0f\xbd\x61"
"\x6f\xa0\xb0\x4a\xd3\xe8\xc1\x57\x14\x92\x36\x0e\x8e\xcc\x93\x7d\x2e\x4c\x96\x15\x4a\x1f\x56\xb9\x03\x1a\x0f\x1a\x1b\xc9\xed\x32"
"\xd4\x3c\x77\x9b\xa3\xda\x9f\xc7\x7d\x65\x1d\xe8\x72\x3e\x1d\xe8\x12\xcb\xb4\xc0\x81\xc4\x92\x49\xbd\xe3\xfe\x84\x59\x20\x98\x48"
"\x4b\x81\xea\x3c\x20\x0b\x8a\xe7\xcb\x7a\xbd\x04\x59\xd7\xc8\x5c\xdb\x0d\xcb\x1d\xc3\x93\x7d\x51\xb7\xa4\xa8\x9d\xe7\xbe\xee\xca"
"\xd7\xf7\xb7\xce\x13\x17\xd0\x22\x0e\x9e\xde\x3e\x8e\x6e\xdc\xa6\x62\x6b\x77\x40\xbf\xd0\xe6\xa6\xa9\x71\x91\x43\x5b\x2a\xdd\x38"
"\x89\xff\xf1\x0f\x7e\x47\x44\xa5\xb8\xe2\xc1\xb4\x98\x73\x71\x5c\x40\xbb\x51\x99\xda\x51\x21\xd1\xd8\xc5\x75\xf9\x87\x73\xbb\xd6"
"\x15\x76\xd7\x26\x85\x49\x5e\x3c\x76\xbb\x44\x44\x55\xbb\x56\x54\xbd\x7f\x4a\xfc\x1d\x92\xdb\x88\xe7\x20\x9e\xc8\xf7\x96\xe3\x3c"
"\x75\x24\x26\x3d\xb7\x81\xae\x28\x3e\xeb\xda\x87\x8f\x3e\x1d\x3c\x19\xa2\x38\xfa\x01\xf9\xc8\xd0\xd4\x7b\xb5\xae\x9b\xe4\xf8\x2b"
"\xac\xd1\x0c\x52\x6a\xbe\x2a\xad\xca\xa6\x84\xec\xb0\x30\xa2\x78\xee\xbf\xac\x51\x0c\xce\xdb\xe1\x89\xc2\x0b\xa8\x6f\x27\xe1\xe6"
"\x21\x23\xa8\x0f\x06\x27\xa1\x26\x40\x3c\x61\xbe\x71\x98\x77\x04\xfb\xfa\xa0\x3e\xc9\x21\xf9\x3e\xb2\x92\x89\xaf\xf8\x83\x81\x1f"
"\xf9\x76\xf2\x50\x49\x7d\x64\xf7\x75\x32\x18\xc0\x91\x2f\x13\xca\x05\xaf\x49\x55\xf0\x6e\x7d\xb7\x7a\xcf\x16\x6e\x7d\x97\x21\x2b"
"\x6c\xa7\x6b\xb6\xaf\xd4\xda\x77\xf0\x89\x8d\x74\xa5\xd6\x5a\x95\xee\xe0\x5d\x5b\xe3\x1f\x94\xcb\xa7\x92\xcf\x5a\x9c\xf9\x1b\x87"
"\x49\xe1\x9f\x15\x98\xb1\x50\x57\xce\x78\x55\x52\x5d\x85\xa7\x40\x92\x48\x6b\x71\xf6\x28\xed\x2e\x82\x88\x4f\x69\x8f\x46\xd2\x0c"
"\x05\xe7\xa7\xb4\xa9\xb1\x81\x31\x27\x73\xff\xfc\xc2\x16\x6c\xb7\xd6\xc9\x92\xad\xf3\x3d\xdf\xa5\xd0\x4d\x86\xef\x33\x64\xad\x66"
"\x78\xb6\x87\x53\x69\x93\x5a\x55\x24\x1d\xbe\xf4\x70\x64\xc2\xb7\xc7\x3b\xb6\xef\x27\x19\xa6\xdf\x94\x43\xe8\xdc\xbf\x53\x91\x1c"
"\x95\xf6\xb3\x9c\x70\xc0\x14\x4a\xff\xcc\xc8\xf0\x8e\x7c\x69\x5f\xab\xd7\x66\xa3\x43\xa3\xe8\x3f\xe9\x3b\x46\xe4\xab\x93\xb7\x1c"
"\x0d\x19\x62\x01\xcf\x3e\x85\xa7\x1a\x1f\x27\x83\x6e\x14\x08\xf4\x4f\x2a\x59\xbf\x22\x72\xf5\xf0\xb8\xea\x47\xe7\xe8\x64\xf7\x1f"
"\x82\x68\x55\x16\x74\x0b\x00\x00";
static const ArdAssetChunk Json0[] PROGMEM = {
  {Json0_0,sizeof(Json0_0)-1},
};
#endif
#elif !ARDPORTAL_ENABLE_OTA && ARDPORTAL_ENABLE_MQTT && ARDPORTAL_ENABLE_CONSOLE
#if ARDPORTAL_ENABLE_MQTT_TLS
static const char Json0_0[] PROGMEM =
"\x1f\x8b\x08\x00\x00\x00\x00\x00\x02\xff\x7d\x56\xdb\x6e\xe3\x36\x10\xfd\x95\x41\xfa\x92\x45\x53\x27\x72\x7c\xdd\x3e\x2c\xbc\xce"
"\x06\x1b\x20\xc9\xba\x6b\x6f\xf7\xb1\x60\x24\xda\x22\x22\x91\x5a\x92\x72\xd6\x10\x0c\xf4\x6b\xfa\x0b\x7d\xef\xa7\xf4\x4b\x3a\x43"
"\x69\x64\xd9\x1b\xf4\xc5\x30\x67\x28\x92\x73\xe6\x9c\x43\x56\x67\xa5\xfa\xe3\xea\x2a\x3a\x7b\x7b\xf6\x59\x8a\x44\xe9\x0d\x38\x2f"
"\x7c\xe9\xfe\xfd\xf3\xaf\xb3\x8b\x3a\xd9\xc7\xe4\x9d\x5e\x1b\x1e\x0f\x71\x7c\x23\xb7\x2a\x96\x1c\x19\xb5\x11\xd0\x22\x6f\xc3\x63"
"\x0c\xcf\x16\x21\x74\x01\xa9\x71\x9e\xfe\x81\xd0\x09\x3c\xfc\xb6\x5a\xc1\xdd\x4d\x0f\xee\xa5\xf7\xd2\xba\x0b\x48\xd4\x46\x79\x17"
"\x92\xe9\xae\x48\xa5\x76\xbf\x42\x9c\x0a\xbd\x91\x0e\xac\x8c\x8d\xd6\x32\xf6\x3d\x5e\x79\x82\x2b\x2f\xc5\xb6\xdd\x69\x8a\xe3\x5b"
"\x11\x7b\x63\x77\x38\xdb\x49\xdf\x24\xa2\x2b\x4c\xcc\x85\x8e\x65\xc6\x11\x2a\xf5\xab\xfa\xe5\x56\x01\x4e\x2b\x0b\x0e\x53\x91\xcb"
"\x58\x68\xd0\xd2\xbf\x18\xfb\xec\x38\x71\x4d\x45\x6c\x85\xca\xc4\x53\x26\x7f\xc8\x0e\x68\xfd\xd4\x18\x87\x75\x71\x92\x73\x84\xd3"
"\x72\x79\x77\xc3\xe3\x51\xbb\x73\x21\x9c\xc3\x99\x09\x67\x08\xa8\x0f\x79\xe1\x77\xf0\x2c\x65\xe1\xc0\xa7\x12\x1c\x96\x97\xb4\x33"
"\x61\x6d\x2c\x86\x95\xe3\x4d\x18\x8a\x88\xa0\x98\xd7\xf0\x04\xf4\x3a\xb0\x44\x04\xcb\x3c\x93\xc2\x42\xd8\xb7\x09\xf7\xaf\x38\xec"
"\xea\x78\xf8\x0e\xdb\x6e\xb1\x01\xb3\x45\x0f\x3e\xe1\xfe\x96\xe0\xf1\xc8\x07\x82\x3f\x17\x4a\xf3\x86\xfd\xa8\xee\x6a\x17\xbd\x7e"
"\xbf\xe9\x74\x7d\xb6\x2e\x09\xfa\x84\xdf\xa3\x7c\xc1\x85\x4f\xcb\xee\x0f\x5e\x29\x9b\xe7\xf4\xa0\x61\x0e\x56\x9e\x65\xe6\xc5\x41"
"\x87\x60\x3d\xf8\xcc\x94\x00\xb1\x46\x02\x31\x55\xda\x43\x0e\x1b\x82\xe0\x2a\x1c\x22\xf8\x03\xef\x8e\x4e\x4e\xd0\xbf\xb7\xe6\x19"
"\xd7\x10\x49\x82\xdc\xe1\xd6\xf6\x09\xd8\x95\x15\xda\x15\xc6\x32\x9f\xfa\x84\xe8\x6a\xce\x6b\x5e\x13\x92\xab\xfb\x25\x0f\x09\x9a"
"\xf9\x0c\x62\x69\xbd\x5a\xab\x58\x78\x09\xe7\x8b\x0f\x0f\x6f\x38\xdf\x0f\x32\xfb\x56\x2a\xdc\x07\xbc\x2d\x9d\xc7\x16\xcf\x67\x17"
"\x90\x0b\x1f\xa7\x24\xbe\x23\x95\x3c\xae\x16\xe0\x15\x96\xcb\xdf\x13\x96\x8b\xc3\x69\xae\x09\xc0\x2f\x4e\xda\x0e\xde\xd7\x43\x2e"
"\xf3\x04\xed\xeb\xd1\xff\xa0\x7d\xa0\xd7\x53\xc0\xe2\xb2\xc4\x55\x7b\x50\x4f\xaf\x43\xa8\x50\x47\x12\x70\x41\xbc\x7c\xa4\x01\x95"
"\x7c\xab\x6c\xfe\x22\x2c\x1f\x61\x30\xa8\x29\xe9\x4c\xd6\x86\x02\x98\xa6\x50\x31\x07\x08\xc8\xdf\x45\x56\xf2\x8c\x21\x41\xb9\x94"
"\x9a\x8f\x3b\x0c\x34\xd3\x3b\xf0\xf4\x15\xc8\xef\xb1\x2c\x3c\xfc\x74\xf9\x73\xaf\x21\xc2\x5b\x88\x73\x9d\x5c\x52\xe9\x97\xb1\xc9"
"\x73\x04\xec\x02\x36\xd2\x9f\x44\xc8\xcd\x8e\x42\x7c\xf2\x21\x81\xf9\xd1\xb4\xc0\x0d\x07\x8d\x03\x68\xec\xc3\xc1\xfd\x86\xc3\xd0"
"\x33\xe4\x0c\x88\x2c\x6b\x45\xf1\x8e\xd3\xa3\x9a\x68\xc7\xdf\x8c\x0f\x9a\xa4\xa6\x06\x91\x75\xd2\x93\xe3\x34\xe1\xd9\xc9\x9e\x88"
"\xf6\x5d\x87\xeb\x5b\x25\x48\xa0\xcd\xcc\x11\x55\x00\xff\xfc\x0d\x5f\x85\x0a\x0b\x51\x13\x91\x33\x9c\x1e\xb4\x7e\xb3\x46\xfb\x92"
"\x28\xa9\x79\x2a\xe3\x67\x20\x4f\xba\x6c\x75\xc6\xb3\xa9\xce\xf3\x54\x25\x89\xd4\xcc\xd7\xd1\xeb\xbe\x3e\x0a\xe5\xa5\xaa\x00\xbf"
"\x2b\xda\xe0\x84\x83\xad\xe1\x8d\xa6\x75\x9d\x6b\xb5\x29\x2d\x12\x7d\x9d\x09\x97\x36\xb9\x31\xb5\x7b\x91\xee\x1c\xaa\x24\x3b\xce"
"\x44\x81\x2a\x1e\xc3\xa9\x14\xac\xd3\x31\x49\xe7\x8b\x16\x6c\xc4\x1c\x26\x08\x6e\xad\x94\x47\x73\xa9\xf0\x4f\xab\x19\xb8\x42\xb4"
"\x77\xd4\x98\xea\xfb\x52\x90\x9c\x38\x12\xaa\x23\x8d\x92\xd6\xba\x09\xaa\xef\x75\x4c\xc7\x9d\xd6\x49\xa6\xea\x98\xea\xbc\x51\x2e"
"\x3e\x89\x4f\xa8\xc6\xfb\xd9\x23\xdc\xf1\xe7\x93\xc6\x3b\x0f\x01\x2a\x2b\x37\xa5\xee\x7c\x45\x25\x69\xe3\xe1\x24\x3c\x38\xf4\xc2"
"\xac\xd7\x99\xd2\xc7\x2e\xe8\x81\xae\x4f\x8d\x46\x7b\xb7\x68\x3c\x91\xdd\xf8\xc4\x1b\x27\xd3\x70\x9f\x6f\x45\xa6\x12\x88\x6b\x99"
"\x42\x8e\xc6\x27\x36\x8c\xc0\xf4\xea\xa0\xe0\x57\x76\x3b\x22\xfb\x34\x62\x69\x5f\x6e\x49\xcf\x28\x58\x03\x99\xd1\x1b\xde\x6f\x4a"
"\x35\x7e\x5c\xa1\x97\x49\x6b\x11\xcd\xaa\x7e\x60\xec\x39\x4d\x6d\xa8\x12\xb1\x73\x7b\xa0\x5f\xa8\x52\x53\x5a\x1c\xa4\x50\xe5\x4a"
"\x97\x5e\xe2\x7f\xfc\x83\xdf\xd1\xfe\x09\x8e\xd8\xa2\xa7\xd4\xa8\xe0\x02\x55\x12\x90\xd9\xb3\xc8\x79\xc2\x84\x25\xf0\x16\xaa\x17"
"\xb4\xe4\x3d\xc9\x85\xf4\x86\xe3\xfc\x9b\xf7\xfb\xca\x67\x6e\x5f\xc5\x99\x89\x9f\x43\xee\x6e\x81\x19\x55\xec\x2b\x51\xb4\x07\x24"
"\xbc\xee\x11\xc2\xb2\x05\x28\x0a\xf6\x75\xda\x8d\x5a\x5d\x8c\x91\xe1\x1b\x33\x0a\xd6\x86\x16\x42\x17\x2c\x24\x9d\x87\x53\x34\x8c"
"\x7e\xc8\xbc\xe3\xd4\x28\xec\xea\x7c\xfd\x9e\xc1\x5f\xe1\x8c\xe6\x24\x15\xfe\xa0\xb4\xca\xcb\x1c\xd6\xc7\xf4\x8f\x82\xbd\xdc\x0b"
"\x8b\x2d\xf7\x21\x0e\x4f\x54\x5e\x93\x0d\xa6\xd1\x9c\xdc\xd6\x3b\x63\x3b\x39\x39\x68\x98\x0f\xe2\xc9\x94\xf8\x0b\x75\x07\x82\x0a"
"\xc8\x2b\xb9\xa4\xe0\x16\x4b\x19\x07\x5d\x1f\x3d\x7b\xa2\x60\x1a\x9f\x0a\xa9\x4f\xe2\x41\x0d\x9d\x67\x48\x14\xc4\x40\xbd\xe0\x31"
"\xf1\x04\xce\xf1\x3a\x7d\xc3\x11\x36\xb8\x59\xd3\x15\x8e\xd3\x31\xab\xc0\xb6\x3d\xbc\xe7\x20\x1d\xa9\x72\x4e\x25\x7b\x38\xaf\x2c"
"\xfe\x41\x3e\xbd\xcf\x79\xad\x69\x7d\xbf\x34\x4f\x9a\xf0\xb8\xc2\x8e\x35\xea\xf1\x26\xdc\x86\xa4\x9e\xe6\x41\x14\xc7\x28\x08\x28"
"\x8c\xd2\x1e\xb7\x26\xf3\xdb\x5f\xd0\x1c\x8d\xa0\x19\x2a\x2e\xdc\x9e\x78\x15\x8b\x8c\x31\x09\xba\xba\x45\xa3\x75\x3b\xbc\xd7\x73"
"\x8e\x4e\x0e\x78\x23\x33\xcb\x35\xbe\x52\x11\x35\xcb\xe9\xf1\x21\x9d\x48\x17\x5b\x55\x10\x75\xce\xf6\xff\x01\x16\xad\x18\xd2\x99"
"\x0b\x00\x00";
static const ArdAssetChunk Json0[] PROGMEM = {
  {Json0_0,sizeof(Json0_0)-1},
};
#else
static const char Json0_0[] PROGMEM =
"\x1f\x8b\x08\x00\x00\x00\x00\x00\x02\xff\x7d\x56\xdb\x6e\xe3\x36\x10\xfd\x95\x41\xfa\x92\x45\x53\x3b\x72\x7c\x4d\x1f\x82\x6c\xd2"
"\x60\x03\x64\x13\x77\xed\x74\x1f\x0b\x46\xa2\x2d\x22\x12\xa9\x92\x94\xb3\x86\x60\xa0\x5f\xd3\x5f\xe8\x7b\x3f\xa5\x5f\xd2\x19\x4a"
"\x23\xcb\xde\xa0\x2f\x82\x78\x86\x22\x79\xce\x9c\x19\xaa\x3a\x29\xd5\xef\xe7\xe7\xd1\xc9\xe5\xc9\x17\x29\x12\xa5\xd7\xe0\xbc\xf0"
"\xa5\xfb\xf7\xcf\xbf\x4e\xce\xea\xe0\x00\x83\xf7\x7a\x65\x78\x3c\xc2\xf1\xad\xdc\xa8\x58\x32\x32\x6e\x11\xd0\x22\x6f\xe1\x09\xc2"
"\xd7\xf3\x00\x9d\x41\x6a\x9c\xa7\x37\x10\x3a\x81\xcf\xbf\x2e\x97\x70\x7f\xdb\x83\x07\xe9\xbd\xb4\xee\x0c\x12\xb5\x56\xde\x85\x60"
"\xba\x2d\x52\xa9\xdd\xcf\x10\xa7\x42\xaf\xa5\x03\x2b\x63\xa3\xb5\x8c\x7d\x8f\x57\x9e\xe2\xca\x0b\xb1\x69\x77\x9a\xe1\xf8\x4e\xc4"
"\xde\xd8\x2d\xce\x76\xd2\x37\x81\xe8\x1c\x03\x37\x42\xc7\x32\x63\x84\xa8\x7e\x55\x3f\xdd\x29\xc0\x69\x65\xc1\x30\x91\x5c\xc4\x42"
"\x83\x96\xfe\xcd\xd8\x57\xc7\x81\x0b\x22\xb1\x11\x2a\x13\x2f\x99\xfc\x2e\x3a\xa4\xf5\x53\x63\x1c\xf2\xe2\x20\xc7\x48\xa7\xc5\xe2"
"\xfe\x96\xc7\xe3\x76\xe7\x42\x38\x87\x33\x13\x8e\x90\x50\xbf\xe4\x85\xdf\xc2\xab\x94\x85\x03\x9f\x4a\x70\x48\x2f\x69\x67\xc2\xca"
"\x58\x84\x95\xe3\x4d\x58\x8a\x88\xa4\xb8\xa9\xe5\x09\xea\x75\x64\x89\x48\x96\x9b\x4c\x0a\x0b\x61\xdf\x06\x1e\x9c\x33\xec\x6a\x3c"
"\x7c\x87\x69\xb7\x98\x80\xeb\x79\x0f\x9e\x70\x7f\x4b\xf2\x78\xf4\x03\xc9\x9f\x0b\xa5\x79\xc3\x41\x54\x67\xb5\xab\xde\x60\xd0\x64"
"\xba\x3e\x5b\xd7\x04\x03\xd2\xef\x51\xbe\xe1\xc2\xc7\xb4\x07\xc3\x77\x68\xf3\x9c\x1e\x34\xce\x41\xe6\x59\x66\xde\x1c\x74\x0c\xd6"
"\x83\x2f\x6c\x09\x10\x2b\x34\x10\x5b\xa5\x3d\xe4\xa8\x31\x08\xae\xc2\x10\xc9\x1f\x7c\x77\x70\x72\x92\xfe\xa3\x35\xaf\xb8\x86\x48"
"\x12\xf4\x0e\xa7\xf6\x82\x0e\x3e\x37\x96\xad\x74\x41\xa7\x7d\x76\xd2\x76\xc8\x5d\x8c\x78\xcd\x23\x6a\x17\xe3\xff\xa1\xb6\xcf\xe5"
"\x4b\xd8\xb8\x5f\xe2\xaa\x3d\xa8\xa7\xd7\x10\x96\x83\x23\xbf\xb9\x50\x29\xcc\x6a\x48\xd2\xdf\x29\x9b\xbf\x09\xcb\x47\x18\x0e\xeb"
"\xfc\x3b\x93\xb5\x10\x59\x62\x69\x0a\x15\x33\x40\x3e\xf8\x4d\x64\x25\xcf\x18\x91\x03\x16\x52\xf3\x71\x47\x21\xa7\x7a\x0b\x9e\xbe"
"\x02\xf9\x2d\x96\x85\x87\x1f\xfa\x3f\xf6\x1a\xd5\x2f\x21\xce\x75\xd2\x27\xea\xfd\xd8\xe4\x39\x1a\xe6\x0c\xd6\xd2\x1f\x21\xd4\x3a"
"\x0e\x20\x3e\xf9\x88\xc4\xfc\x64\x5a\xe1\x46\xc3\xa6\xdc\x34\x3a\x6c\xdf\x6a\x46\xa3\xd0\x87\x30\x41\x20\xb2\xac\x75\xe0\x15\x87"
"\xc7\x75\x56\x0f\xbf\x99\xec\x0b\x80\xda\x57\x70\x74\x27\x3c\x3d\x0c\x93\x9e\x9d\xe8\x51\x85\x5c\x75\x8c\xb5\x51\x82\xaa\xa1\x99"
"\x39\x26\x06\xf0\xcf\xdf\xf0\x55\xa8\xb0\x10\x25\xf1\x71\xc9\xee\x1a\x0f\xdb\xe2\x5e\x61\xaf\x90\xe8\xdf\x9b\x54\xc6\xaf\x40\x0d"
"\xa0\xdf\x9a\x9a\x67\x13\xcf\xd3\x54\x25\x89\xd4\x1f\x18\x7b\xbf\x89\x8e\x03\xbd\x54\x15\xe0\xb7\x45\x0b\x4e\x19\x6c\xbb\xcb\x78"
"\x56\xf3\x5c\xa9\x75\x69\xb1\x71\xac\x32\xe1\xd2\x26\x36\xa1\x74\xcf\xd3\xad\x53\xb1\xc8\x0e\x23\x51\xb0\x8a\x47\x38\x95\x82\x8b"
"\x62\x42\xe5\xfc\xac\x05\x77\x3d\x86\x49\x82\x3b\x2b\xe5\xc1\x5c\x22\xfe\xb4\xbc\x06\x57\x88\xf6\x42\x98\x10\xbf\xe7\xc2\xab\x96"
"\xc6\x24\xb0\x13\xbe\x6e\xff\xdd\x00\xf1\x7b\x5f\xd3\x49\x27\x75\x92\xad\x3a\x21\x9e\xb7\xca\xc5\x47\xf8\x94\x38\x3e\x5c\x3f\xc2"
"\x3d\x7f\x3e\x6d\x1a\xd5\x1e\x20\x5a\xb9\x29\x75\xe7\x2b\xa2\xa4\x8d\x87\x23\x78\xb8\xcf\x85\x59\xad\x32\xa5\x0f\x5b\x8e\x07\xba"
"\xab\x34\x76\xb5\xfb\x79\xd3\x80\xb8\xf5\x1d\x35\xa2\xe9\x2c\x5c\x9e\x1b\x91\xa9\x04\xe2\xba\x4c\x21\xc7\x2e\x23\xd6\xac\xc0\xec"
"\x7c\x5f\xc1\xef\xec\x76\x60\xf6\x59\xc4\xa5\xdd\xdf\x50\x3d\x63\xc1\x1a\xc8\x8c\x5e\xf3\x7e\x33\xe2\xf8\x69\xb9\x9c\x83\xb4\x16"
"\xd5\xac\xea\xdb\x7c\xc7\x61\x4a\x43\x95\x88\xad\xdb\x01\x3d\xa1\x4a\x4d\x69\x71\x90\x42\x95\x2b\x5d\x7a\x89\xef\xf8\x82\xdf\xd1"
"\xfe\x09\x8e\xb8\x1f\xce\x28\x51\xa1\x0b\x54\x49\x50\x66\xc7\x45\xce\x13\xa6\x5c\x02\x97\x50\xbd\xa9\x95\xda\x51\xb9\x50\xbd\xe1"
"\x38\xff\xc3\xfb\x5d\xe5\x33\xb7\xab\xe2\xcc\xc4\xaf\x21\x76\x3f\xc7\x88\x2a\x76\x95\x28\xda\x03\x92\x5e\x0f\x28\x61\xd9\x0a\x14"
"\x85\xf6\x75\x9c\x8d\xba\xba\x58\x23\xc3\xd7\x53\x14\x5a\x1b\xb6\x10\xba\xcd\x20\xe9\xfc\xa5\x44\xa3\xe8\xbb\xc8\x15\x87\xc6\x61"
"\x57\xe7\xeb\x9f\x07\x7c\x0a\x67\x34\x07\x89\xf8\x67\xa5\x55\x5e\xe6\xb0\x3a\xb4\x7f\x14\xda\xcb\x83\xb0\x98\x72\x1f\x70\x78\x21"
"\x7a\x4d\x34\x34\x8d\xe6\xe4\xb6\xde\x19\xd3\xc9\xc1\x61\xe3\x7c\x10\x2f\xa6\xc4\x27\xd4\x19\x08\x55\x40\xbd\x92\x29\x85\x6e\xb1"
"\x90\x71\xa8\xeb\x83\x7f\x8c\x28\x34\x8d\xa7\x42\xea\x23\x3c\x54\x43\xe7\xce\x8f\x42\x31\x50\x2e\x78\x4c\x3e\x81\xd3\xe5\xc3\xe2"
"\x03\x23\xdc\xe0\xae\x9b\xac\x30\x4e\xc7\xac\x82\xdb\x76\xf0\x91\x41\x3a\x52\xe5\x9c\x4a\x76\x70\x5a\x59\x7c\x41\x3f\x7d\xcc\x79"
"\xad\x59\x7d\xbf\x34\xff\x0f\xe1\x4f\x06\x33\xd6\x54\x8f\x37\xe1\x36\xa4\xea\x69\xfe\x3e\xe2\x18\x0b\x02\x0a\xa3\xb4\xc7\xad\xa9"
"\xf9\xed\xce\x68\x8e\x46\xd1\x0c\x91\x0b\xb7\x27\x5e\xc5\x22\x63\x4d\x42\x5d\xdd\x61\xa3\x75\x5b\xe7\x65\xce\xe8\x74\xaf\x37\x3a"
"\xb3\x5c\xe1\x2f\x21\xaa\x66\x39\x3c\xd9\x87\x13\xe9\x62\xab\x0a\xb2\xce\xc9\xee\x3f\x56\x65\x94\x1d\x06\x0b\x00\x00";
static const ArdAssetChunk Json0[] PROGMEM = {
  {Json0_0,sizeof(Json0_0)-1},
};
#endif
#elif !ARDPORTAL_ENABLE_OTA && ARDPORTAL_ENABLE_MQTT && !ARDPORTAL_ENABLE_CONSOLE
#if ARDPORTAL_ENABLE_MQTT_TLS
static const char Json0_0[] PROGMEM =
"\x1f\x8b\x08\x00\x00\x00\x00\x00\x02\xff\x7d\x56\xdb\x6e\xdb\x38\x10\xfd\x95\x41\x9e\x52\x20\xeb\x5a\x8e\x6f\xe9\x3e\x04\x8e\xd3"
"\xa0\x06\x72\xf1\xd6\x4e\xfb\xb8\x60\x24\x3a\x22\x22\x91\x2a\x49\x25\x30\x04\x03\xfb\x35\xfb\x0b\xfb\xbe\x9f\xb2\x5f\xd2\x19\x4a"
"\x23\xcb\x6e\xb0\x2f\x82\x38\x87\x22\x67\xce\x9c\x99\x51\x75\x52\xaa\x3f\xfb\xfd\xe8\xe4\xd3\xc9\x57\x29\x12\xa5\x9f\xc1\x79\xe1"
"\x4b\xf7\xdf\x5f\x7f\x9f\x9c\xd5\xe0\x00\xc1\x85\xde\x18\x5e\x8f\x70\x7d\x2d\x5f\x55\x2c\xd9\x32\x6e\x2d\xa0\x45\xde\x9a\x27\x68"
"\x9e\x2d\x83\xe9\x0c\x52\xe3\x3c\xbd\x81\xd0\x09\xdc\xfd\xb1\x5e\xc3\xe2\xba\x07\xb7\xd2\x7b\x69\xdd\x19\x24\xea\x59\x79\x17\xc0"
"\x74\x5b\xa4\x52\xbb\xdf\x21\x4e\x85\x7e\x96\x0e\xac\x8c\x8d\xd6\x32\xf6\x3d\x3e\x79\x8a\x27\xaf\xc4\x6b\x7b\xd3\x05\xae\x6f\x44"
"\xec\x8d\xdd\xe2\x6e\x27\x7d\x03\x44\x7d\x04\xe6\x42\xc7\x32\x63\x0b\x85\xfa\x5d\xfd\x76\xa3\x00\xb7\x95\x05\x9b\x29\xc8\x55\x2c"
"\x34\x68\xe9\xdf\x8c\x7d\x71\x0c\x9c\x53\x10\xaf\x42\x65\xe2\x29\x93\xbf\xa0\x43\x3a\x3f\x35\xc6\x61\x5c\x0c\x32\x46\x3c\xad\x56"
"\x8b\x6b\x5e\x8f\xdb\x9b\x0b\xe1\x1c\xee\x4c\x18\x21\xa2\x3e\xe7\x85\xdf\xc2\x8b\x94\x85\x03\x9f\x4a\x70\x18\x5e\xd2\xee\x84\x8d"
"\xb1\x68\x56\x8e\x2f\x61\x2a\x22\xa2\x62\x5e\xd3\x13\xd8\xeb\xd0\x12\x11\x2d\xf3\x4c\x0a\x0b\xe1\xde\xc6\x3c\xe8\xb3\xd9\xd5\xf6"
"\xf0\x1d\xa6\xdd\x62\x02\x66\xcb\x1e\x3c\xe0\xfd\x96\xe8\xf1\xa8\x07\xa2\x3f\x17\x4a\xf3\x85\x83\xa8\xce\x6a\x97\xbd\xc1\xa0\xc9"
"\x74\xed\x5b\x57\x04\x03\xe2\xef\x5e\xbe\xe1\xc1\xc7\x61\x0f\x86\xef\x84\xcd\x7b\x7a\xd0\x28\x07\x23\xcf\x32\xf3\xe6\xa0\x23\xb0"
"\x1e\x7c\x65\x49\x80\xd8\xa0\x80\x58\x2a\xad\x93\xa3\x46\x20\x78\x0a\x9b\x88\xfe\xa0\xbb\x03\xcf\x89\xfa\x2b\x6b\x5e\xf0\x0c\x91"
"\x24\xa8\x1d\x4e\xed\x80\x88\x5d\x5b\xa1\x5d\x61\x2c\xeb\x69\x40\x8c\xae\xe7\x7c\xe6\x39\x31\xb9\xbe\x5d\xf1\x92\xa8\x99\xcf\x20"
"\x96\xd6\xab\x8d\x8a\x85\x97\x70\xba\xfc\x7c\xf7\x81\xf1\x41\x28\xb3\x1f\xa5\xc2\x7b\xc0\xdb\xd2\x79\x4c\xf1\x7c\x76\x06\xb9\xf0"
"\x71\x4a\xc5\x77\x50\x25\xf7\xeb\x25\x78\x85\xe1\xf2\xf7\xc4\xe5\x72\xef\xcd\x39\x11\xf8\xe8\xa4\xed\xf0\x7d\x3e\xe2\x30\x8f\xd8"
"\x3e\x1f\xff\x0f\xdb\x7b\x79\x3d\x05\x2e\x3e\x96\x78\x6a\x0f\xea\xed\xb5\x09\x2b\xd4\x51\x09\xb8\x50\xbc\xec\xd2\x90\x42\xbe\x51"
"\x36\x7f\x13\x96\x5d\x18\x12\x49\xdf\x44\x56\xb2\x61\x44\x7e\x7f\x31\xad\x8f\xa3\x61\x53\x6c\x1a\x43\xde\x37\x9a\xd1\x28\xd0\x83"
"\xe9\x01\x91\x65\xad\xfe\x2e\x19\x1e\xd7\x39\x3d\xfc\x66\xb2\x97\x3f\xf1\x17\xf4\xdc\x81\xa7\x87\x30\xb9\xde\x41\x8f\xea\xe3\xb2"
"\x23\xab\x57\x25\xa8\x16\x9a\x9d\x63\x8a\x00\xfe\xfd\x07\xbe\x0b\x15\x0e\x22\xbe\x30\x3d\x0c\x0f\xdb\xd2\xde\x60\xa7\x90\xa8\xde"
"\x79\x2a\xe3\x17\xa0\xf2\xff\xd8\x4a\x9a\x77\x53\x9c\xa7\xa9\x4a\x12\xa9\x59\x1a\xe3\xf7\x5b\xe8\x38\x84\x97\xaa\x02\xfc\xb6\x68"
"\x8d\x53\x36\xb6\xbd\x65\x7c\x51\xc7\xb9\x51\xcf\xa5\x45\x4d\x6d\x32\xe1\xd2\x06\x9b\x90\x48\x97\xe9\xd6\xa1\x20\xb3\x43\x84\x92"
"\xb7\x36\x1e\xcd\xa9\x14\x5c\x12\x13\x52\xe9\xa3\x16\xdc\xf3\xd8\x4c\x14\xdc\x58\x29\x0f\xf6\x52\xe0\x0f\xeb\x19\xb8\x42\xb4\xe3"
"\x60\x42\xf1\x3d\x16\xa4\x5c\xb6\x84\xe8\xa8\x1c\x48\xd6\x5d\x80\xe2\x7b\x9f\xd3\x49\x27\x75\x92\x45\x3c\xa1\x38\xaf\x95\x8b\x8f"
"\xec\x53\x8a\xf1\x76\x76\x0f\x0b\xfe\x7c\xda\xb4\xa9\xbd\x81\xc2\xca\x4d\xa9\x3b\x5f\x51\x48\xda\x78\x38\x32\x0f\xf7\xb9\x30\x9b"
"\x4d\xa6\xf4\x61\xc3\xf1\x40\x93\x4a\x63\x4f\x5b\x2c\x9b\xf6\xc3\x8d\xef\xa8\x0d\x5d\xd0\x9d\x5f\xd6\x58\xc6\xd2\x5a\x8c\xae\xaa"
"\x67\xeb\x8e\x61\xa2\xa5\x4a\xc4\xd6\xed\x80\x9e\x50\xa5\xa6\xb4\xb8\x48\xa1\xca\x95\x2e\xbd\xc4\x77\x7c\xc1\xef\xe8\xf6\x04\x57"
"\xdc\x9d\x2e\xa6\xac\xb8\x4f\x50\xbd\x61\xb3\xd9\x91\x3a\x49\xde\xb8\xce\x7f\x78\xbf\xab\x7c\xe6\x76\x55\x9c\x99\xf8\x25\x60\x8b"
"\x25\x22\xaa\xd8\x55\xa2\x68\xef\x27\x36\x6f\xd1\xe3\x52\x3c\x37\x19\x89\x42\xf1\x1e\x07\x5f\x8b\xb9\x21\x40\x19\x9e\x05\xd1\xa8"
"\x5f\x57\x2c\x8d\x0e\x48\x3a\xbf\x04\xd1\x28\xfa\x05\xb9\x64\x68\x1c\x6e\x75\xbe\x9e\xd4\xf8\x14\xce\x68\x06\x49\x10\x77\x4a\xab"
"\xbc\xcc\x61\x73\xa8\xb6\x28\x54\xf3\xad\xb0\xc8\xb0\x0f\x76\x78\xa2\xf0\x1a\x34\xd4\x68\xe3\xb9\xad\x6f\x46\x55\x31\x38\x6c\x84"
"\x06\xe2\xc9\x94\xf8\x84\x9a\xe0\x20\x3a\x6a\x4d\x1c\x52\x28\xce\x95\x8c\x43\x19\x1d\x0c\xf4\x28\xd4\xe8\x43\x21\xf5\x91\x3d\x88"
"\xaf\x33\x60\xa3\xa0\x3d\xca\x05\xaf\x49\x06\x70\x8a\x83\xe2\x03\x5b\xb8\x9f\xcc\x9a\xac\xb0\x9d\xdc\xac\x5e\xa9\x77\xee\xe0\x8a"
"\x8d\xe4\x52\xe5\x9c\x4a\x76\x70\x5a\x59\x7c\x41\xb9\x5c\xe5\x7c\xd6\x45\x3f\x78\xdc\x0c\xeb\xf0\xdb\x80\x19\x6b\xc4\xea\x4d\xe8"
"\xf3\x24\xd6\x66\xd4\xc7\x31\xce\x38\x28\x8c\xd2\x1e\xaf\xa6\x5e\xb3\x3b\xa3\x3d\x1a\x49\x33\x14\x5c\x98\x0b\x38\x64\x44\xc6\x9c"
"\x4c\xc3\xef\x15\xf6\x35\xb7\xc5\x89\x95\xb3\x75\xba\xe7\x3b\x17\xba\xdc\xe0\xff\x17\xb2\x66\x19\x9e\xec\xe1\x44\xba\xd8\xaa\x82"
"\xa4\x73\xb2\xfb\x09\x1e\xa7\xd9\xf4\x73\x0a\x00\x00";
static const ArdAssetChunk Json0[] PROGMEM = {
  {Json0_0,sizeof(Json0_0)-1},
};
#else
static const char Json0_0[] PROGMEM =
"\x1f\x8b\x08\x00\x00\x00\x00\x00\x02\xff\x7d\x56\xdb\x6e\xe3\x36\x10\xfd\x95\x41\x9e\xb2\x40\xea\xb5\x1c\xdf\xb2\x7d\x08\x72\x69"
"\xb0\x06\xb2\x89\xbb\x76\x76\x1f\x0b\x46\xa2\x22\x22\x12\xa9\x92\x54\x0c\x43\x30\xd0\xaf\xe9\x2f\xf4\xbd\x9f\xd2\x2f\xd9\x19\x4a"
"\x23\xcb\xde\xa0\x2f\x86\x74\x86\x22\xe7\x9c\x39\x33\x74\x7d\x52\xa9\x3f\x86\xc3\xe8\xe4\xd3\xc9\x57\x29\x12\xa5\x5f\xc0\x79\xe1"
"\x2b\xf7\xdf\x5f\x7f\x9f\x9c\x35\xc1\x11\x06\x17\x3a\x35\xfc\x3e\xc1\xf7\x5b\xf9\xa6\x62\xc9\xc8\xb4\x43\x40\x8b\xa2\x83\x67\x08"
"\x5f\x2d\x03\x74\x06\x99\x71\x9e\x9e\x40\xe8\x04\xbe\xfc\xbe\x5e\xc3\xe2\x76\x00\xf7\xd2\x7b\x69\xdd\x19\x24\xea\x45\x79\x17\x82"
"\xd9\xb6\xcc\xa4\x76\xbf\x42\x9c\x09\xfd\x22\x1d\x58\x19\x1b\xad\x65\xec\x07\xbc\xf3\x1c\x77\x5e\x89\xb7\xee\xa4\x0b\x7c\xbf\x13"
"\xb1\x37\x76\x8b\xab\x9d\xf4\x6d\x20\x1a\x62\xe0\x46\xe8\x58\xe6\x8c\x10\xd5\xef\xea\x97\x3b\x05\xb8\xac\x2a\x19\x26\x92\xab\x58"
"\x68\xd0\xd2\x6f\x8c\x7d\x75\x1c\x38\x27\x12\x6f\x42\xe5\xe2\x39\x97\x3f\x45\xc7\xb4\x7f\x66\x8c\x43\x5e\x1c\xe4\x18\xe9\xb4\x5a"
"\x2d\x6e\xf9\x7d\xda\x9d\x5c\x0a\xe7\x70\x65\xc2\x11\x12\xea\xb7\xa2\xf4\x5b\x78\x95\xb2\x74\xe0\x33\x09\x0e\xe9\x25\xdd\x4a\x48"
"\x8d\x45\x58\x39\x3e\x84\xa5\x88\x48\x8a\x9b\x46\x9e\xa0\x5e\x4f\x96\x88\x64\xb9\xc9\xa5\xb0\x10\xce\x6d\xe1\xd1\x90\x61\xd7\xe0"
"\xe1\x3b\x2c\xbb\xc5\x02\x5c\x2d\x07\xf0\x88\xe7\x5b\x92\xc7\xa3\x1f\x48\xfe\x42\x28\xcd\x07\x8e\xa2\xa6\xaa\x7d\xf5\x46\xa3\xb6"
"\xd2\x4d\x6e\x7d\x13\x8c\x48\xbf\x07\xb9\xc1\x8d\x8f\x69\x8f\xc6\xef\xd0\xe6\x35\x03\x68\x9d\x83\xcc\xf3\xdc\x6c\x1c\xf4\x0c\x36"
"\x80\xaf\x6c\x09\x10\x29\x1a\x88\xad\xd2\x25\x39\x69\x0d\x82\xbb\x30\x44\xf2\x07\xdf\x1d\x64\x4e\xd2\x5f\x5b\xf3\x8a\x7b\x88\x24"
"\x41\xef\x70\x69\xcf\x29\xf1\xa5\xb1\x6c\xa5\x73\xca\xf6\xc9\x49\xdb\x23\x77\x3e\xe1\x3d\x8f\xa8\x9d\x4f\xff\x87\xda\xbe\x96\xcf"
"\xe1\xe0\x8f\x15\xee\x3a\x80\x66\x79\x03\x61\x3b\x38\xf2\x9b\x0b\x9d\xc2\xac\xc6\x24\xfd\x9d\xb2\xc5\x46\x58\x4e\x61\x4c\x35\xfe"
"\x26\xf2\x8a\x81\x09\xe5\xfd\xd9\x74\x39\x4e\xc6\xad\xb3\x35\x16\x73\xdf\xd5\x93\x49\x68\x79\xd4\x02\x44\x9e\x77\xc5\xbe\xe4\xf0"
"\xb4\x11\xf0\xf0\x9b\xd9\xde\x6b\x34\x29\x82\x79\x7a\xe1\xf9\x61\x98\x52\xef\x45\x8f\xcc\x78\xd9\xab\xe1\x9b\x12\x64\xbc\x76\xe5"
"\x94\x18\xc0\xbf\xff\xc0\x77\xa1\xc2\x46\xa4\xd7\xc3\x9a\x0b\x39\x1d\x77\x7d\x94\x62\x5b\x4a\xb4\xca\x4d\x26\xe3\x57\xa0\x5e\xfb"
"\xd8\xf9\x87\x57\x13\xcf\xd3\x4c\x25\x89\xd4\x1f\x18\x7b\x7f\x5e\x4d\x03\xbd\x4c\x95\xe0\xb7\x65\x07\xce\x19\xec\x1a\x79\x7a\xd1"
"\xf0\x4c\xd5\x4b\x65\xb1\x47\xd3\x5c\xb8\xac\x8d\xcd\xa8\xb7\x96\xd9\xd6\xa9\x58\xe4\x87\x11\x2a\xde\xda\x78\x84\x33\x29\xd8\x7f"
"\x33\xea\x9c\x27\x2d\x78\xc0\x30\x4c\x12\xdc\x59\x29\x0f\xd6\x12\xf1\xc7\xf5\x15\xb8\x52\x74\xb3\x77\x46\xfc\x9e\x4a\xaf\x3a\x1a"
"\xb3\xc0\x4e\xf8\x66\xd2\xf6\x03\xc4\xef\x7d\x4d\x67\xbd\xd2\x49\x36\xf1\x8c\x78\xde\x2a\x17\x1f\xe1\x73\xe2\x78\x7f\xf5\x00\x0b"
"\xfe\x7c\xde\xce\x84\x3d\x40\xb4\x0a\x53\xe9\xde\x57\x44\x49\x1b\x0f\x47\xf0\x78\x5f\x0b\x93\xa6\xb9\xd2\x87\xdd\xed\x81\xae\x05"
"\x8d\x03\x64\xb1\x6c\x7b\x9d\xa7\xcc\x51\xcf\x5f\xd0\x99\x9f\xd7\xeb\x25\x48\x6b\x91\x5d\xdd\x5c\x64\x3b\x0e\x93\x2c\x75\x22\xb6"
"\x6e\x07\xf4\x0b\x75\x66\x2a\x8b\x2f\x19\xd4\x85\xd2\x95\x97\xf8\x8c\x0f\xf8\x1d\x9d\x9e\xe0\x1b\x8f\x82\x8b\x39\x3b\xee\x13\xd4"
"\x1b\x95\xaa\x1d\xb9\x93\xec\x8d\xef\xc5\x9f\xde\xef\x6a\x9f\xbb\x5d\x1d\xe7\x26\x7e\x0d\xb1\xc5\x12\x23\xaa\xdc\xd5\xa2\xec\xce"
"\x27\x35\xef\x31\xe3\x4a\xbc\xb4\x15\x89\x42\xf3\x1e\x93\x6f\xcc\xdc\x0a\xa0\x0c\x0f\xde\x68\x32\x6c\x3a\x96\xe6\x34\x24\xbd\xfb"
"\x37\x9a\x44\x3f\x45\x2e\x39\x34\x0d\xa7\x3a\xdf\x5c\x8b\xf8\x2b\x9c\xd1\x1c\x24\x43\x7c\x51\x5a\x15\x55\x01\xe9\xa1\xdb\xa2\xd0"
"\xcd\xf7\xc2\xa2\xc2\x3e\xe0\xf0\x4c\xf4\xda\x68\xe8\xd1\x36\x73\xdb\x9c\x8c\xae\xe2\xe0\xb8\x35\x1a\x88\x67\x53\xe1\x2f\x34\x02"
"\x07\xd3\xd1\x68\x62\x4a\xa1\x39\x57\x32\x0e\x6d\x74\x70\x7b\x46\xa1\x47\x1f\x4b\xa9\x8f\xf0\x60\xbe\xde\x6d\x16\x05\xef\x51\x2d"
"\xf8\x9d\x6c\x00\xa7\xeb\xfb\xd5\x07\x46\x78\x9e\x5c\xb5\x55\x61\x9c\xd2\xac\xdf\x68\x76\xee\xe0\x9a\x41\x4a\xa9\x76\x4e\x25\x3b"
"\x38\xad\x2d\x3e\xa0\x5d\xae\x0b\xde\xeb\x62\x18\x32\x6e\x6f\xc6\x70\x47\x63\xc5\x5a\xb3\x7a\x13\xe6\x3c\x99\xb5\xbd\x57\xe3\x18"
"\x2f\x14\x28\x8d\xd2\x1e\x8f\xa6\x59\xb3\x3b\xa3\x35\x1a\x45\x33\x44\x2e\xdc\x0b\x78\xc9\x88\x9c\x35\x99\x87\xff\x32\x38\xd7\xdc"
"\xd6\x79\x59\x30\x3a\xdf\xeb\x5d\x08\x5d\xa5\xf8\x67\x07\x55\xb3\x1c\x9e\xed\xc3\x89\x74\xb1\x55\x25\x59\xe7\x64\xf7\x03\x2f\x55"
"\xfb\x41\xe0\x09\x00\x00";
static const ArdAssetChunk Json0[] PROGMEM = {
  {Json0_0,sizeof(Json0_0)-1},
};
#endif
#elif !ARDPORTAL_ENABLE_OTA && !ARDPORTAL_ENABLE_MQTT && !ARDPORTAL_ENABLE_CONSOLE
#if ARDPORTAL_ENABLE_MQTT_TLS
static const char Json0_0[] PROGMEM =
"\x1f\x8b\x08\x00\x00\x00\x00\x00\x02\xff\x6d\x56\xdb\x6e\xdb\x38\x10\xfd\x95\x41\x9e\x52\x20\x9b\x5a\x5e\x5f\xbb\x0f\x41\x9a\x6c"
"\x50\x03\x69\xe2\xad\xdd\xed\xe3\x82\x91\xa8\x88\x88\x44\x6a\x49\x2a\x86\x21\x08\xe8\xd7\xec\x2f\xec\xfb\x7e\x4a\xbf\x64\x67\x28"
"\x8d\x2c\xbb\x79\x31\xc4\x33\x24\x87\xe7\xf0\xcc\xd0\xf5\x59\xa5\xfe\x1a\x8d\xa2\xb3\x0f\x67\x5f\xa4\x48\x94\x7e\x06\xe7\x85\xaf"
"\xdc\x8f\xef\xff\x9c\x5d\xb4\xc1\x31\x06\x57\x3a\x35\x3c\x9e\xe2\xf8\x56\xbe\xaa\x58\x32\x32\xeb\x11\xd0\xa2\xe8\xe1\x39\xc2\xd7"
"\xeb\x00\x5d\x40\x66\x9c\xa7\x2f\x10\x3a\x81\xcf\x7f\x6c\xb7\xb0\xba\xbd\x84\x7b\xe9\xbd\xb4\xee\x02\x12\xf5\xac\xbc\x0b\xc1\x6c"
"\x5f\x66\x52\xbb\xdf\x20\xce\x84\x7e\x96\x0e\xac\x8c\x8d\xd6\x32\xf6\x97\xbc\xf3\x02\x77\xde\x88\xd7\x3e\xd3\x12\xc7\x77\x22\xf6"
"\xc6\xee\x71\xb6\x93\xbe\x0b\x44\x23\x0c\xdc\x08\x1d\xcb\x9c\x11\xa2\xfa\x4d\xfd\x72\xa7\x00\xa7\x55\x25\xc3\x44\x72\x13\x0b\x0d"
"\x5a\xfa\x9d\xb1\x2f\x8e\x03\xbf\x12\x89\x57\xa1\x72\xf1\x94\xcb\x9f\xa2\x13\xda\x3f\x33\xc6\x21\x2f\x0e\x72\x8c\x74\xda\x6c\x56"
"\xb7\x3c\x9e\xf5\x99\x4b\xe1\x1c\xce\x4c\x38\x42\x42\xfd\x5e\x94\x7e\x0f\x2f\x52\x96\x0e\x7c\x26\xc1\x21\xbd\xa4\x9f\x09\xa9\xb1"
"\x08\x2b\xc7\x49\x58\x8a\x88\xa4\xb8\x69\xe5\x09\xea\x0d\x64\x89\x48\x96\x9b\x5c\x0a\x0b\x21\x6f\x07\x8f\x47\x0c\xbb\x16\x0f\xeb"
"\xf0\xda\x2d\x5e\xc0\xf5\xfa\x12\x1e\x31\xbf\x25\x79\x3c\xfa\x81\xe4\x2f\x84\xd2\x9c\x70\x1c\xb5\xb7\x3a\x54\x6f\x3c\xee\x6e\xba"
"\x3d\xdb\xd0\x04\x63\xd2\xef\x41\xee\x70\xe3\x53\xda\xe3\xc9\x1b\xb4\x79\xce\x25\x74\xce\x41\xe6\x79\x6e\x76\x0e\x06\x06\xbb\x84"
"\x2f\x6c\x09\x10\x29\x1a\x88\xad\xd2\x1f\x72\xda\x19\x04\x77\xe9\xa0\x09\x9d\xfb\x4e\xd9\x62\x27\x2c\x1f\x6e\x42\x02\xfd\x29\xf2"
"\x8a\x81\x29\x9d\xf6\x93\xe9\x4f\x3f\x9d\x74\xb6\xd0\xa8\xc4\xa1\x24\xa6\xd3\x50\x2f\x28\x01\x88\x3c\xef\x95\xba\xe2\xf0\xac\xcd"
"\x7e\xbc\x66\x7e\xb8\x28\x2a\xb3\xa0\xfc\x20\x7c\x72\x57\x57\x03\x8a\xaf\x4a\xd0\xbd\x74\x33\x67\x74\x46\xf8\xef\x5f\xf8\x26\x54"
"\xd8\x89\xac\xf1\xb0\x65\x9e\xb3\x49\x6f\xb3\x14\x5d\x2b\x51\xc9\x9b\x4c\xc6\x2f\x40\x56\x7c\xdf\xcb\xcb\xb3\x89\xc9\x79\xa6\x92"
"\x44\xea\x77\x8c\xbd\x5d\xce\xb3\x40\x20\x53\x25\xf8\x7d\xd9\x83\x0b\x06\x7b\x9f\xcf\x96\x2d\xd1\x54\x3d\x57\x16\x2d\x9c\xe6\xc2"
"\x65\x5d\x6c\x4e\xd6\x5b\x67\x7b\xa7\x62\x91\x1f\x47\xe8\x7a\xb6\xc6\x23\x9c\x49\xc1\xc6\x9a\x93\xb1\xbe\x6a\xc1\xf5\xc7\x30\x49"
"\x70\x67\xa5\x3c\x9a\x4b\xc4\x1f\xb7\xd7\xe0\x4a\xd1\xb7\xa6\x39\xf1\xfb\x5a\x7a\xd5\xd3\x98\x07\x76\xc2\xb7\x8d\x68\x18\x20\x7e"
"\x6f\x6b\x3a\x1f\x14\x99\x64\xfb\xce\x89\xe7\xad\x72\xf1\x09\xbe\x20\x8e\xf7\xd7\x0f\xb0\xe2\xe5\x8b\xae\x64\x0e\x00\xd1\x2a\x4c"
"\xa5\x07\xab\x88\x92\x36\x1e\x4e\xe0\xc9\xe1\x2e\x4c\x9a\xe6\x4a\x1f\x9b\xdf\x03\x75\x4d\x8d\xf5\xb5\x5a\x77\xa5\xc0\x45\x78\x52"
"\x12\x4b\xca\xf9\x69\xbb\x5d\x83\xb4\x16\xd9\xd5\x6d\x9f\x6f\x38\x4c\xb2\xd4\x89\xd8\xbb\x06\xe8\x17\xea\xcc\x54\x16\x07\x19\xd4"
"\x85\xd2\x95\x97\xf8\x8d\x1f\xb8\x8e\xb2\x27\x38\xe2\x26\xb8\x5c\xb0\xe3\x3e\x40\xbd\x53\xa9\x6a\xc8\x9d\xd4\xe2\x71\x5c\xfc\xed"
"\x7d\x53\xfb\xdc\x35\x75\x9c\x9b\xf8\x25\xc4\x56\x6b\x8c\xa8\xb2\xa9\x45\xd9\xe7\x27\x35\xef\xf1\xc4\x95\x78\xee\x6e\x24\x0a\xe5"
"\x79\x4a\xbe\x35\x73\x27\x80\x32\xdc\x97\xa2\xe9\xa8\xad\x49\x6a\x63\x90\x0c\x9e\xa7\x68\x1a\xfd\x14\xb9\xe2\xd0\x2c\x64\x75\xbe"
"\x7d\x35\xf0\x57\x38\xa3\x39\x48\x86\xf8\xac\xb4\x2a\xaa\x02\xd2\x63\xb7\x45\xd3\x45\x58\x69\x51\x61\x1f\x70\x78\x22\x7a\x5d\x34"
"\xd4\x68\x77\x72\xdb\x66\x46\x57\x71\x70\xd2\x19\x0d\xc4\x93\xa9\xf0\x17\x5a\x81\x83\xe9\xa8\xf9\x30\xa5\x50\x9c\x1b\x19\x87\x32"
"\x3a\x7a\x5c\xa2\x50\xa3\x8f\xa5\xd4\x27\x78\x30\xdf\xa0\xd9\x47\xc1\x7b\x74\x17\x3c\x26\x1b\xc0\xf9\xf6\x7e\xf3\x8e\x11\xee\x27"
"\xd7\xdd\xad\x30\x4e\xc7\xac\x5f\xa9\x3b\x36\xf0\x91\x41\x3a\x52\xed\x9c\x4a\x1a\x38\xaf\x2d\x7e\xa0\x5d\x3e\x16\xbc\xd7\x72\x14"
"\x4e\xdc\x3d\x1c\xe1\x09\xc3\x1b\xeb\xcc\xea\x4d\xe8\xf0\x64\xd6\xee\xd9\x89\x63\xe9\x1c\x94\x46\x69\x8f\xa9\xa9\xd7\x34\x17\x34"
"\x47\xa3\x68\x86\xc8\x85\x17\xc1\x58\xec\x0a\xac\xc9\x22\x3c\xf5\xd8\xd7\xdc\xde\x79\x59\x30\xba\x38\xe8\x5d\x08\x5d\xa5\xf8\x5f"
"\x00\x55\xb3\x1c\x9e\x1f\xc2\x89\x74\xb1\x55\x25\x59\xe7\xac\xf9\x1f\x93\x42\xae\xa3\xff\x08\x00\x00";
static const ArdAssetChunk Json0[] PROGMEM = {
  {Json0_0,sizeof(Json0_0)-1},
};
#else
static const char Json0_0[] PROGMEM =
"\x1f\x8b\x08\x00\x00\x00\x00\x00\x02\xff\x6d\x56\xdb\x6e\xdb\x38\x10\xfd\x95\x41\x9e\x52\x20\x9b\x5a\x5e\x5f\xbb\x0f\x41\x9a\x6c"
"\x50\x03\x69\xe2\xad\xdd\xed\xe3\x82\x91\xa8\x88\x88\x44\x6a\x49\x2a\x86\x21\x08\xe8\xd7\xec\x2f\xec\xfb\x7e\x4a\xbf\x64\x67\x28"
"\x8d\x2c\xbb\x79\x31\xc4\x33\x24\x87\xe7\xf0\xcc\xd0\xf5\x59\xa5\xfe\x1a\x8d\xa2\xb3\x0f\x67\x5f\xa4\x48\x94\x7e\x06\xe7\x85\xaf"
"\xdc\x8f\xef\xff\x9c\x5d\xb4\xc1\x31\x06\x57\x3a\x35\x3c\x9e\xe2\xf8\x56\xbe\xaa\x58\x32\x32\xeb\x11\xd0\xa2\xe8\xe1\x39\xc2\xd7"
"\xeb\x00\x5d\x40\x66\x9c\xa7\x2f\x10\x3a\x81\xcf\x7f\x6c\xb7\xb0\xba\xbd\x84\x7b\xe9\xbd\xb4\xee\x02\x12\xf5\xac\xbc\x0b\xc1\x6c"
"\x5f\x66\x52\xbb\xdf\x20\xce\x84\x7e\x96\x0e\xac\x8c\x8d\xd6\x32\xf6\x97\xbc\xf3\x02\x77\xde\x88\xd7\x3e\xd3\x12\xc7\x77\x22\xf6"
"\xc6\xee\x71\xb6\x93\xbe\x0b\x44\x23\x0c\xdc\x08\x1d\xcb\x9c\x11\xa2\xfa\x4d\xfd\x72\xa7\x00\xa7\x55\x25\xc3\x44\x72\x13\x0b\x0d"
"\x5a\xfa\x9d\xb1\x2f\x8e\x03\xbf\x12\x89\x57\xa1\x72\xf1\x94\xcb\x9f\xa2\x13\xda\x3f\x33\xc6\x21\x2f\x0e\x72\x8c\x74\xda\x6c\x56"
"\xb7\x3c\x9e\xf5\x99\x4b\xe1\x1c\xce\x4c\x38\x42\x42\xfd\x5e\x94\x7e\x0f\x2f\x52\x96\x0e\x7c\x26\xc1\x21\xbd\xa4\x9f\x09\xa9\xb1"
"\x08\x2b\xc7\x49\x58\x8a\x88\xa4\xb8\x69\xe5\x09\xea\x0d\x64\x89\x48\x96\x9b\x5c\x0a\x0b\x21\x6f\x07\x8f\x47\x0c\xbb\x16\x0f\xeb"
"\xf0\xda\x2d\x5e\xc0\xf5\xfa\x12\x1e\x31\xbf\x25\x79\x3c\xfa\x81\xe4\x2f\x84\xd2\x9c\x70\x1c\xb5\xb7\x3a\x54\x6f\x3c\xee\x6e\xba"
"\x3d\xdb\xd0\x04\x63\xd2\xef\x41\xee\x70\xe3\x53\xda\xe3\xc9\x1b\xb4\x79\xce\x25\x74\xce\x41\xe6\x79\x6e\x76\x0e\x06\x06\xbb\x84"
"\x2f\x6c\x09\x10\x29\x1a\x88\xad\xd2\x1f\x72\xda\x19\x04\x77\xe9\xa0\x09\x9d\xfb\x4e\xd9\x62\x27\x2c\x1f\x6e\x42\x02\xfd\x29\xf2"
"\x8a\x81\x29\x9d\xf6\x93\xe9\x4f\x3f\x9d\x74\xb6\xd0\xa8\xc4\xa1\x24\xa6\xd3\x50\x2f\x28\x01\x88\x3c\xef\x95\xba\xe2\xf0\xac\xcd"
"\x7e\xbc\x66\x7e\xb8\x28\x2a\xb3\xa0\xfc\x20\x7c\x72\x57\x57\x03\x8a\xaf\x4a\xd0\xbd\x74\x33\x67\x74\x46\xf8\xef\x5f\xf8\x26\x54"
"\xd8\x89\xac\xf1\xb0\x65\x9e\xb3\x49\x6f\xb3\x14\x5d\x2b\x51\xc9\x9b\x4c\xc6\x2f\x40\x56\x7c\xdf\xcb\xcb\xb3\x89\xc9\x79\xa6\x92"
"\x44\xea\x77\x8c\xbd\x5d\xce\xb3\x40\x20\x53\x25\xf8\x7d\xd9\x83\x0b\x06\x7b\x9f\xcf\x96\x2d\xd1\x54\x3d\x57\x16\x2d\x9c\xe6\xc2"
"\x65\x5d\x6c\x4e\xd6\x5b\x67\x7b\xa7\x62\x91\x1f\x47\xe8\x7a\xb6\xc6\x23\x9c\x49\xc1\xc6\x9a\x93\xb1\xbe\x6a\xc1\xf5\xc7\x30\x49"
"\x70\x67\xa5\x3c\x9a\x4b\xc4\x1f\xb7\xd7\xe0\x4a\xd1\xb7\xa6\x39\xf1\xfb\x5a\x7a\xd5\xd3\x98\x07\x76\xc2\xb7\x8d\x68\x18\x20\x7e"
"\x6f\x6b\x3a\x1f\x14\x99\x64\xfb\xce\x89\xe7\xad\x72\xf1\x09\xbe\x20\x8e\xf7\xd7\x0f\xb0\xe2\xe5\x8b\xae\x64\x0e\x00\xd1\x2a\x4c"
"\xa5\x07\xab\x88\x92\x36\x1e\x4e\xe0\xc9\xe1\x2e\x4c\x9a\xe6\x4a\x1f\x9b\xdf\x03\x75\x4d\x8d\xf5\xb5\x5a\x77\xa5\xc0\x45\x78\x52"
"\x12\x4b\xca\xf9\x69\xbb\x5d\x83\xb4\x16\xd9\xd5\x6d\x9f\x6f\x38\x4c\xb2\xd4\x89\xd8\xbb\x06\xe8\x17\xea\xcc\x54\x16\x07\x19\xd4"
"\x85\xd2\x95\x97\xf8\x8d\x1f\xb8\x8e\xb2\x27\x38\xe2\x26\xb8\x5c\xb0\xe3\x3e\x40\xbd\x53\xa9\x6a\xc8\x9d\xd4\xe2\x71\x5c\xfc\xed"
"\x7d\x53\xfb\xdc\x35\x75\x9c\x9b\xf8\x25\xc4\x56\x6b\x8c\xa8\xb2\xa9\x45\xd9\xe7\x27\x35\xef\xf1\xc4\x95\x78\xee\x6e\x24\x0a\xe5"
"\x79\x4a\xbe\x35\x73\x27\x80\x32\xdc\x97\xa2\xe9\xa8\xad\x49\x6a\x63\x90\x0c\x9e\xa7\x68\x1a\xfd\x14\xb9\xe2\xd0\x2c\x64\x75\xbe"
"\x7d\x35\xf0\x57\x38\xa3\x39\x48\x86\xf8\xac\xb4\x2a\xaa\x02\xd2\x63\xb7\x45\xd3\x45\x58\x69\x51\x61\x1f\x70\x78\x22\x7a\x5d\x34"
"\xd4\x68\x77\x72\xdb\x66\x46\x57\x71\x70\xd2\x19\x0d\xc4\x93\xa9\xf0\x17\x5a\x81\x83\xe9\xa8\xf9\x30\xa5\x50\x9c\x1b\x19\x87\x32"
"\x3a\x7a\x5c\xa2\x50\xa3\x8f\xa5\xd4\x27\x78\x30\xdf\xa0\xd9\x47\xc1\x7b\x74\x17\x3c\x26\x1b\xc0\xf9\xf6\x7e\xf3\x8e\x11\xee\x27"
"\xd7\xdd\xad\x30\x4e\xc7\xac\x5f\xa9\x3b\x36\xf0\x91\x41\x3a\x52\xed\x9c\x4a\x1a\x38\xaf\x2d\x7e\xa0\x5d\x3e\x16\xbc\xd7\x72\x14"
"\x4e\xdc\x3d\x1c\xe1\x09\xc3\x1b\xeb\xcc\xea\x4d\xe8\xf0\x64\xd6\xee\xd9\x89\x63\xe9\x1c\x94\x46\x69\x8f\xa9\xa9\xd7\x34\x17\x34"
"\x47\xa3\x68\x86\xc8\x85\x17\xc1\x58\xec\x0a\xac\xc9\x22\x3c\xf5\xd8\xd7\xdc\xde\x79\x59\x30\xba\x38\xe8\x5d\x08\x5d\xa5\xf8\x5f"
"\x00\x55\xb3\x1c\x9e\x1f\xc2\x89\x74\xb1\x55\x25\x59\xe7\xac\xf9\x1f\x93\x42\xae\xa3\xff\x08\x00\x00";
static const ArdAssetChunk Json0[] PROGMEM = {
  {Json0_0,sizeof(Json0_0)-1},
};
#endif
#endif
#elif ARDPORTAL_CONTROL_PROFILE_FULL || ARDPORTAL_CONTROL_PROFILE_BASIC
#if ARDPORTAL_ENABLE_OTA && ARDPORTAL_ENABLE_MQTT && ARDPORTAL_ENABLE_CONSOLE
#if ARDPORTAL_CONTROL_PROFILE_FULL
#if ARDPORTAL_ENABLE_MQTT_TLS
static const char Json0_0[] PROGMEM =
"\x1f\x8b\x08\x00\x00\x00\x00\x00\x02\xff\x7d\x58\xdd\x6e\xeb\xb8\x11\x7e\x15\x22\x45\x81\x2c\x9a\x26\x91\xff\x9d\xbd\x38\xc8\x71"
"\x4e\x70\xd2\xe6\x24\x6e\xec\xb3\x7b\xb3\x40\xc1\x48\xb4\x4d\x44\x22\xb5\x24\x15\xd7\x30\x0c\xf4\x69\xfa\x0a\xbd\xef\xa3\xf4\x49"
"\x3a\x33\xd2\x50\xb2\x37\xdb\x9b\xc0\x9c\xa1\x48\xce\xf0\x9b\x6f\x3e\x66\x7f\x56\xe9\xbf\x5f\x5f\x27\x67\x37\x67\x2f\x4a\x66\xda"
"\xac\x85\x0f\x32\x54\xfe\xbf\xff\xfc\xd7\xd9\x45\xed\xec\x81\xf3\xc1\xac\x2c\x8f\x87\x30\xbe\x53\xef\x3a\x55\x6c\x19\x45\x8b\x30"
"\xb2\x88\xe6\x31\x98\x6f\xe7\x64\xba\x10\x1b\xeb\x03\xfe\x12\xd2\x64\xe2\xdb\xdf\x96\x4b\xf1\x70\x77\x29\x1e\x55\x08\xca\xf9\x0b"
"\x91\xe9\xb5\x0e\x9e\x9c\x9b\x5d\xb9\x51\xc6\xff\x28\xd2\x8d\x34\x6b\xe5\x85\x53\xa9\x35\x46\xa5\xe1\x92\x57\x9e\xc0\xca\x0b\xf9"
"\x1e\x77\x9a\xc2\xf8\x5e\xa6\xc1\xba\x1d\xcc\xf6\x2a\x34\x8e\xe4\x1a\x1c\x33\x69\x52\x95\xb3\x05\x43\xfd\x59\xff\xf9\x5e\x0b\x98"
"\x56\x95\x6c\xc6\x20\x17\xa9\x34\xc2\xa8\xb0\xb5\xee\xcd\xb3\xa3\x8f\x41\xbc\x4b\x9d\xcb\xd7\x5c\xfd\xc6\x3b\xc0\xf5\x37\xd6\x7a"
"\x88\x8b\x9d\xec\xc3\x3c\x2d\x16\x0f\x77\x3c\x1e\xc5\x9d\x4b\xe9\x3d\xcc\xcc\xd8\x83\x89\xfa\x52\x94\x61\x27\xde\x94\x2a\xbd\x08"
"\x1b\x25\x3c\x84\x97\xc5\x99\x62\x65\x1d\x98\xb5\xe7\x4d\x38\x15\x09\xa6\x62\x56\xa7\x87\xb2\xd7\x49\x4b\x82\x69\x99\xe5\x4a\x3a"
"\x41\xfb\x36\xe6\xde\x35\x9b\x7d\x6d\xa7\xef\xe0\xda\x1d\x5c\xc0\xed\xfc\x52\x3c\xc3\xfe\x0e\xd3\x13\x00\x0f\x98\xfe\x42\x6a\xc3"
"\x1b\xf6\x92\xfa\x56\xbb\xd9\xeb\xf5\x9a\x9b\xae\xcf\xd6\x05\x41\x0f\xf3\xf7\xa4\xb6\xb0\xf0\x69\xd8\xbd\xc1\x07\x61\xf3\x9c\x4b"
"\xd1\x20\x07\x22\xcf\x73\xbb\xf5\xa2\x03\xb0\x4b\xf1\xc2\x90\x10\x72\x05\x00\x62\xa8\xc4\x43\x0e\x1b\x80\xc0\x2a\x6c\xc2\xf4\x13"
"\xee\x8e\x4e\x8e\xa9\xff\xec\xec\x1b\xac\x21\xb3\x0c\xb0\xc3\x57\xdb\xc3\xc4\x2e\x9d\x34\xbe\xb4\x8e\xf1\xd4\xc3\x8c\x2e\x67\xbc"
"\x66\x1f\x33\xb9\x7c\x5c\xf0\x10\x53\x33\xbb\x15\xa9\x72\x41\xaf\x74\x2a\x83\x12\xe7\xf3\x2f\xdf\x7e\x60\x7f\x8f\xca\xec\xd7\x4a"
"\xc3\x3e\x22\xb8\xca\x07\xb8\xe2\xd9\xed\x85\x28\x64\x48\x37\x58\x7c\x47\x55\xf2\xb4\x9c\x8b\xa0\x21\x5c\xfe\x1e\x73\x39\x6f\x4f"
"\xd3\xc7\x04\x7e\xf7\xca\x75\xf2\xdd\x1f\x72\x98\x27\xd9\xee\x8f\xfe\x4f\xb6\x5b\x78\xbd\x52\x2e\xae\x2a\x58\xf5\x52\xd4\xd3\x6b"
"\x13\x54\xa8\xc7\x12\xf0\x54\xbc\xf1\x48\x98\xa5\xe7\xe5\xad\xa8\xca\x0c\xc2\x65\xeb\xb4\x2d\x8b\x95\x76\xc5\x56\x3a\x76\x0d\x30"
"\x65\xed\x6e\x56\xc2\xe6\x18\xeb\x2a\x97\x7e\x23\x72\xb9\xb3\x55\x80\x8d\x17\xf3\x7e\xef\x46\xc8\xb2\xcc\x31\x8d\xda\x1a\x71\xf9"
"\xaa\x8d\xb0\x26\xdf\xf1\xd6\x03\xcc\xf6\xfd\xc9\xea\x98\xe1\xef\x65\x6e\x65\x76\x7c\xa2\x01\xa6\xee\xaf\x10\xb7\x28\xed\x16\x82"
"\xb1\x06\x31\xd4\x60\x7e\x0b\x74\x23\x52\x5b\x94\xb9\x0a\xea\xc7\xdf\x03\xfe\x60\x50\x57\x9a\xb7\x79\x5c\x95\x30\x62\x4b\x9d\xb2"
"\x01\x03\xff\x49\xe6\x15\xcf\x18\x62\xb8\x0b\x65\xf8\x16\x86\x54\x3d\x66\x27\x02\x7e\x25\xd4\x3f\x52\x55\x06\xf1\x87\xab\x3f\x5d"
"\x36\xf8\xbe\x11\x69\x61\xb2\x2b\xbc\xd1\x2b\x38\x52\x01\xb9\xb9\x10\x6b\x15\x4e\x2c\x48\xd2\x47\x26\x3e\xe5\xb0\xce\x40\x27\xf4"
"\x21\x86\xfe\xd5\x46\x84\x0c\x07\x0d\xd5\x19\x08\xb2\xa5\xf9\xe1\x90\xc0\x09\xc1\x0b\x99\xe7\x31\x09\x9f\xd8\x3d\xaa\x2b\xea\xf8"
"\x9b\x71\x4b\x3e\x88\x5e\x62\x93\x8e\x7b\x72\xec\x46\xe0\x74\xbc\x27\xec\xf4\xa9\x53\xd4\xef\x5a\x22\x13\x35\x33\x47\x18\x81\xf8"
"\xcf\xbf\xc5\xcf\x52\xd3\x42\x88\x1f\x28\x0e\x76\x0f\x22\xb1\xae\x80\xa7\x15\x70\xc7\x6c\xa3\xd2\x37\x81\xe4\x7b\x15\x09\x85\x67"
"\x63\x9c\xe7\x1b\x9d\x65\xca\x70\x61\x8e\x3e\x6e\x60\x23\x0a\x6f\xa3\x4b\x11\x76\x65\x34\x4e\xd8\x18\x99\x7d\x34\xad\xe3\x5c\xe9"
"\x75\xe5\x54\x83\xe5\xc6\x37\x46\x00\xcc\x37\x3b\x0f\x38\xce\x8f\x3d\x09\x81\x27\x80\x79\xa3\x24\x13\xd2\x98\xee\xcf\x48\xee\x38"
"\x6c\xc6\x14\xdc\x3b\xa5\x8e\xe6\x0e\x9a\xe2\xf3\xa5\x8c\xcd\x78\x3c\x24\x00\x20\x6f\xb0\x85\xa2\x43\x32\xc2\x42\xeb\x3a\x30\xbe"
"\x8f\x73\x3a\xee\x5c\x9d\x62\xf0\x8e\x31\xce\x3b\xed\xd3\x13\xfb\x04\x63\x7c\xbc\x7d\x12\x0f\xfc\xf9\xa4\x69\x12\xad\x01\xc3\x2a"
"\x6c\x65\x3a\x5f\x61\x48\xc6\x06\x71\x62\x1e\xb4\x77\x61\x57\xab\x5c\x9b\x63\xba\x0f\x02\x75\x82\x81\x8e\xf2\x30\x6f\xc8\x9f\xdb"
"\xce\x49\x13\x98\x0c\x23\x19\x1c\xa1\x76\x32\xea\xc0\x12\x98\x25\x07\xce\x65\xc8\x64\xb4\x71\x5c\x61\xdc\x24\x18\x93\x96\x09\xa4"
"\x26\xf6\x4c\x49\x14\xbd\xcb\x5c\x67\x40\x1d\x44\x0a\xa2\x80\xee\x21\xd7\x9c\xdd\xe9\x75\xcb\x17\x1f\x44\x72\x74\xa4\x69\xc2\x44"
"\x72\xf5\x8e\xec\x01\xf4\x60\xe1\x5c\x66\xcd\xfb\x4d\x31\x7f\x5f\x97\xd0\x10\x94\x73\x70\x53\xfb\x5a\xa5\x1d\xd8\x3d\x68\x79\x6f"
"\x8f\x08\x3e\xd0\x5d\xbb\x9a\xe1\x88\xea\xeb\xc8\xb8\x9c\xa7\xc3\x26\xb2\x8f\x97\xc3\x0c\xed\x33\xb9\xf3\x07\x81\x7f\xc5\x7e\x63"
"\x2b\x07\x83\x8d\xd8\x17\xda\x54\x41\xc1\x6f\xf8\x01\xdf\x61\x38\x19\x8c\xb8\x6d\x4e\x31\x65\x44\x61\xfb\x7a\xc7\x03\x33\x14\x4f"
"\x98\x70\xb5\xde\x88\xfd\x16\xda\xe4\x01\x2b\x1b\xa9\x01\xc6\xc5\xaf\x21\x1c\xf6\x21\xf7\x87\x7d\x9a\xdb\xf4\x8d\x7c\x0f\x73\xf0"
"\xe8\xf2\xb0\x97\x65\x3c\x20\xa6\xff\x11\x6e\xbb\x8a\xf9\x4e\x48\xc4\x2e\xa5\x03\xb2\x14\x41\x15\xa5\x72\x10\x92\x8b\x5e\x4c\xe0"
"\xac\x72\x4e\x99\x0f\xdd\x08\xc6\x6f\x36\x8b\xe3\x01\x29\x4a\x03\xe0\x6c\x6d\x18\xda\xbc\x95\x08\x09\xc9\xd0\x5b\xb8\xca\xf7\xc8"
"\xb6\x09\x49\xd1\x27\xdb\xf4\x7f\x80\x57\x63\x27\x25\xfa\xf0\x22\xbc\x5e\x1b\xa8\xf8\xf3\xbf\x2c\x9e\x9f\x7e\x60\x5f\x42\x7d\x1d"
"\xfa\x12\x1b\x7a\xa4\x4a\xf4\x7a\x13\x4c\xbb\x1d\x49\xd1\x99\xcd\xe1\x2a\xd8\x42\x54\x5e\x2a\xc0\xe6\xf9\x1f\xe3\x6a\x74\xb5\x3e"
"\xd5\x79\x7e\x74\x00\x62\x01\x50\x1e\x69\xd7\x48\x00\x2f\x55\x1c\x53\xd9\x43\x41\x70\x38\x24\x21\x17\xd0\xac\x9a\x31\x69\xc7\xb9"
"\xf5\x9a\x2a\xa7\xdd\x94\x54\xe1\x52\xe7\xa1\x6b\xc3\x28\x1e\xe1\x16\x79\xdc\x27\x6a\xcb\x3b\x16\x3c\xff\xad\x2b\x40\xf6\x30\x29"
"\x25\x24\xdd\xd0\x26\xb7\x72\xc7\xb6\x51\x63\x33\x98\x12\x36\x8e\x6b\x36\x92\xae\x60\x4b\x2d\xd9\xf4\x7a\x8d\x6a\x2e\xef\x38\xa6"
"\x2d\x34\x36\x55\xa1\x33\x0d\xb2\xa6\x3d\x68\x2d\xe3\xac\xe1\x23\x90\x8e\xbb\xab\x5c\x2d\x3c\xce\x7d\x9c\x87\x01\xfd\x64\xf3\x2a"
"\x1e\x96\x14\x19\xf6\x30\x4e\x20\x49\xb2\xb9\xac\x62\x02\xfb\x75\x5b\x05\xa8\x19\x28\x6a\xf1\x2a\x5b\xcf\xa8\x4e\x4f\x8b\x9d\xfe"
"\x98\x57\x03\x46\xb7\x1c\x67\xbf\xa6\x62\xaa\xa1\x63\xdc\xf4\xeb\xcb\xc1\x0a\x2f\xec\x16\x08\xa5\xb1\x93\xc6\x7a\x30\x50\xd3\xd0"
"\xc8\xbb\x32\x28\x21\xcd\x74\xa7\x52\xa7\xe0\x1c\x1f\x94\xc1\xa0\x7e\xeb\xfd\xbe\x1f\xe3\x7d\x5e\xad\x78\x88\xd1\x7e\x55\x92\x8f"
"\x3a\x18\xd2\x51\x6d\xce\x63\xba\xb7\x2a\x58\x1e\xd3\x95\x39\xbe\x56\x92\x4f\x58\x64\x28\xeb\xd8\x36\xfd\x80\xfe\x6b\x6e\x4e\x23"
"\x65\x37\xac\x98\x90\xba\x6a\x64\x5c\x43\x70\xec\x49\x7e\xe3\xf9\xc4\xae\x5e\xcd\xcb\xc1\xd9\xdc\x8b\xaa\x6d\xb5\xc0\x32\xc4\x86"
"\x07\x9e\xd8\xaf\x1f\x8f\xd8\xa3\x40\xfc\x96\x20\x4e\xc5\x2f\x67\xfb\x95\x56\x79\x76\xf8\xe5\x2c\x1e\x62\x40\xf7\x58\x3f\x9e\x4b"
"\xe0\xa3\x48\xeb\x09\x69\x2a\xee\x12\xe8\x82\xa3\xac\xb4\xa1\xe2\xf1\xf1\x7b\xc2\x81\xf4\xa1\x7e\xb9\x0a\xcc\x7d\x2c\x50\x52\x58"
"\xdf\xe0\x93\xa2\x2a\xc4\xea\xb8\xff\x27\xa4\xaf\x1e\x11\xd6\xf0\x31\xda\xc5\x6b\xa7\xb8\x6a\x7d\xd5\x30\x1e\xa3\xbe\xf1\x8d\xae"
"\x99\xb9\x38\x61\xa3\x84\x8e\x2a\x8f\x6c\xb5\x16\x79\x33\x76\x6b\x48\x71\x46\x47\xbf\xbd\xa4\xa6\xc7\xb4\xe8\xab\xe5\x18\xa8\x0a"
"\x21\x5f\xa1\x63\xc2\xbb\xb8\x6e\x19\xa4\x30\x50\x87\x72\xe0\xa4\xc4\x16\x2a\x25\xcd\x74\xf4\x76\x4e\x48\x90\x21\x2f\x9d\xda\x31"
"\x1d\x0f\x59\x1e\x0f\x32\x69\x00\xd8\xd9\x7e\xda\x60\xb0\x35\x91\x06\x03\xd8\x75\x2c\x49\x8d\x3c\x1e\xf6\x6a\x66\xdf\x1c\xad\x34"
"\xae\xa3\x5c\x39\xd0\x07\x1d\xeb\x80\x08\xde\x15\x92\x51\x4e\x8a\xeb\x4b\xca\x20\x27\xb9\xf5\x25\x07\xa4\x3a\x7e\x17\x24\xa4\xb4"
"\xe6\xca\xad\xf0\x3b\x13\x51\x3a\xe6\xe3\x8b\xb2\x2a\xf8\x56\x49\x65\x7d\x05\xa2\x03\xb0\xb4\x7d\x33\x21\x91\xd5\x79\xc6\x27\xa4"
"\xb1\xb0\x6f\xf2\x18\x83\x10\xe7\xf0\x1c\x65\x7e\x98\xb0\x6e\xbe\x6d\x3a\x28\xdb\x31\x84\x3d\x09\x8d\x83\xf8\xcc\x46\x8c\x62\xef"
"\xbd\xce\x0e\xe2\x7c\xef\xe0\x07\xf4\xfe\xcf\x45\x5c\x6b\xd4\x81\x32\x92\x10\xdf\xe2\xb4\x7e\xe1\x34\x4f\x26\xfa\xaf\x05\x14\x6c"
"\xa3\xd6\x80\xf1\x50\x7b\xa0\x5a\x6b\xfe\xd3\x90\xa6\xd0\xd0\xe0\x11\xa6\x4d\xb8\x69\xa4\xca\x05\xce\x31\x00\x24\x8b\x17\x4e\xcf"
"\x52\x78\xe3\xca\x9c\x77\x20\xad\x75\x0f\xc2\xde\xef\xe0\xc1\xcc\x9c\x3e\x99\xb4\x18\x84\x34\x55\x2b\x80\x2e\x20\x89\x5b\x23\x49"
"\xb7\xc6\x9d\x29\x9f\x3a\x5d\x76\xfa\xde\xb4\xfb\x76\x14\xdf\x5f\x1e\xd9\xde\xbe\x9e\xa0\xda\x6c\xd1\x75\xf5\x3b\x09\x58\x75\x3e"
"\x15\x00\x6b\x45\x0f\xe5\x15\x9c\x31\xa6\x85\x64\x2c\x14\x4e\x23\x3f\xe3\x27\x2d\x3b\x90\x06\xe3\x29\x27\x4f\x17\xcc\x02\xac\x7d"
"\x81\x8f\xef\xad\xef\x68\xdc\x26\x81\xf4\x1f\x1b\xe5\xde\xc1\x33\x7b\x7e\x59\xc4\xe7\xda\xe5\xd9\xe1\x7f\xfe\x03\x47\x13\xd3\x13"
"\x00\x00";
static const ArdAssetChunk Json0[] PROGMEM = {
  {Json0_0,sizeof(Json0_0)-1},
};
#else
static const char Json0_0[] PROGMEM =
"\x1f\x8b\x08\x00\x00\x00\x00\x00\x02\xff\x7d\x58\xdd\x6e\xeb\xb8\x11\x7e\x15\x22\x45\x81\x2c\x9a\x26\x91\xff\x9d\xbd\x38\xc8\x49"
"\x4e\x70\xd2\xe6\x24\x6e\xec\xb3\x7b\xb3\x40\xc1\x48\x54\x4c\x44\x22\xb5\xa4\x14\xd7\x30\x0c\xf4\x69\xfa\x0a\xbd\xef\xa3\xf4\x49"
"\x3a\x33\xd4\x50\xb2\x37\xdb\x9b\xc0\x9c\xa1\x48\xce\xcc\x37\x1f\x3f\x66\x77\xd2\xe8\xbf\x5f\x5e\x26\x27\x57\x27\xcf\x4a\x66\xda"
"\xbc\x0a\x5f\xcb\xba\xf1\xff\xfd\xe7\xbf\x4e\xce\x82\x73\x00\xce\x7b\x93\x5b\x1e\x8f\x61\x7c\xab\xde\x75\xaa\xd8\x32\x89\x16\x61"
"\x64\x19\xcd\x53\x30\x5f\x2f\xc8\x74\x26\xd6\xd6\xd7\xf8\x4b\x48\x93\x89\x6f\x7f\x5b\xad\xc4\xfd\xed\xb9\x78\x50\x75\xad\x9c\x3f"
"\x13\x99\x7e\xd5\xb5\x27\xe7\x7a\x5b\xad\x95\xf1\x3f\x8a\x74\x2d\xcd\xab\xf2\xc2\xa9\xd4\x1a\xa3\xd2\xfa\x9c\x57\x9e\xc1\xca\x4b"
"\xf9\x1e\x77\x9a\xc3\xf8\x4e\xa6\xb5\x75\x5b\x98\xed\x55\xdd\x3a\x92\x4b\x70\xdc\x48\x93\xaa\x82\x2d\x18\xea\xcf\xfa\xcf\x77\x5a"
"\xc0\xb4\xa6\x62\x33\x06\xb9\x4c\xa5\x11\x46\xd5\x1b\xeb\xde\x3c\x3b\x86\x18\xc4\xbb\xd4\x85\x7c\x29\xd4\x6f\xbc\x23\x5c\x7f\x6d"
"\xad\x87\xb8\xd8\xc9\x3e\xcc\xd3\x72\x79\x7f\xcb\xe3\x49\xdc\xb9\x92\xde\xc3\xcc\x8c\x3d\x98\xa8\x2f\x65\x55\x6f\xc5\x9b\x52\x95"
"\x17\xf5\x5a\x09\x0f\xe1\x65\x71\xa6\xc8\xad\x03\xb3\xf6\xbc\x09\xa7\x22\xc1\x54\xdc\x84\xf4\x50\xf6\x7a\x69\x49\x30\x2d\x37\x85"
"\x92\x4e\xd0\xbe\xad\x79\x70\xc9\x66\x1f\xec\xf4\x1d\x94\xdd\x41\x01\xae\x17\xe7\xe2\x09\xf6\x77\x98\x9e\x1a\xf0\x80\xe9\x2f\xa5"
"\x36\xbc\xe1\x20\x09\x55\xed\x67\x6f\x30\x68\x2b\x1d\xce\xd6\x07\xc1\x00\xf3\xf7\xa8\x36\xb0\xf0\x71\xd8\x83\xd1\x07\x61\xf3\x9c"
"\x73\xd1\x22\x07\x22\x2f\x0a\xbb\xf1\xa2\x07\xb0\x73\xf1\xcc\x90\x10\x32\x07\x00\x31\x54\xe2\x21\xc7\x2d\x40\x60\x15\x36\x61\xfa"
"\x09\x77\x07\x27\xc7\xd4\x7f\x76\xf6\x0d\xd6\x90\x59\x06\xd8\xe1\xd2\x0e\xf1\xe0\x0b\xeb\x18\x4a\x43\x3c\xed\x77\xaf\x5c\x2f\xb8"
"\xe1\x98\xd7\x3c\x0a\x6d\x38\xf9\x3f\xa1\x75\xb5\x7c\xa1\x8d\x2f\x1a\x58\xf5\x5c\x84\xe9\xc1\x04\xed\xe0\x11\x6f\x9e\x3a\x85\xa3"
"\x1a\x62\xad\x9f\x56\xd7\xa2\xa9\x32\x59\xc7\x43\xcc\x3b\x0c\xe6\xda\x95\x1b\xe9\xd8\x35\xc2\x4a\x77\xbb\x59\x09\x9b\x63\xad\xf3"
"\x42\xfa\xb5\x28\xe4\xd6\x36\x35\x6c\xbc\x5c\x0c\x07\x57\x42\x56\x55\xa1\x53\x59\x6b\x6b\xc4\xf9\x8b\x36\xc2\x9a\x62\xcb\x5b\x8f"
"\xb0\xea\x77\x47\xab\x63\xd5\xbf\x57\x85\x95\xd9\xe1\x89\x46\x98\xba\xbf\x42\xdc\xa2\xb2\x1b\x08\xc6\x1a\x2c\x58\x0b\xb0\x0d\xf4"
"\xb6\x48\x6d\x59\x15\xaa\x56\x3f\xfe\x1e\xca\x46\xa3\x00\x6b\x6f\x8b\xb8\x2a\x46\xbf\xb2\x95\x4e\xd9\x80\x81\xff\x24\x8b\x86\x67"
"\x8c\x31\xdc\xa5\x32\x5c\x85\x31\x41\xd5\x6c\x45\x8d\x5f\x09\xf5\x8f\x54\x55\xb5\xf8\xc3\xc5\x9f\xce\x5b\x30\x5d\x89\xb4\x34\xd9"
"\x05\x56\xf4\x02\x8e\x54\x42\x6e\xce\xc4\xab\xaa\x8f\x2c\xc8\x88\x07\x26\x3e\xe5\x38\x64\xa0\x17\xfa\x18\x43\xff\x6a\x23\x42\xc6"
"\xa3\x96\x57\x0c\x04\xd9\x71\xea\x78\x4c\x84\x0b\xc1\x0b\x59\x14\x31\x09\x9f\xd8\x3d\x09\xf0\x3d\xfc\x66\xda\x75\x3a\xf2\x34\xb5"
"\x6e\xcf\x3d\x3b\x74\x23\x70\x7a\xde\x23\x2a\xf8\xd4\xeb\xa0\x77\x2d\xb1\xed\xdb\x99\x13\x8c\x40\xfc\xe7\xdf\xe2\x67\xa9\x69\x21"
"\xc4\xcf\xe3\x8a\xdb\x68\x32\x8a\x2c\x96\x03\x29\x2a\x68\xd4\x9b\xb5\x4a\xdf\x04\x32\xdd\x45\xec\x5e\x9e\x8d\x71\x9e\xae\x75\x96"
"\x29\xf3\x03\xdb\x3e\xbe\x2d\x26\x14\xde\x5a\x57\xa2\xde\x56\xd1\x38\x63\x63\xa4\xd1\xc9\x3c\xc4\x99\xeb\xd7\xc6\xa9\x16\xcb\xad"
"\x6f\x8a\x00\x58\xac\xb7\x1e\x70\x5c\x1c\x7a\x12\x02\x4f\x0d\xe6\xb5\x92\xdc\xfd\x53\xaa\x9f\x91\x4c\xef\x6c\xc6\x14\xdc\x39\xa5"
"\x0e\xe6\x8e\xda\xe6\xf3\x95\x8c\x37\xdf\x74\x4c\x00\xa8\x75\x0c\x63\x4a\xd1\x01\x20\xa8\xd1\xfa\x0e\x8c\xef\xe3\x9c\x4e\x7b\xa5"
"\x53\x0c\xde\x29\xc6\x79\xab\x7d\x7a\x64\x9f\x61\x8c\x0f\xd7\x8f\xe2\x9e\x3f\x9f\xb5\x8c\xdc\x19\x30\xac\xd2\x36\xa6\xf7\x15\x86"
"\x64\x6c\x2d\x8e\xcc\xa3\xae\x16\x36\xcf\x0b\x6d\x0e\xb9\xb5\x16\x78\x29\x1b\xa0\xef\xfb\x45\xcb\xb4\xcc\xf1\x47\x8c\x3b\x1b\x47"
"\x32\x38\x40\xed\x6c\xd2\x83\x25\x30\x4b\x01\x32\x80\x21\x93\xd1\xc6\x71\x85\x69\x9b\x60\x4c\x5a\x26\x90\x9a\xd8\x33\x27\x05\xf2"
"\x2e\x0b\x9d\x01\x75\x10\x29\x88\x12\xa8\x5a\xbe\x72\x76\xe7\x97\x1d\x5f\x7c\x10\xc9\xc1\x91\xe6\x09\x13\xc9\xc5\x3b\xb2\x07\xd0"
"\x83\x85\x73\x99\x57\xde\x6f\x8e\xf9\xfb\xba\x5a\x2d\x84\x72\x0e\x2a\xb5\x0b\x92\x68\xcf\xee\x51\xc7\x7b\x3b\x44\xf0\x9e\x6a\xed"
"\x02\xc3\x11\xd5\x87\xc8\xb8\x9d\xe7\xe3\x36\xb2\x8f\x97\xc3\x0c\xed\x32\xb9\xf5\x7b\x81\x7f\xc5\x6e\x6d\x1b\x07\x83\xb5\xd8\x95"
"\xda\x34\xb5\x82\xdf\xf0\x03\xbe\xc3\x70\x32\x18\xf1\x1d\x35\xc7\x94\x11\x85\xed\xc2\x8e\x7b\x66\x28\x9e\x30\xe3\x6e\xbd\x12\xbb"
"\x8d\xce\xf5\x1e\x3b\x1b\xa9\x01\xc6\xe5\xaf\x75\xbd\xdf\xd5\x85\xdf\xef\xd2\xc2\xa6\x6f\xe4\xbb\x5f\x80\x47\x57\xfb\x9d\xac\xe2"
"\x01\x31\xfd\x0f\x50\xed\x26\xe6\x3b\x21\xc5\xb8\x92\x0e\xc8\x52\xd4\xaa\xac\x94\x83\x90\x5c\xf4\x62\x02\x6f\x1a\xe7\x94\xf9\xd0"
"\x8d\x60\xfc\x66\xb3\x38\x1e\x91\x7c\x33\x00\xce\xce\x86\xa1\x2d\xba\xfb\x38\x21\xcd\x77\x0d\xa5\x7c\x8f\x6c\x9b\x90\xee\x7b\xb4"
"\x35\x04\x16\x2e\xae\xd6\x4e\xb2\xef\xfe\x59\x78\xfd\x6a\xa0\xe3\x4f\xff\xb2\x7c\x7a\xfc\x81\x7d\x09\xdd\xeb\x70\x2f\xb1\x61\x40"
"\x12\x40\xbf\xae\x6b\xd3\x6d\x47\xba\xef\xc6\x16\x50\x0a\xb6\x10\x95\x57\x0a\xb0\x79\xfa\xc7\xb8\x1a\x95\xd6\xa7\xba\x28\x0e\x0e"
"\x40\x2c\xa0\x5d\x00\x3d\x1b\x09\xe0\x95\x8a\x63\x6a\x7b\x68\x08\x0e\x87\xf4\xda\x12\x2e\xab\x76\x4c\x42\x6d\x61\xbd\xa6\xce\xe9"
"\x36\x25\x09\xb6\xd2\x45\xdd\xb7\x61\x14\x0f\x50\x45\x1e\x0f\x89\xda\x8a\x9e\x05\xcf\x7f\xed\x4a\x50\xe2\x4c\x4a\x09\xe9\x24\xb4"
"\xc9\x8d\xdc\xb2\x6d\xd2\xda\x0c\xa6\x84\x8d\xd3\xc0\x46\xd2\x95\x6c\xa1\xeb\x18\xd2\xf6\x8a\xd2\xa9\xe8\x39\xe6\x1d\x34\xd6\x4d"
"\xa9\x33\x0d\xb2\xa6\x3b\xe8\xf0\x92\xba\xcf\xf0\x11\x86\x18\xcc\x6d\xe3\x82\xf0\x38\xf5\x71\x1e\x06\xf4\x93\x2d\x9a\x78\x58\x52"
"\x64\x78\x87\x71\x02\x49\x92\x2d\x64\x13\x13\x38\x0c\xd7\x2a\x40\xcd\x40\x53\x8b\x17\xd9\x79\x26\x21\x3d\x1d\x76\x86\x53\x5e\x0d"
"\x18\xdd\x72\x9c\xc3\x40\xc5\xd4\x43\x87\xb8\x19\x86\xe2\x60\x87\x97\x76\x03\x84\xd2\xda\x49\x63\xdd\x1b\xe8\x69\xb8\xc8\xfb\x32"
"\x28\x21\xcd\x74\xab\x52\xa7\xe0\x1c\x1f\xb4\xc1\x28\x3c\xac\x7e\xdf\x8f\xf1\x3e\xe5\x39\x0f\x31\xda\xaf\x4a\xf2\x51\x47\x63\x3a"
"\xaa\x2d\x78\x4c\x75\x6b\x6a\xcb\x63\x2a\x99\xe3\xb2\x92\x7c\xc2\x26\x43\x59\xc7\xb6\xf9\x07\xf4\x1f\xb8\x39\x8d\x94\xdd\xb2\x62"
"\x42\xea\xaa\x95\x71\x2d\xc1\xb1\x27\xf9\x8d\xe7\x13\xbb\x06\x81\x97\x6b\x67\x0b\x2f\x9a\xee\xaa\x05\x96\x21\x36\xdc\xf3\xc4\x61"
"\x78\xa9\xe1\x1d\x05\xe2\xb7\x02\x71\x2a\x7e\x39\xd9\xe5\x5a\x15\xd9\xfe\x97\x93\x78\x88\x11\xd5\x31\xbc\x54\x2b\xe0\xa3\x48\xeb"
"\x09\x69\x2a\xbe\x25\xd0\x05\x47\xc9\xb5\xa1\xe6\xf1\xf1\x7b\xc2\x81\xf4\x75\x78\x26\x0a\xcc\x7d\x6c\x50\x52\x58\xdf\xe0\x93\xb2"
"\x29\x45\x7e\x78\xff\x27\xa4\xaf\x1e\x10\xd6\xf0\x31\xda\xc5\x4b\xaf\xb9\x82\xbe\x6a\x19\x8f\x51\xdf\xfa\x26\x97\xcc\x5c\x9c\xb0"
"\x49\x42\x47\x95\x07\xb6\xa0\x45\xde\x8c\xdd\x18\x52\x9c\xd1\x31\xec\x8a\xd4\xde\x31\x1d\xfa\x82\x1c\x03\x55\x21\xe4\x0b\xdc\x98"
"\xf0\x08\x0d\x57\x06\x29\x0c\xd4\xa1\x1c\x38\x29\xb1\xa5\x4a\x49\x33\x1d\x3c\x54\x13\x12\x64\xc8\x4b\xc7\x76\x4c\xc7\x7d\x56\xc4"
"\x83\xcc\x5a\x00\xf6\xb6\x9f\xb7\x18\xec\x4c\xa4\xc1\x00\x76\x3d\x4b\x12\x90\xc7\xc3\x41\x60\xf6\xf5\xc1\x4a\xd3\x10\x65\xee\x40"
"\x1f\xf4\xac\x23\x22\x78\x57\x4a\x46\x39\x29\xae\x2f\x29\x83\x9c\xe4\xd6\x97\x02\x90\xea\xf8\x5d\x90\x90\xd2\x5a\x28\x97\xe3\x77"
"\x26\xa2\x74\xca\xc7\x17\x55\x53\x72\x55\x49\x65\x7d\x05\xa2\x03\xb0\x74\xf7\x66\x42\x22\xab\xf7\x66\x4e\x48\x63\xe1\xbd\xc9\x63"
"\x0c\x42\x9c\xae\x1e\x96\xcc\x0f\x33\xd6\xcd\xd7\xed\x0d\xca\x76\x0c\x61\x47\x42\x63\x2f\x3e\xb3\x11\xa3\xd8\x79\xaf\xb3\xbd\x38"
"\xdd\x39\xf8\x01\x77\xff\xe7\x32\xae\x35\xe9\x41\x19\x49\x88\xab\x38\x0f\x2f\x9c\xf6\xc9\x44\xff\x22\x80\x86\x6d\xd5\x1a\x30\x1e"
"\x6a\x0f\x54\x6b\xed\xb3\x3e\x4d\xe1\x42\x83\x47\x98\x36\xf5\x55\x2b\x55\xce\x70\x8e\x01\x20\x59\x2c\x38\x3d\x4b\xe1\x8d\x2b\x0b"
"\xde\x81\xb4\xd6\x1d\x08\x7b\xbf\xf5\x40\x49\x6c\x9d\x75\x18\x84\x34\x35\x39\x40\x17\x90\xc4\x57\x23\x49\xb7\xd6\x9d\x29\x9f\x3a"
"\x5d\xf5\xee\xbd\x79\xff\xed\x28\xbe\x3f\x3f\xb0\xbd\x7b\x3d\x41\xb7\xd9\xb2\xef\x1a\xf6\x12\x90\xf7\x3e\x15\x00\x6b\x45\x0f\xe5"
"\x1c\xce\x18\xd3\x42\x32\x16\x1a\xa7\x95\x9f\xf1\x93\x8e\x1d\x48\x83\xf1\x94\xa3\xa7\x0b\x66\x01\xd6\x3e\xc3\xc7\xf7\xc6\xf7\x34"
"\x6e\x9b\x40\xfa\xf7\x88\x72\xef\xe0\xb9\x79\x7a\x5e\xc6\xe7\xda\xf9\xc9\xfe\x7f\x7b\xd3\xf2\x5d\x40\x13\x00\x00";
static const ArdAssetChunk Json0[] PROGMEM = {
  {Json0_0,sizeof(Json0_0)-1},
};
#endif
#else
#if ARDPORTAL_ENABLE_MQTT_TLS
static const char Json0_0[] PROGMEM =
"\x1f\x8b\x08\x00\x00\x00\x00\x00\x02\xff\x7d\x57\xdb\x6e\xdb\x46\x10\xfd\x95\x81\xfb\xe2\xa0\xae\x6c\xdd\x25\xe7\x21\x70\xe4\x18"
"\x31\x6a\xc7\xaa\xa5\x34\x2f\x01\x8a\x35\xb9\x14\x17\x26\x77\x19\xee\xd2\xaa\x40\x08\xe8\xd7\xf4\x17\xfa\xde\x4f\xe9\x97\x74\x66"
"\xc9\x21\x29\xc5\xed\x8b\x21\xce\xec\x65\xe6\xcc\x99\x33\xeb\xf2\xa4\x50\xbf\x5d\x5c\xf4\x4f\x2e\x4f\x1e\xa5\x08\x95\xde\x80\x75"
"\xc2\x15\xf6\x9f\x3f\xfe\x3c\x39\xab\x9c\x03\x74\xde\xea\xc8\xf0\xf7\x18\xbf\xaf\xe5\x8b\x0a\x24\x5b\x26\x8d\x05\xb4\x48\x1b\xf3"
"\x14\xcd\x57\x4b\x6f\x3a\x83\xd8\x58\x47\xbf\x40\xe8\x10\xee\x7f\x59\xaf\xe1\xf6\xba\x07\x77\xd2\x39\x99\xdb\x33\x08\xd5\x46\x39"
"\xeb\x9d\xf1\x2e\x8b\xa5\xb6\x6f\x21\x88\x85\xde\x48\x0b\xb9\x0c\x8c\xd6\x32\x70\x3d\x3e\x79\x86\x27\xaf\xc4\x4b\x73\xd3\x1c\xbf"
"\x6f\x44\xe0\x4c\xbe\xc3\xd5\x56\xba\xda\xd1\xbf\x40\xc7\x42\xe8\x40\x26\x6c\xa1\x54\xbf\xa8\x9f\x6e\x14\xe0\xb2\x22\x63\x33\x25"
"\xb9\x0a\x84\x06\x2d\xdd\xd6\xe4\xcf\x96\x1d\x43\x4a\xe2\x45\xa8\x44\x3c\x25\xf2\x3b\xef\x88\xce\x8f\x8d\xb1\x98\x17\x3b\xd9\x47"
"\x38\xad\x56\xb7\xd7\xfc\x3d\x69\x6e\xce\x84\xb5\xb8\x32\x64\x0f\x01\xf5\x21\xcd\xdc\x0e\x9e\xa5\xcc\x2c\xb8\x58\x82\xc5\xf4\xc2"
"\x66\x25\x44\x26\x47\xb3\xb2\x7c\x09\x43\xd1\x27\x28\x16\x15\x3c\x1e\xbd\x0e\x2c\x7d\x82\x65\x91\x48\x91\x83\xbf\xb7\x36\x0f\x2e"
"\xd8\x6c\x2b\xbb\xdf\x87\x65\xcf\xb1\x00\x57\xcb\x1e\x3c\xe0\xfd\x39\xc1\xe3\x90\x0f\x04\x7f\x2a\x94\xe6\x0b\x07\xfd\xaa\xaa\x5d"
"\xf4\x06\x83\xba\xd2\x55\x6c\x5d\x12\x0c\x08\xbf\x4f\x72\x8b\x07\x1f\xa7\x3d\x18\xbd\x92\x36\xaf\xe9\x41\xcd\x1c\xcc\x3c\x49\xcc"
"\xd6\x42\x87\x60\x3d\x78\x64\x4a\x80\x88\x90\x40\x4c\x95\x26\xc8\x71\x4d\x10\x3c\x85\x4d\x04\xbf\xe7\xdd\x41\xe4\x04\xfd\xfb\xdc"
"\x3c\xe3\x19\x22\x0c\x91\x3b\x5c\xda\x01\x01\xbb\xce\x85\xb6\x99\xc9\x99\x4f\x03\x42\x74\xbd\xe0\x33\x87\x84\xe4\xfa\x6e\xc5\x9f"
"\x04\xcd\xe2\x0a\x02\x99\x3b\x15\xa9\x40\x38\x09\xa7\xcb\x0f\xf7\x6f\xd8\x3f\xf0\x6d\xf6\xad\x50\x78\x0f\xb8\xbc\xb0\x0e\x4b\xbc"
"\xb8\x3a\x83\x54\xb8\x20\xa6\xe6\x3b\xe8\x92\x4f\xeb\x25\x38\x85\xe9\xf2\x7e\xc2\x72\xd9\x46\x33\x24\x00\x3f\x5b\x99\x77\xf0\x1e"
"\x8e\x39\xcd\x23\xb4\x87\x93\xff\x41\xbb\xa5\xd7\x93\xc7\xe2\xbc\xc0\x53\x7b\x50\x2d\xaf\x4c\xd8\xa1\x96\x5a\xc0\xfa\xe6\x6d\x42"
"\x22\x94\x1e\xd6\x57\x50\x64\x21\xa6\xcb\xd6\x79\xdb\x16\x91\xca\xd3\xad\xc8\xd9\x35\x22\xc8\xda\xdb\x8c\xc0\xcb\x29\xd7\x28\x11"
"\x36\x86\x44\xec\x4c\xe1\xf0\xe2\xd5\x72\x38\xb8\x04\x91\x65\x09\xc1\xa8\x8c\x86\xde\x93\xd2\x60\x74\xb2\xe3\xab\x47\x84\xf6\xcd"
"\xd1\xe9\x84\xf0\xe7\x2c\x31\x22\x3c\x8c\x68\x44\xd0\xfd\x8c\x79\x43\x66\xb6\x98\x8c\xd1\xc4\xa1\x9a\xf3\x5b\x94\x1b\x08\x4c\x9a"
"\x25\xd2\xc9\xb7\xff\x45\xfc\xd1\xa8\xea\x34\x6b\x92\xe6\x54\xcf\x11\x93\xa9\x80\x0d\x94\xf8\xaf\x22\x29\x78\xc5\x98\xd2\x5d\x49"
"\xcd\x55\x18\xfb\xee\xd1\x3b\x70\xb4\x0b\xe4\xef\x81\xcc\x1c\xfc\x70\xfe\x63\xaf\xe6\xf7\x25\x04\xa9\x0e\xcf\xa9\xa2\xe7\x18\x52"
"\x8a\xd8\x9c\xc1\x46\xba\x23\x0b\x89\xf4\x81\x89\xa3\x1c\x57\x08\x74\x52\x1f\x53\xea\x1f\x4d\xc3\x90\xf1\xa8\x96\x3a\x8d\x49\xb6"
"\x32\x3f\x1e\x7b\x72\x62\xf2\x20\x92\xa4\x01\xe1\x1d\xbb\x27\x55\x47\x1d\xee\x99\xb6\xe2\x43\xec\xf5\x6a\xd2\x71\xcf\x0e\xdd\x44"
"\x9c\x8e\xf7\x48\x9d\xde\x75\x9a\xfa\x45\x09\x52\xa2\x7a\xe5\x84\x32\x80\xbf\xff\x82\x2f\x42\xf9\x83\x88\x3f\xd8\x1c\xec\x1e\x35"
"\xc2\x1a\xa1\x4e\x4b\xd4\x8e\x45\x2c\x83\x67\x20\xf1\x3d\x6f\x04\x85\x57\x53\x9e\xa7\xb1\x0a\x43\xa9\xb9\x31\x27\xaf\x0f\xb0\x89"
"\x4f\x2f\x56\x19\xb8\x5d\xd6\x18\x67\x6c\x6c\x94\x7d\x32\xaf\xf2\x8c\xd4\xa6\xc8\x65\xcd\xe5\xda\x37\x25\x02\x2c\xe3\x9d\x45\x1e"
"\x27\x87\x9e\xbe\x27\x8f\x43\x73\x2c\x05\x0b\xd2\xd4\xd7\x4f\x0b\x9e\x38\x6c\x26\x08\x6e\x72\x29\x0f\xd6\x8e\xea\xe6\xb3\x99\x68"
"\x86\xf1\x74\xec\x09\x40\xba\xc1\x16\x9f\x1d\x89\x11\x35\x5a\xd7\x41\xf9\xbd\x8e\xe9\xb4\x53\x3a\xc9\xe4\x9d\x52\x9e\xd7\xca\x06"
"\x47\xf6\x19\xe5\x78\x77\xf5\x09\x6e\x79\xfb\xac\x1e\x12\xad\x81\xd2\x4a\x4d\xa1\x3b\xbb\x28\x25\x6d\x1c\x1c\x99\x47\x6d\x2d\x4c"
"\x14\x25\x4a\x1f\xca\xbd\x03\x7a\x27\x68\x9c\x28\xb7\xcb\x5a\xfc\x79\xec\x1c\x0d\x81\xd9\xb8\x11\x83\x03\xd6\xce\x26\x1d\x5a\xa2"
"\xb2\x24\xa8\xb9\x4c\x99\xd0\x5f\xdc\x9c\x30\xad\x01\x26\xd0\x42\x20\x69\x62\xcf\xdc\x3f\x8a\x5e\x44\xa2\x42\x94\x0e\x2f\x0a\x90"
"\xe2\xf4\x10\x1b\x46\x77\x7e\xd1\xea\xc5\x2b\x99\x1c\x84\x34\xef\xb3\x90\x9c\xbf\x90\x7a\xa0\x3c\x18\x8c\x4b\x6f\xf8\xbe\x39\xe1"
"\xf7\x71\x8d\x03\x41\xe6\x39\x56\xaa\xac\x5e\x69\x7b\x76\x8f\x5a\xdd\x2b\x89\xc1\x7b\x5f\xeb\xbc\x52\x38\x2f\xf5\x55\x66\xdc\xce"
"\xf3\x71\x9d\xd9\xeb\xc7\x11\x42\x65\x28\x76\x76\x0f\xf4\x17\xca\xd8\x14\x39\x7e\xc4\x50\xa6\x4a\x17\x4e\xe2\x6f\xfc\x81\xfb\x28"
"\x9d\x10\xbf\x78\x6c\xce\x09\x32\x2f\x61\x65\x75\xe3\x9e\x15\x8a\x17\xcc\xb8\x5b\x2f\xa1\xdc\xe2\x98\xdc\x53\x67\x93\x34\xe0\x77"
"\xfa\xcd\xb9\x7d\xe9\x12\xbb\x2f\x83\xc4\x04\xcf\xde\x77\xbb\x44\x8f\xca\xf6\xa5\xc8\x9a\x00\x09\xfe\x3b\xac\x76\xd1\xe0\xdd\xf7"
"\xda\x7b\x4c\x9c\xaa\xaa\x41\x53\xec\x1a\xcf\xbe\xd7\xe5\x7a\x00\xd4\xd0\xb0\xa7\xff\x9d\xe7\x1d\xbb\x06\x55\x45\x5d\x6e\x12\x0b"
"\x45\xdb\xa4\x18\x9f\xc7\x71\xcf\x0b\x87\xd5\xb3\x93\xd8\x8d\x63\x33\xc3\xb1\x06\x5f\x4f\xca\x48\xc9\x24\xdc\x7f\x3d\x69\x82\xa0"
"\xaa\xdd\x55\xf4\xc4\x51\xbc\x91\x0d\x21\xfa\x5e\x8d\x99\x5f\xe4\xc2\x50\x22\xa5\x15\xe5\x60\x9b\xfd\x13\x8f\x82\x75\xd5\x9b\x17"
"\xff\x0a\x6b\x34\x3b\xa9\x10\xf7\xb8\x25\x2d\x52\x88\x0e\x95\xa3\xef\x95\xf9\x4e\xe4\xd8\x2d\xce\xdb\xe1\x89\xe0\xae\xbd\x5e\x6f"
"\x6b\x24\x6b\x0a\x61\x84\xec\x1c\xd5\xa2\x01\xe2\x09\x1b\x02\x9f\xbd\x15\x23\xbc\x80\xd0\x98\xe1\xe8\xbc\xd0\xae\x64\xe0\x25\xf1"
"\xe0\x69\xdc\xf7\x7a\xfb\x90\x49\x7d\x64\xf7\x42\xd2\x79\xaa\xf6\xbd\x8e\x10\x37\xf8\x9b\x2a\x00\xa7\xf8\xe4\x7a\xc3\x16\x9e\x0d"
"\x57\x35\x4b\xd8\x4e\x61\x96\xbe\x99\xf6\xf0\x9e\x8d\x14\x52\x69\xad\x0a\xf7\x70\x5a\xe6\xf8\x03\xf9\xfd\x3e\xe5\xb3\xe6\xd5\xb0"
"\xae\xa7\xbf\x7f\x80\x23\x83\x6a\xe1\x71\xc6\xb7\x11\x09\x4f\xfd\x68\x0e\x02\xec\x77\x7c\x4f\x28\xed\x2e\xeb\xae\x3b\xa3\x35\x1a"
"\x41\x33\x94\x9c\x7f\x61\xe1\x73\x4d\x24\x8c\x89\x97\x8d\x1b\x9c\x51\x76\x87\x6f\xbf\x94\xad\xb3\x16\x6f\xec\x94\x22\xc2\xff\x64"
"\x10\xb5\x9c\xdd\xd3\xd6\x1d\x4a\x1b\xe4\x2a\x23\x1a\x70\xd0\xdd\x67\x10\x7c\x7e\xbc\x63\x7b\xfb\x10\xc0\xf2\x9b\xb4\xeb\x1a\x76"
"\xc8\x15\x75\xb6\x02\x96\x50\xfa\x37\x5f\x84\x31\x72\xd0\x5e\x5c\xae\xcd\x56\xd7\x4a\xda\x6c\x69\xe9\xea\xe5\x84\x97\x1c\x4d\x61"
"\x42\x01\xcf\x3e\xa3\x77\xe4\xd6\x76\xe4\xba\x06\xd0\xff\xf3\x21\xf3\x17\xf4\x2c\x1e\x1e\x57\xcd\xcb\xa3\x77\xb2\xff\x17\x40\x2c"
"\x50\x77\x9e\x0e\x00\x00";
static const ArdAssetChunk Json0[] PROGMEM = {
  {Json0_0,sizeof(Json0_0)-1},
};
#else
static const char Json0_0[] PROGMEM =
"\x1f\x8b\x08\x00\x00\x00\x00\x00\x02\xff\x7d\x57\xdb\x6e\xdb\x46\x10\xfd\x95\x81\xfb\x92\xa0\xae\x6c\xdd\x25\xe7\x21\x70\xec\x1a"
"\x31\xaa\xd8\xaa\xa5\x34\x2f\x01\x8a\x35\xb9\x94\x16\x26\x77\x59\xee\x52\xaa\x40\x08\xe8\xd7\xf4\x17\xfa\xde\x4f\xe9\x97\x74\x66"
"\xb9\x43\x51\x8a\xdb\x17\x43\x9c\xd9\xcb\xcc\x99\x33\x67\xc7\xd5\x59\xa9\x7e\xbd\xbc\xec\x9e\x5d\x9d\x3d\x49\x11\x2b\xbd\x02\xeb"
"\x84\x2b\xed\x3f\x7f\xfc\x79\x76\x5e\x3b\x7b\xe8\xbc\xd7\x89\xe1\xef\x21\x7e\xdf\xca\x8d\x8a\x24\x5b\x46\x8d\x05\xb4\xc8\x1a\xf3"
"\x18\xcd\xd7\x73\x6f\x3a\x87\xb5\xb1\x8e\x7e\x81\xd0\x31\x7c\xfa\x79\xb9\x84\xfb\xdb\x0e\xcc\xa4\x73\xb2\xb0\xe7\x10\xab\x95\x72"
"\xd6\x3b\xd7\xbb\x7c\x2d\xb5\x7d\x07\xd1\x5a\xe8\x95\xb4\x50\xc8\xc8\x68\x2d\x23\xd7\xe1\x93\x27\x78\xf2\x42\x6c\x9a\x9b\xa6\xf8"
"\x7d\x27\x22\x67\x8a\x1d\xae\xb6\xd2\x05\x47\xf7\x12\x1d\x37\x42\x47\x32\x65\x0b\xa5\xfa\x45\xfd\x70\xa7\x00\x97\x95\x39\x9b\x29"
"\xc9\x45\x24\x34\x68\xe9\xb6\xa6\x78\xb1\xec\xe8\x53\x12\x1b\xa1\x52\xf1\x9c\xca\x6f\xbc\x03\x3a\x7f\x6d\x8c\xc5\xbc\xd8\xc9\x3e"
"\xc2\x69\xb1\xb8\xbf\xe5\xef\x51\x73\x73\x2e\xac\xc5\x95\x31\x7b\x08\xa8\x1f\xb3\xdc\xed\xe0\x45\xca\xdc\x82\x5b\x4b\xb0\x98\x5e"
"\xdc\xac\x84\xc4\x14\x68\x56\x96\x2f\x61\x28\xba\x04\xc5\x4d\x0d\x8f\x47\xaf\x05\x4b\x97\x60\xb9\x49\xa5\x28\xc0\xdf\x1b\xcc\xbd"
"\x4b\x36\xdb\xda\xee\xf7\x61\xd9\x0b\x2c\xc0\xf5\xbc\x03\x8f\x78\x7f\x41\xf0\x38\xe4\x03\xc1\x9f\x09\xa5\xf9\xc2\x5e\xb7\xae\x6a"
"\x1b\xbd\x5e\x2f\x54\xba\x8e\xad\x4d\x82\x1e\xe1\xf7\x20\xb7\x78\xf0\x69\xda\xbd\xc1\x2b\x69\xf3\x9a\x0e\x04\xe6\x60\xe6\x69\x6a"
"\xb6\x16\x5a\x04\xeb\xc0\x13\x53\x02\x44\x82\x04\x62\xaa\x34\x41\x0e\x03\x41\xf0\x14\x36\x11\xfc\x9e\x77\x47\x91\x13\xf4\x1f\x0a"
"\xf3\x82\x67\x88\x38\x46\xee\x70\x69\xfb\x14\xf8\xdc\x14\x4c\xa5\x3e\x45\xfb\xd9\xca\xa2\x95\x5c\x7f\xc8\x67\x9e\xa4\xd6\x1f\xfd"
"\x4f\x6a\x87\x5a\x3e\xfb\x8b\x2f\x4a\x3c\xb5\x03\xf5\xf2\xda\x84\xed\x60\x89\x6f\xd6\x77\x0a\x67\xd5\xa7\x5a\x3f\x2e\xaf\xa1\xcc"
"\x63\xe1\x9a\x20\xa6\x07\x0e\x26\xaa\xc8\xb6\xa2\x60\xd7\x80\x2a\x7d\xb8\xcd\x08\xbc\x9c\x6a\x9d\xa4\xc2\xae\x21\x15\x3b\x53\x3a"
"\xbc\x78\x31\xef\xf7\xae\x40\xe4\x79\xaa\x22\xe1\x94\xd1\xd0\x79\x56\x1a\x8c\x4e\x77\x7c\xf5\x80\xaa\x7e\x77\x72\x3a\x55\xfd\x73"
"\x9e\x1a\x11\x1f\x47\x34\x20\xe8\x7e\xc2\xbc\x21\x37\x5b\x4c\xc6\x68\x2a\x58\x20\xd8\x16\x7b\x1b\x22\x93\xe5\xa9\x74\xf2\xdd\x7f"
"\xb1\x6c\x30\xa8\x69\x6d\x4d\xda\x9c\x4a\xd9\x2f\x4d\xae\x22\x36\x50\xe2\xbf\x88\xb4\xe4\x15\x43\x4a\x77\x21\x35\x57\x61\xe8\xa9"
"\xaa\x77\xe0\x68\x17\xc8\xdf\x23\x99\x3b\xf8\xee\xe2\xfb\x4e\x20\xd3\x15\x44\x99\x8e\x2f\xa8\xa2\x17\x18\x52\x86\xd8\x9c\xc3\x4a"
"\xba\x13\x0b\x29\xe2\x91\x89\xa3\x1c\xd6\x08\xb4\x52\x1f\x52\xea\x1f\x4d\xc3\x90\xe1\x20\xe8\x8a\xc6\x24\x0f\x9a\x3a\x1c\x7a\xc1"
"\xc5\xe4\x41\xa4\x69\x03\xc2\x7b\x76\x8f\x6a\xfa\x1e\xef\x19\x1f\x3a\x9d\x74\xda\xb7\x6e\xcb\x3d\x39\x76\x13\x71\x5a\xde\x13\x29"
"\x78\xdf\xea\xa0\x8d\x12\xd4\xf6\x61\xe5\x88\x32\x80\xbf\xff\x82\x2f\x42\xf9\x83\x88\x3f\x0f\x4b\x6e\xa3\xd1\xa0\x51\xb1\x04\x45"
"\x51\x62\xa3\xde\xac\x65\xf4\x02\xa4\x74\x17\x4d\xf7\xf2\x6a\xca\xf3\xcd\x5a\xc5\xb1\xd4\x6f\xd9\xf6\xfa\x6b\x31\xf2\xe9\xad\x55"
"\x0e\x6e\x97\x37\xc6\x09\x1b\x1b\x19\x1d\x4d\xeb\x3c\x13\xb5\x2a\x0b\x19\xb8\x1c\x7c\x63\x22\xc0\x7c\xbd\xb3\xc8\xe3\xf4\xd8\xd3"
"\xf5\xe4\x71\x68\x5e\x4b\xc1\xdd\x3f\xf6\xf5\xd3\x82\xe5\x9d\xcd\x04\xc1\x5d\x21\xe5\xd1\xda\x41\x68\x3e\x9b\x8b\xe6\xe5\x1b\x0f"
"\x3d\x01\x9c\x6a\xd2\x18\xfb\xec\x90\x10\xbe\xd1\xda\x0e\xca\xef\x75\x4c\xc7\xad\xd2\x49\x26\xef\x98\xf2\xbc\x55\x36\x3a\xb1\x4f"
"\x28\xc7\xd9\xf5\x03\xdc\xf3\xf6\x49\x50\xe4\x83\x81\xd2\xca\x4c\xa9\x5b\xbb\x28\x25\x6d\x1c\x9c\x98\x07\x87\x5a\x98\x24\x49\x95"
"\x3e\xd6\x56\x07\xf4\x28\x6b\x94\xef\xfb\x79\x50\x5a\xd6\xf8\x13\xc5\x9d\x0c\x1b\x31\x38\x62\xed\x64\xd4\xa2\x25\x2a\x4b\x8a\x63"
"\x00\x53\x26\xf6\x17\x37\x27\x8c\x03\xc0\x04\x5a\x0c\x24\x4d\xec\x99\xfa\x09\x64\x23\x52\x15\xa3\x74\x78\x51\x80\x0c\xa5\x5a\xac"
"\x18\xdd\xe9\xe5\x41\x2f\x5e\xc9\xe4\x28\xa4\x69\x97\x85\xe4\x62\x43\xea\x81\xf2\x60\x30\x2e\xbd\xe2\xfb\xa6\x84\xdf\xc7\xe5\x72"
"\x0e\xb2\x28\xb0\x52\x55\x3d\x12\xed\xd9\x3d\x38\xe8\x5e\x45\x0c\xde\xfb\x5a\x17\xb5\xc2\x79\xa9\xaf\x33\xe3\x76\x9e\x0e\x43\x66"
"\xaf\x1f\x47\x08\x55\xb1\xd8\xd9\x3d\xd0\x5f\xa8\xd6\xa6\x2c\xf0\x63\x0d\x55\xa6\x74\xe9\x24\xfe\xc6\x1f\xb8\x8f\xd2\x89\xf1\x8b"
"\xdf\xa8\x29\x41\xe6\x25\xac\xaa\x6f\xdc\xb3\x42\xf1\x82\x09\x77\xeb\x15\x54\x5b\x95\xa8\x3d\x75\x36\x49\x03\x7e\x67\xbf\x39\xb7"
"\xaf\x5c\x6a\xf7\x55\x94\x9a\xe8\xc5\xfb\xee\xe7\xe8\x51\xf9\xbe\x12\x79\x13\x20\xc1\x3f\xc3\x6a\x97\x0d\xde\x5d\xaf\xbd\xa7\xc4"
"\xa9\xab\x1a\x35\xc5\x0e\x78\x76\xbd\x2e\x87\x07\x20\x40\xc3\x9e\xee\x37\x9e\xf7\xec\xea\xd5\x15\x75\x85\x49\x2d\x94\x87\x26\xc5"
"\xf8\x3c\x8e\x7b\x5e\xd8\xaf\x67\x3c\x62\x37\x3e\x9b\x39\x3e\x6b\xf0\xf5\xac\x4a\x94\x4c\xe3\xfd\xd7\xb3\x26\x08\xaa\xda\xac\xa6"
"\x27\x3e\xc5\x2b\xd9\x10\xa2\xeb\xd5\x98\xf9\x45\x2e\x0c\x25\x51\x5a\x51\x0e\xb6\xd9\x3f\xf2\x28\x58\x57\x0f\x98\xf8\x57\x58\xa3"
"\xd9\x49\x85\xf8\x84\x5b\xb2\x32\x83\xe4\x58\x39\xba\x5e\x99\x67\xa2\xc0\x6e\x71\xde\x0e\xcf\x04\x77\xf0\x7a\xbd\x0d\x48\x06\x0a"
"\x61\x84\xec\x1c\x04\xd1\x00\xf1\x8c\x0d\x81\x33\x66\xcd\x08\x2f\x20\xf4\xcc\x70\x74\x5e\x68\x17\x32\xf2\x92\x78\x34\x87\x76\xbd"
"\xde\x3e\xe6\x52\x9f\xd8\xbd\x90\xb4\xe6\xc2\xae\xd7\x11\xe2\x06\x7f\x53\x05\xe0\xcd\x72\xb6\x78\xcb\x16\x7e\x1b\xae\x03\x4b\xd8"
"\x4e\x61\x56\xbe\x99\xf6\xf0\x81\x8d\x14\x52\x65\xad\x8a\xf7\xf0\xa6\x2a\xf0\x07\xf2\xfb\x43\xc6\x67\x4d\xeb\xc7\x3a\xbc\xfe\x7e"
"\xda\x45\x06\x05\xe1\x71\xc6\xb7\x11\x09\x4f\x98\x50\xa3\x08\xfb\x1d\xe7\x09\xa5\xdd\x55\xe8\xba\x73\x5a\xa3\x11\x34\x43\xc9\xf9"
"\x09\x0b\xc7\x35\x91\x32\x26\x5e\x36\xee\xf0\x8d\xb2\x3b\xeb\x64\xc6\xd6\xc9\x01\x6f\xec\x94\x32\xc1\x7f\x1b\x10\xb5\x82\xdd\xe3"
"\x83\x3b\x96\x36\x2a\x54\x4e\x34\xe0\xa0\xdb\x63\x10\x7c\x7e\x9a\xb1\xfd\x30\x08\x60\xf9\x4d\xd6\x76\xf5\x5b\xe4\x4a\x5a\x5b\x01"
"\x4b\x28\xfd\xcc\x97\x60\x8c\x1c\xb4\x17\x97\x5b\xb3\xd5\x41\x49\x9b\x2d\x07\xba\x7a\x39\xe1\x25\x27\xaf\x30\xa1\x80\x67\x9f\xd3"
"\x1c\xb9\xb5\x2d\xb9\x0e\x00\xfa\x49\x5f\x16\x1b\xf4\xdc\x3c\x3e\x2d\x9a\xc9\xa3\x73\xb6\xff\x17\xe0\x4b\xc9\x1c\x0b\x0e\x00\x00";
static const ArdAssetChunk Json0[] PROGMEM = {
  {Json0_0,sizeof(Json0_0)-1},
};
#endif
#endif
#elif ARDPORTAL_ENABLE_OTA && ARDPORTAL_ENABLE_MQTT && !ARDPORTAL_ENABLE_CONSOLE
#if ARDPORTAL_CONTROL_PROFILE_FULL
#if ARDPORTAL_ENABLE_MQTT_TLS
static const char Json0_0[] PROGMEM =
"\x1f\x8b\x08\x00\x00\x00\x00\x00\x02\xff\x7d\x58\x5d\x6e\xe3\x38\x12\xbe\x0a\x11\x60\x81\x0c\x90\xcd\x44\xfe\x77\xcf\x43\x23\xed"
"\x74\xa3\xbd\x93\x4e\xbc\xb1\x7b\xe6\x65\x80\x05\x23\x51\x36\x11\x89\xd4\x90\x54\x0c\xc3\x30\xb0\xa7\xd9\x2b\xec\xfb\x1e\x65\x4f"
"\xb2\x55\x25\x96\x24\x67\x32\xfb\x12\x98\x55\x14\xc9\xfa\xf8\xd5\x57\xc5\x1c\x2f\x6a\xfd\x8f\x9b\x9b\xe4\xe2\xc3\xc5\x93\x92\x99"
"\x36\x5b\xe1\x83\x0c\xb5\xff\xef\x3f\xff\x75\x71\xd5\x38\x07\xe0\x5c\x9a\xdc\xf2\x78\x0c\xe3\x3b\xf5\xaa\x53\xc5\x96\x49\x6b\x11"
"\x46\x96\xad\x79\x0a\xe6\xdb\x15\x99\xae\xc4\xce\xfa\x80\xbf\x84\x34\x99\xf8\xf6\xf7\xcd\x46\x2c\xef\xae\xc5\xbd\x0a\x41\x39\x7f"
"\x25\x32\xbd\xd5\xc1\x93\x73\x77\xa8\x76\xca\xf8\x9f\x44\xba\x93\x66\xab\xbc\x70\x2a\xb5\xc6\xa8\x34\x5c\xf3\xca\x33\x58\x79\x2d"
"\x5f\xdb\x9d\xe6\x30\xfe\x22\xd3\x60\xdd\x01\x66\x7b\x15\xa2\x23\xb9\x01\xc7\x42\x9a\x54\x15\x6c\xc1\x50\x7f\xd5\x7f\xfd\xa2\x05"
"\x4c\xab\x2b\x36\x63\x90\xeb\x54\x1a\x61\x54\xd8\x5b\xf7\xe2\xd9\x31\xc4\x20\x5e\xa5\x2e\xe4\x73\xa1\xfe\xe0\x1d\xe1\xfa\x3b\x6b"
"\x3d\xc4\xc5\x4e\xf6\x21\x4e\xeb\xf5\xf2\x8e\xc7\x93\x76\xe7\x4a\x7a\x0f\x33\x33\xf6\x20\x50\x9f\xcb\x2a\x1c\xc4\x8b\x52\x95\x17"
"\x61\xa7\x84\x87\xf0\xb2\x76\xa6\xc8\xad\x03\xb3\xf6\xbc\x09\x43\x91\x20\x14\x8b\x06\x1e\x42\xaf\x07\x4b\x82\xb0\x2c\x0a\x25\x9d"
"\xa0\x7d\xa3\x79\x70\xc3\x66\xdf\xd8\xe9\x3b\xb8\x76\x07\x17\x70\xbb\xba\x16\x8f\xb0\xbf\x43\x78\x02\xf0\x01\xe1\x2f\xa5\x36\xbc"
"\xe1\x20\x69\x6e\xb5\x8f\xde\x60\x10\x6f\xba\x39\x5b\x9f\x04\x03\xc4\xef\x41\xed\x61\xe1\xb7\x61\x0f\x46\xef\x84\xcd\x73\xae\x45"
"\x64\x0e\x44\x5e\x14\x76\xef\x45\x8f\x60\xd7\xe2\x89\x29\x21\x64\x0e\x04\x62\xaa\xb4\x87\x1c\x47\x82\xc0\x2a\x6c\x42\xf8\x89\x77"
"\x67\x27\x47\xe8\x3f\x39\xfb\x02\x6b\xc8\x2c\x03\xee\xf0\xd5\x0e\x10\xd8\x8d\x93\xc6\x57\xd6\x31\x9f\x06\x88\xe8\x66\xc1\x6b\x0e"
"\x11\xc9\xcd\xfd\x9a\x87\x08\xcd\xe2\x56\xa4\xca\x05\x9d\xeb\x54\x06\x25\x2e\x57\x9f\xbf\xfd\xc0\xfe\x01\xa5\xd9\xef\xb5\x86\x7d"
"\x44\x70\xb5\x0f\x70\xc5\x8b\xdb\x2b\x51\xca\x90\xee\x30\xf9\xce\xb2\xe4\x61\xb3\x12\x41\x43\xb8\xfc\x3d\x62\xb9\xea\x4e\x33\x44"
"\x00\xbf\x7b\xe5\x7a\x78\x0f\xc7\x1c\xe6\x1b\xb4\x87\x93\xff\x83\x76\x47\xaf\x67\xc2\xe2\xc7\x1a\x56\xbd\x16\xcd\xf4\xc6\x04\x19"
"\xea\x31\x05\x3c\x25\x6f\x7b\x24\x44\xe9\x71\x73\x2b\xea\x2a\x83\x70\xd9\x3a\xef\xd2\x22\xd7\xae\xdc\x4b\xc7\xae\x11\x42\xd6\xed"
"\x66\x25\x6c\x8e\xb1\xe6\x85\xf4\x3b\x51\xc8\x83\xad\x03\x6c\xbc\x5e\x0d\x07\x1f\x84\xac\xaa\x02\x61\xd4\xd6\x88\xeb\x67\x6d\x84"
"\x35\xc5\x81\xb7\x1e\x21\xda\x5f\xde\xac\x8e\x08\x7f\xaf\x0a\x2b\xb3\xf3\x13\x8d\x10\xba\x9f\x21\x6e\x51\xd9\x3d\x04\x63\x0d\x72"
"\x28\x72\x7e\x0f\x72\x23\x52\x5b\x56\x85\x0a\xea\xa7\x3f\x23\xfe\x08\x83\xfa\x45\x16\x35\xaf\x39\xc6\x50\xd6\xca\x30\xc2\xe3\x66"
"\xf3\xde\xae\x63\xdc\xf5\xab\x6d\x2f\x67\x3c\x8a\x2a\x63\x60\xfd\x4e\x61\xc7\x63\xe2\x05\xec\x2b\x64\x51\xb4\xfb\x7f\x64\xf7\xa4"
"\x21\xf3\xf9\x37\xd3\x2e\xef\x91\x38\x94\xc8\x3d\xf7\xec\xdc\x8d\x77\xd6\xf3\xbe\x11\x86\x8f\xbd\x7c\x7a\xd5\x12\x45\x20\xce\x9c"
"\x60\x04\xe2\x3f\xff\x16\xbf\x4a\x4d\x0b\xe1\xd5\x01\x2f\xd9\x3d\x6a\x35\x2d\x07\x89\x54\x90\xb6\x8b\x9d\x4a\x5f\x04\xea\xde\x8f"
"\x6d\x2e\xf3\x6c\x8c\xf3\x72\xa7\xb3\x4c\x19\xce\x89\xc9\xfb\xb5\x63\x42\xe1\xed\x74\x25\xc2\xa1\x6a\x8d\x33\x36\xb6\xa2\x3a\x99"
"\x37\x71\xe6\x7a\x5b\x3b\x15\x69\x14\x7d\x53\xbc\x9f\xd5\xee\xe0\x81\x42\xc5\xb9\x07\xa9\xb3\xb1\x01\xcc\x3b\x25\x59\x0b\xa6\x74"
"\x7f\x46\xb2\xd8\xb3\x19\x21\xf8\xe2\x94\x3a\x9b\x3b\x8a\xbc\xf7\x95\x6c\xeb\xe0\x74\x4c\x04\xc0\x94\x65\x0b\x45\x87\x3a\x80\x1c"
"\xef\x3b\x30\xbe\xf7\x31\x9d\xf6\xae\x4e\x31\xb7\xa6\x18\xe7\x9d\xf6\xe9\x1b\xfb\x0c\x63\xbc\xbf\x7d\x10\x4b\xfe\x7c\x16\xf5\xb9"
"\x33\x60\x58\xa5\xad\x4d\xef\x2b\x0c\xc9\xd8\x20\xde\x98\x47\xdd\x5d\xd8\x3c\x2f\xb4\x39\x57\xda\x20\xb0\x44\x1b\x10\xf3\xe5\x2a"
"\xea\x2e\x2b\xfe\x1b\xfd\x9d\x8d\xdb\x3c\x3c\x63\xed\x6c\xd2\xa3\x25\x24\x75\x01\x72\xc7\x94\xc9\x68\xe3\x76\x85\x69\x04\x18\x41"
"\xcb\x04\xaa\x42\xf4\xcc\x31\x9e\xaf\x1b\xd0\x46\xe5\x1c\x20\x77\x6c\x1a\x96\x13\xbb\x47\x9d\x04\x1c\x91\x51\x27\xc2\xde\x35\xc9"
"\x4e\xaa\xd7\xec\xc4\xe9\x35\x1f\xc7\x9d\xde\x5f\x0e\x4f\x7c\xcc\xe4\xc1\x9f\x04\xfe\x15\xc7\x9d\xad\x1d\x0c\x76\xe2\x58\x6a\x53"
"\x07\x05\xbf\xe1\x07\x7c\x87\x40\x65\x30\xe2\x0a\x32\x9f\x71\x72\x7c\x10\xc7\x3d\x14\x84\x13\x26\x12\x66\x22\x8c\xcb\xdf\x43\x38"
"\x1d\x43\xe1\x4f\xc7\xb4\xb0\xe9\x0b\xf9\x96\x2b\xf0\xe8\xea\x74\x94\x55\xbb\x3f\x5e\xfc\x3d\x80\x5b\xcb\x6d\x24\x4f\x42\xed\xda"
"\x46\xba\x2d\x08\x46\x50\x65\xa5\x1c\x9c\xd8\xb5\x5e\xc4\x67\x51\x3b\xa7\xcc\xbb\x6e\xbc\xfb\x6f\x36\x6b\xc7\x23\xea\x9d\x0c\x70"
"\xa1\xb3\x21\xf8\xab\xae\x18\x26\xd4\x70\xdd\xc2\x9d\xbd\xb6\xe2\x96\x50\xd3\xf5\x60\x63\xa5\x83\xdb\x8c\x76\xea\xb9\x96\x4f\xc2"
"\xeb\xad\x81\x04\xbb\xfc\xdb\xfa\xf1\xe1\x07\xf6\x25\x54\xc1\x40\x81\xd9\x30\xa0\xfa\xab\xb7\xbb\x60\xba\xed\xa8\xe9\x5a\xd8\x02"
"\x90\x66\x0b\x29\x67\xa5\x80\x0a\x97\x7f\x69\x57\xa3\x9b\xf3\xa9\x2e\x8a\xb3\x03\x50\xd2\x41\x8d\x4d\xfb\x46\xe2\x53\xa5\xda\x31"
"\x65\x19\xf0\x8f\xc3\xa1\x66\x69\x1d\x6c\xcc\xf0\x84\xba\xa4\x95\xf5\x9a\x88\xda\x6d\x4a\xfd\xcf\x46\x17\xa1\x6f\xc3\x28\xee\xe1"
"\x16\x79\x3c\x24\x25\x29\x7a\x16\x3c\xff\xad\x2b\xa1\xc0\xb3\x06\x24\xd4\xa4\xa0\x4d\xee\xe5\x81\x6d\x93\x68\x33\x08\x09\x1b\xa7"
"\x4d\xf2\x4b\x57\xb2\xa5\x69\x4e\xf4\x76\x8b\x7d\x4b\xd1\x73\xcc\x3b\x6a\xec\xea\x52\x67\x1a\x0a\x78\x77\xd0\xa6\x61\xb1\x86\x8f"
"\x40\x1d\xcb\x5d\xed\x9a\x12\x7b\xe9\xdb\x79\x18\xd0\x2f\xb6\xa8\xdb\xc3\x52\xef\x81\x25\x83\x01\xa4\xe6\x63\x25\xeb\x16\xc0\x61"
"\x53\xc5\x80\x6a\x46\x04\x2b\x9e\x65\xe7\x99\x34\xf0\x74\xdc\x19\x4e\x79\x35\x10\x50\xcb\x71\x0e\x1b\xe5\x2b\x4b\x4c\xd8\x33\xde"
"\x0c\x9b\xcb\xc1\x04\x2e\xed\x1e\x24\x25\xda\xa9\x9b\x58\x1a\x48\x59\xa8\x9b\xfd\x82\x9f\x50\x77\x70\xa7\x52\xa7\xe0\x1c\xef\xa4"
"\xc1\xa8\x79\xd5\xfc\xb9\x1f\xe3\x7d\xcc\x73\x1e\x62\xb4\x5f\x95\xe4\xa3\x8e\xc6\x74\x54\x5b\xf0\x98\xee\xad\x0e\x96\xc7\x74\x65"
"\x8e\xaf\x75\x34\x8b\x49\x86\x0d\x0c\xdb\xe6\xef\xa8\x6d\x23\x85\x69\xab\x90\x51\xf4\x12\xea\x35\x62\xc3\x12\xf5\x8b\x3d\xc9\x1f"
"\x3c\x1f\xd9\x35\x68\xd4\x36\x38\x5b\x78\x51\x77\x95\x0d\x54\x86\xc4\xee\xc4\x13\x87\xcd\x33\x09\x4b\x02\xb4\x79\x15\xb4\x61\xe2"
"\xb7\x8b\x63\xae\x55\x91\x9d\x7e\xbb\x68\x0f\x31\xa2\x7b\x6c\x9e\x89\x15\xe8\x51\x2b\xec\x09\xb5\x30\x4b\xf3\x2a\x0b\x9d\x91\x0b"
"\x8e\x92\x6b\x43\xc9\xe3\xdb\xef\x89\x07\xd2\x87\xe6\x8d\x26\x10\xfb\x36\x41\xa9\xa1\xf9\x06\x9f\x94\x75\x29\xf2\xf3\x72\x9b\x50"
"\x3b\x73\x8f\xb4\x86\x8f\xd1\x2e\x9e\x7b\xc9\xd5\xb4\x33\x51\xf1\x98\xf5\xd1\x37\xb9\x61\xe5\x62\xc0\x26\x09\x1d\x55\x9e\xd9\x9a"
"\xd2\xff\x62\xec\xde\xd0\x03\xb8\x75\x0c\xbb\x4b\x8a\x25\xa4\x63\x5f\xd3\xfd\x40\x11\x17\xf2\x19\x0a\x14\xbc\x00\x9b\x8a\x40\x05"
"\x1d\xdb\x3e\x0e\x9c\x1a\x9f\xb5\x4a\xa9\x45\x39\x7b\x25\x26\xd4\xff\xa0\x2e\xbd\xb5\x23\x1c\xcb\xac\x68\x0f\x32\x8b\x04\xec\x6d"
"\x3f\x8f\x1c\xec\x4c\xd4\xf2\x00\xed\x7a\x96\xa4\x61\x1e\x0f\x07\x8d\xb2\xef\xce\x56\x9a\x36\x51\xe6\x0e\xca\x71\xcf\x3a\x22\x81"
"\x77\xa5\x64\x96\x53\x83\xf3\x39\x65\x92\x53\x77\xf3\xb9\x00\xa6\x3a\x9d\xb2\x8d\x4a\x87\x72\x39\x7e\x67\x5a\x96\x4e\xf9\xf8\xa2"
"\xaa\x4b\xbe\x55\x6a\x6a\xbe\x82\xd0\x01\x59\x30\xe7\xa3\x99\x7a\x9a\xde\x83\x35\xa1\x96\x06\xeb\x26\x8f\x31\x08\x71\x09\x0f\x2f"
"\xd6\x87\x19\xb7\xa9\xb7\xb1\x82\xb2\x1d\x43\x38\xbe\x62\xd3\x7e\x12\x9f\xd8\x88\x51\x1c\xbd\xd7\xd9\x49\x5c\x1e\x1d\xfc\x80\xd2"
"\xfe\xa9\x6c\xd7\x9a\xf4\xa8\x8c\x22\xc4\xb7\x38\x6f\xfa\xfd\xf8\x38\xa0\xf7\x39\x24\x6c\x6c\x8e\x40\xf1\xb0\xb5\xc0\xe6\x28\xbe"
"\xa9\xd3\x14\x0a\x1a\x3c\x37\xb4\x09\x1f\x62\x27\x72\x85\x73\x0c\x10\xc9\xe2\x85\xd3\x03\x0c\x5e\x73\xb2\xe0\x1d\x66\xf4\x7f\x0c"
"\xe8\xa3\xfd\x01\x9e\x86\xac\xe9\xb3\x59\xc7\x41\x80\xa9\xce\x81\xba\xc0\x24\x2e\x8d\xd4\x29\x45\x77\xa6\x7c\xea\x74\xd5\xab\x7b"
"\xf3\xfe\x2b\x49\x7c\x7f\xba\x67\x7b\xf7\x58\x81\x6c\xb3\x65\xdf\x35\xec\x01\x90\xf7\x3e\x15\x40\x6b\x45\x4f\xc2\x1c\xce\xd8\xc2"
"\x42\x5d\x23\x24\x4e\xec\xf6\xda\x4f\x3a\x75\xa0\x16\x8b\xa7\xbc\x79\x29\x20\x0a\xb0\xf6\x15\x3e\x33\xf7\xbe\xd7\x52\x46\x00\xe9"
"\x7f\x13\xca\xbd\x82\x67\xf1\xf8\xb4\x6e\x5f\x47\xd7\x17\xa7\xff\x01\x95\xa7\xaf\x2b\xbd\x12\x00\x00";
static const ArdAssetChunk Json0[] PROGMEM = {
  {Json0_0,sizeof(Json0_0)-1},
};
#else
static const char Json0_0[] PROGMEM =
"\x1f\x8b\x08\x00\x00\x00\x00\x00\x02\xff\x7d\x58\xef\x6e\xe3\x38\x0e\x7f\x15\xa1\xc0\x01\x5d\xa0\xd7\xad\xf3\x3f\xb3\x1f\x06\x9d"
"\x76\x06\x93\xbb\x4e\x9b\x6d\x32\xbb\x5f\x16\x38\xa8\xb6\x9c\x08\xb5\x25\x9f\x64\x37\x08\x82\x00\xf7\x34\xf7\x0a\xf7\xfd\x1e\xe5"
"\x9e\x64\x49\x5a\x94\x9d\x6c\xf7\xbe\x14\x11\x29\x8b\x22\xf9\xe3\x8f\x54\x0f\x17\x8d\xfe\xc7\xcd\x4d\x72\xf1\xe1\xe2\x59\xc9\x4c"
"\x9b\x8d\xf0\xb5\xac\x1b\xff\xbf\x7f\xfd\xfb\xe2\xaa\x55\x0e\x40\xb9\x30\xb9\xe5\xf5\x18\xd6\xf7\xea\x4d\xa7\x8a\x25\x93\x28\x11"
"\x46\x96\x51\x3c\x05\xf1\xed\x92\x44\x57\x62\x6b\x7d\x8d\xbf\x84\x34\x99\xf8\xf6\xf3\x7a\x2d\x16\xf7\xd7\xe2\x41\xd5\xb5\x72\xfe"
"\x4a\x64\x7a\xa3\x6b\x4f\xca\xed\xbe\xda\x2a\xe3\x7f\x12\xe9\x56\x9a\x8d\xf2\xc2\xa9\xd4\x1a\xa3\xd2\xfa\x9a\x4f\x9e\xc1\xc9\x2b"
"\xf9\x16\x2d\xcd\x61\xfd\x45\xa6\xb5\x75\x7b\xd8\xed\x55\x1d\x14\xc9\x0d\x28\xee\xa4\x49\x55\xc1\x12\x74\xf5\x57\xfd\xd7\x2f\x5a"
"\xc0\xb6\xa6\x62\x31\x3a\xb9\x4a\xa5\x11\x46\xd5\x3b\xeb\x5e\x3d\x2b\x86\xe8\xc4\x9b\xd4\x85\x7c\x29\xd4\x1f\xb4\x23\x3c\x7f\x6b"
"\xad\x07\xbf\x58\xc9\x3a\x8c\xd3\x6a\xb5\xb8\xe7\xf5\x24\x5a\xae\xa4\xf7\xb0\x33\x63\x0d\x06\xea\x73\x59\xd5\x7b\xf1\xaa\x54\xe5"
"\x45\xbd\x55\xc2\x83\x7b\x59\xdc\x29\x72\xeb\x40\xac\x3d\x1b\xe1\x50\x24\x18\x8a\xbb\x36\x3c\x14\xbd\x5e\x58\x12\x0c\xcb\x5d\xa1"
"\xa4\x13\x64\x37\x88\x07\x37\x2c\xf6\xad\x9c\xbe\x83\xb4\x3b\x48\xc0\xed\xf2\x5a\x3c\x81\x7d\x87\xe1\xa9\x01\x0f\x18\xfe\x52\x6a"
"\xc3\x06\x07\x49\x9b\xd5\x7e\xf4\x06\x83\x90\xe9\xf6\x6e\x7d\x10\x0c\x30\x7e\x8f\x6a\x07\x07\x9f\xbb\x3d\x18\xbd\xe3\x36\xef\xb9"
"\x16\x01\x39\xe0\x79\x51\xd8\x9d\x17\x3d\x80\x5d\x8b\x67\x86\x84\x90\x39\x00\x88\xa1\x12\x2f\x39\x0e\x00\x81\x53\x58\x84\xe1\x27"
"\xdc\x9d\xdc\x1c\x43\xff\xc9\xd9\x57\x38\x43\x66\x19\x60\x87\x53\x3b\xc4\x8b\x2f\xad\x63\x28\x0d\xf1\xb6\xdf\xbd\x72\x3d\xe7\x86"
"\x63\x3e\xf3\xcc\xb5\xe1\xe4\xff\xb8\xd6\xe5\xf2\x85\x0c\xff\xd8\xc0\xa9\xd7\xa2\xdd\xde\x8a\xa0\x1c\x3c\xe2\xcd\x53\xa5\xb0\x57"
"\x43\xcc\xf5\xd3\xfa\x56\x34\x55\x26\xeb\x78\x89\x79\x87\xc1\x5c\xbb\x72\x27\x1d\xab\x46\x98\xe9\xce\x9a\x95\x60\x1c\x73\x9d\x17"
"\xd2\x6f\x45\x21\xf7\xb6\xa9\xc1\xf0\x6a\x39\x1c\x7c\x10\xb2\xaa\x0a\x9d\xca\x5a\x5b\x23\xae\x5f\xb4\x11\xd6\x14\x7b\x36\x3d\xc2"
"\xac\x7f\x39\x3b\x1d\xb3\xfe\xbd\x2a\xac\xcc\x4e\x6f\x34\xc2\xd0\xfd\x1d\xfc\x16\x95\xdd\x81\x33\xd6\x60\xc2\x02\xc0\x76\x50\xdb"
"\x22\xb5\x65\x55\xa8\x5a\xfd\xf4\x67\x28\x1b\xa1\x53\xbf\xc8\xa2\xe1\x33\xc7\xe8\xca\x4a\x19\x8e\xf0\xb8\x35\xde\xb3\x3a\x46\xab"
"\x5f\x6d\x4c\xce\x78\x14\x4a\xda\xc0\xf9\x1d\x9d\x8d\xc7\xc4\x75\x60\x57\xc8\xa2\x88\xf6\x3f\xb2\x7a\xd2\x22\xe7\xf4\x9b\x69\x57"
"\x64\x48\x91\x54\x35\x3d\xf5\xec\x54\x8d\x39\xeb\x69\xcf\xaa\xf0\x63\x0f\xbc\x6f\x5a\x62\xc5\x85\x9d\x13\xf4\x40\xfc\xf7\x3f\xe2"
"\x57\xa9\xe9\x20\x4c\xdd\xe3\x9a\x11\x3c\x19\x45\x02\xc9\x81\x8f\x14\xd4\xc8\xdd\x56\xa5\xaf\x02\x49\xe6\xc7\x58\x38\xbc\x1b\xfd"
"\xbc\xdc\xea\x2c\x53\xe6\x07\x96\xbd\x4f\xd4\x13\x72\x6f\xab\x2b\x51\xef\xab\x28\x9c\xb1\x30\x32\xd8\x64\xde\xfa\x99\xeb\x4d\xe3"
"\x54\x80\x51\xd0\x4d\x31\x3f\xcb\xed\xde\x03\x84\x8a\x53\x0d\x42\x67\x6d\x6b\x10\x6f\x95\xe4\xc2\x9b\x52\xfe\x8c\x64\x66\x65\x31"
"\x86\xe0\x8b\x53\xea\x64\xef\x28\xe0\xde\x57\x32\x36\x9d\xe9\x98\x00\x50\xeb\xe8\xc6\x94\xbc\x03\x40\x10\xc6\xfb\x0a\xf4\xef\xfd"
"\x98\x4e\x7b\xa9\x53\x8c\xad\x29\xfa\x79\xaf\x7d\x7a\x26\x9f\xa1\x8f\x0f\xb7\x8f\x62\xc1\x9f\xcf\x02\x19\x76\x02\x74\xab\xb4\x8d"
"\xe9\x7d\x85\x2e\x19\x5b\x8b\x33\xf1\xa8\xcb\x85\xcd\xf3\x42\x9b\x53\x5a\xab\x05\xf6\x43\x03\xcc\xb9\x58\x06\x92\x63\x7a\x3d\x23"
"\xbb\xd9\x38\xd6\xe1\x09\x6a\x67\x93\x1e\x2c\xa1\xa8\x0b\xe8\xc0\x0c\x99\x8c\x0c\xc7\x13\xa6\x21\xc0\x18\xb4\x4c\x20\x2b\x04\xcd"
"\x1c\xfd\xf9\xba\x5e\x2f\x85\x72\x0e\x22\x77\x68\xa7\x83\x23\xab\x47\x1d\x05\x1c\x10\x51\x47\x8a\xbd\x6b\x8b\x9d\x58\xaf\xb5\xc4"
"\xe5\x35\x1f\x07\x4b\xef\x1f\x87\x37\x3e\x64\x72\xef\x8f\x02\xff\x8a\xc3\xd6\x36\x0e\x16\x5b\x71\x28\xb5\x69\x6a\x05\xbf\xe1\x07"
"\x7c\x87\x81\xca\x60\xc5\x74\x3d\x9f\x71\x71\x7c\x10\x87\x9d\xce\xf5\x11\x0b\x09\x2b\x11\xd6\xe5\x3f\xeb\xfa\x78\xa8\x0b\x7f\x3c"
"\xa4\x85\x4d\x5f\x49\xb7\x58\x82\x46\x57\xc7\x83\xac\xa2\x7d\x4c\xfc\x03\x04\xb7\x91\x9b\x00\x9e\x84\x66\xa3\xb5\x74\x1b\x20\x8c"
"\x5a\x95\x95\x72\x70\x63\x17\xb5\x18\x9f\xbb\xc6\x39\x65\xde\x55\x63\xee\xbf\xd9\x2c\xae\x47\x34\xa8\x18\xc0\x42\x27\xc3\xe0\x2f"
"\xbb\xce\x93\xd0\x74\x73\x0b\x39\x7b\x8b\xe4\x96\xd0\x84\xf3\x68\x6b\x70\xac\xa5\xe8\x20\xa7\x01\x67\xf1\x2c\xbc\xde\x18\x28\xb0"
"\xcb\xbf\xad\x9e\x1e\x7f\x60\x5d\x42\x1d\x0c\x18\x98\x05\x03\x6a\x76\x7a\xb3\xad\x4d\x67\x8e\x26\x9c\x3b\x5b\x40\xa4\x59\x42\xcc"
"\x59\x29\x80\xc2\xe5\x5f\xe2\x69\x94\x39\x9f\xea\xa2\x38\xb9\x00\x15\x9d\x76\x2d\xc6\x58\x48\x78\xaa\x54\x5c\x53\x95\x01\xfe\xd8"
"\x1d\x9a\x4c\x56\xb5\x0d\x15\x9e\xd0\x48\xb2\xb4\x5e\x13\x50\x3b\xa3\x34\x6c\xac\x75\x51\xf7\x65\xe8\xc5\x03\x64\x91\xd7\x43\x62"
"\x92\xa2\x27\xc1\xfb\xdf\xba\x12\x66\x4e\xe6\x80\x84\x26\x02\x94\xc9\x9d\xdc\xb3\x6c\x12\x64\x06\x43\xc2\xc2\x69\x5b\xfc\xd2\x95"
"\x2c\xc1\xdb\xaf\x21\x6c\x1b\x1c\x12\x8a\x9e\x62\xde\x41\x63\xdb\x94\x3a\xd3\xd0\xc0\xbb\x8b\x0e\x6f\x88\xf8\x0c\x5f\x61\x88\xce"
"\xdc\x37\xae\x6d\xb1\x97\x3e\xee\x43\x87\x7e\xb1\x45\x13\x2f\x4b\xb3\x07\xb6\x0c\x0e\x20\x0d\x1f\x4b\xd9\xc4\x00\x0e\xdb\x2e\x06"
"\x50\x33\xa2\xb6\xe2\x45\x76\x9a\x49\x1b\x9e\x0e\x3b\xc3\x29\x9f\x06\x04\x6a\xd9\xcf\x61\xcb\x7c\x65\x89\x05\x7b\x82\x9b\x61\x9b"
"\x1c\x2c\xe0\xd2\xee\x80\x52\x82\x9c\xa6\x89\x85\x81\x92\x85\xbe\xd9\x6f\xf8\x09\x4d\x07\xf7\x2a\x75\x0a\xee\xf1\x4e\x19\x8c\xda"
"\x27\xc4\x9f\xeb\xd1\xdf\xa7\x3c\xe7\x25\x7a\xfb\x55\x49\xbe\xea\x68\x4c\x57\xb5\x05\xaf\x29\x6f\x4d\x6d\x79\x4d\x29\x73\x9c\xd6"
"\xd1\x2c\x14\x19\x0e\x30\x2c\x9b\xbf\xc3\xb6\x2d\x15\xa6\x91\x21\x03\xe9\x25\x34\x6b\x84\x81\x25\xf0\x17\x6b\x92\x3f\x68\x3e\xb2"
"\x6a\xd0\xb2\x6d\xed\x6c\xe1\x45\xd3\x75\x36\x60\x19\x22\xbb\x23\x6f\x1c\xb6\x6f\x12\x6c\x09\x30\xe6\x55\x30\x86\x89\xdf\x2e\x0e"
"\xb9\x56\x45\x76\xfc\xed\x22\x5e\x62\x44\x79\x6c\xdf\x64\x15\xf0\x51\x24\xf6\x84\x46\x98\x85\x79\x93\x85\xce\x48\x05\x57\xc9\xb5"
"\xa1\xe2\xf1\xf1\x7b\xc2\x81\xf4\x75\xfb\x20\x12\x18\xfb\x58\xa0\x34\xd0\x7c\x83\x4f\xca\xa6\x14\xf9\x69\xbb\x4d\x68\x9c\x79\x40"
"\x58\xc3\xc7\x28\x17\x2f\xbd\xe2\x6a\xc7\x99\xc0\x78\x8c\xfa\xa0\x9b\xdc\x30\x73\x71\xc0\x26\x09\x5d\x55\x9e\xc8\xda\xd6\xff\x6a"
"\xec\xce\xd0\x6b\x33\x2a\x86\x5d\x92\x42\x0b\xe9\xd0\xd7\x4e\x3f\xd0\xc4\x85\x7c\x81\x06\x05\xcf\xad\xb6\x23\x50\x43\xc7\xb1\x8f"
"\x1d\xa7\xc1\x67\xa5\x52\x1a\x51\x4e\x9e\x64\x09\xcd\x3f\xc8\x4b\xe7\x72\x0c\xc7\x22\x2b\xe2\x45\x66\x01\x80\x3d\xf3\xf3\x80\xc1"
"\x4e\x44\x23\x0f\xc0\xae\x27\x49\x5a\xe4\xf1\x72\xd0\x32\xfb\xf6\xe4\xa4\x69\xeb\x65\xee\xa0\x1d\xf7\xa4\x23\x22\x78\x57\x4a\x46"
"\x39\x0d\x38\x9f\x53\x06\x39\x4d\x37\x9f\x0b\x40\xaa\xd3\x29\xcb\xa8\x75\x28\x97\xe3\x77\x26\xa2\x74\xca\xd7\x17\x55\x53\x72\x56"
"\x69\xa8\xf9\x0a\x44\x07\x60\xc1\x9a\x0f\x62\x9a\x69\x7a\xaf\xc3\x84\x46\x1a\xec\x9b\xbc\x46\x27\xc4\xe5\xfa\x61\xc5\xfc\x30\xe3"
"\x31\xf5\x36\x74\x50\x96\xa3\x0b\x87\x37\x1c\xda\x8f\xe2\x13\x0b\xd1\x8b\x83\xf7\x3a\x3b\x8a\xcb\x83\x83\x1f\xd0\xda\x3f\x95\xf1"
"\xac\x49\x0f\xca\x48\x42\x9c\xc5\x79\x3b\xef\x87\xc7\x01\x3d\x86\xa1\x60\xc3\x70\x04\x8c\x87\xa3\x05\x0e\x47\xe1\x01\x9b\xa6\xd0"
"\xd0\xe0\xb9\xa1\x4d\xfd\x21\x4c\x22\x57\xb8\xc7\x00\x90\x2c\x26\x9c\x1e\x60\xf0\x9a\x93\x05\x5b\x98\xd1\x3f\x0d\x60\x8e\xf6\x7b"
"\x0f\x94\xc4\xd2\x59\x87\x41\x08\x53\x93\x03\x74\x01\x49\xdc\x1a\x69\x52\x0a\xea\x4c\xf9\xd4\xe9\xaa\xd7\xf7\xe6\xfd\x57\x92\xf8"
"\xfe\xfc\xc0\xf2\xee\xb1\x02\xd5\x66\xcb\xbe\x6a\xd8\x0b\x40\xde\xfb\x54\x00\xac\x15\x3d\x09\x73\xb8\x63\x0c\x0b\x4d\x8d\x50\x38"
"\x61\xda\x8b\x9f\x74\xec\x40\x23\x16\x6f\x39\x7b\x29\x60\x14\xe0\xec\x2b\x7c\x66\xee\x7c\x6f\xa4\x0c\x01\xa4\x7f\x04\x28\xf7\x06"
"\x9a\xbb\xa7\xe7\x55\x7c\x1d\x5d\x5f\x1c\x7f\x07\x9f\xda\xb2\xc4\x2a\x12\x00\x00";
static const ArdAssetChunk Json0[] PROGMEM = {
  {Json0_0,sizeof(Json0_0)-1},
};
#endif
#else
#if ARDPORTAL_ENABLE_MQTT_TLS
static const char Json0_0[] PROGMEM =
"\x1f\x8b\x08\x00\x00\x00\x00\x00\x02\xff\x7d\x56\xcd\x6e\xe3\x36\x10\x7e\x95\x41\x4e\x59\x20\xf5\xc6\xff\x76\xf6\xb0\xc8\x3a\x1b"
"\x6c\x50\xef\xc6\x8d\xbd\xdd\xcb\x02\x05\x23\x51\x11\x11\x89\x54\x45\x2a\x86\x21\x18\xe8\xd3\xf4\x15\x7a\xef\xa3\xf4\x49\x3a\x43"
"\x71\x64\xd9\x9b\xf6\x62\x58\x33\x24\x87\xf3\xcd\xf7\x0d\xa7\x3e\xab\xd4\x6f\x97\x97\xfd\xb3\xab\xb3\x07\x29\x62\xa5\x9f\xc0\x3a"
"\xe1\x2a\xfb\xcf\x1f\x7f\x9e\x5d\x34\xce\x01\x3a\xef\x74\x62\xf8\x7b\x8c\xdf\x37\xf2\x45\x45\x92\x2d\x93\xd6\x02\x5a\xe4\xad\x79"
"\x8a\xe6\xeb\x95\x37\x5d\x40\x6a\xac\xa3\x7f\x20\x74\x0c\x9f\x7f\xd9\x6c\xe0\xee\xa6\x07\x4b\xe9\x9c\x2c\xed\x05\xc4\xea\x49\x39"
"\xeb\x9d\xe9\xae\x48\xa5\xb6\xef\x20\x4a\x85\x7e\x92\x16\x4a\x19\x19\xad\x65\xe4\x7a\x7c\xf2\x0c\x4f\x5e\x8b\x97\x36\xd2\x1c\xbf"
"\x6f\x45\xe4\x4c\xb9\xc3\xd5\x56\xba\xe0\xe8\x5f\xa2\x63\x21\x74\x24\x33\xb6\x50\xaa\xdf\xd4\x4f\xb7\x0a\x70\x59\x55\xb0\x99\x92"
"\x5c\x47\x42\x83\x96\x6e\x6b\xca\x67\xcb\x8e\x21\x25\xf1\x22\x54\x26\x1e\x33\xf9\x83\x77\x44\xe7\xa7\xc6\x58\xcc\x8b\x9d\xec\x23"
"\x9c\xd6\xeb\xbb\x1b\xfe\x9e\xb4\x91\x0b\x61\x2d\xae\x8c\xd9\x43\x40\x7d\xcc\x0b\xb7\x83\x67\x29\x0b\x0b\x2e\x95\x60\x31\xbd\xb8"
"\x5d\x09\x89\x29\xd1\xac\x2c\x07\x61\x28\xfa\x04\xc5\xa2\x81\xc7\xa3\xd7\x81\xa5\x4f\xb0\x2c\x32\x29\x4a\xf0\x71\x83\x79\x70\xc9"
"\x66\xdb\xd8\xfd\x3e\x2c\x7b\x89\x05\xb8\x5e\xf5\xe0\x1e\xe3\x97\x04\x8f\x43\x3e\x10\xfc\xb9\x50\x9a\x03\x0e\xfa\x4d\x55\xbb\xe8"
"\x0d\x06\xa1\xd2\xcd\xdd\xba\x24\x18\x10\x7e\x5f\xe4\x16\x0f\x3e\x4d\x7b\x30\x7a\x25\x6d\x5e\xd3\x83\xc0\x1c\xcc\x3c\xcb\xcc\xd6"
"\x42\x87\x60\x3d\x78\x60\x4a\x80\x48\x90\x40\x4c\x95\xf6\x92\xe3\x40\x10\x3c\x85\x4d\x04\xbf\xe7\xdd\xd1\xcd\x09\xfa\x0f\xa5\x79"
"\xc6\x33\x44\x1c\x23\x77\xb8\xb4\x03\x02\x76\x53\x0a\x6d\x0b\x53\x32\x9f\x06\x84\xe8\x66\xc1\x67\x0e\x09\xc9\xcd\x72\xcd\x9f\x04"
"\xcd\xe2\x1a\x22\x59\x3a\x95\xa8\x48\x38\x09\xe7\xab\x8f\x9f\xdf\xb0\x7f\xe0\x65\xf6\x7b\xa5\x30\x0e\xb8\xb2\xb2\x0e\x4b\xbc\xb8"
"\xbe\x80\x5c\xb8\x28\x25\xf1\x1d\xa9\xe4\xcb\x66\x05\x4e\x61\xba\xbc\x9f\xb0\x5c\x1d\x6e\x33\x24\x00\xbf\x5a\x59\x76\xf0\x1e\x8e"
"\x39\xcd\x13\xb4\x87\x93\xff\x41\xfb\x40\xaf\x47\x8f\xc5\xdb\x0a\x4f\xed\x41\xb3\xbc\x31\xa1\x42\x2d\x49\xc0\x7a\xf1\xb6\x57\x22"
"\x94\xee\x37\xd7\x50\x15\x31\xa6\xcb\xd6\xf9\x41\x16\x89\x2a\xf3\xad\x28\xd9\x35\x22\xc8\x0e\xd1\x8c\xc0\xe0\x94\x6b\x92\x09\x9b"
"\x42\x26\x76\xa6\x72\x18\x78\xbd\x1a\x0e\xae\x40\x14\x45\x46\x30\x2a\xa3\xa1\xf7\xa8\x34\x18\x9d\xed\x38\xf4\x88\xd0\xbe\x3d\x39"
"\x9d\x10\xfe\x5a\x64\x46\xc4\xc7\x37\x1a\x11\x74\x3f\x63\xde\x50\x98\x2d\x26\x63\x34\x71\x28\x70\x7e\x8b\xed\x06\x22\x93\x17\x99"
"\x74\xf2\xdd\x7f\x11\x7f\x44\x49\xfd\x2a\xb2\x8a\xcf\x1c\x37\xc1\x3a\x51\xc6\x14\xe5\x93\x69\x8b\x31\x1e\x85\xae\xa2\xf1\xbc\x43"
"\x47\x1d\x8f\x3d\x0f\x30\x0e\x88\x2c\x6b\xe3\xbd\x67\xf7\xa4\x21\xef\xf1\x9e\xe9\x41\xe7\x44\x14\x2f\xdc\x8e\x7b\x76\xec\xa6\x1a"
"\x75\xbc\x27\x8d\xe0\x7d\x47\x3f\x2f\x4a\x90\xe8\xc3\xca\x09\x65\x00\x7f\xff\x05\xdf\x84\xf2\x07\x51\xa9\x90\x87\xec\x1e\xb5\x3d"
"\x2c\xc1\x96\x28\x51\xa6\x8b\x54\x46\xcf\x40\x7d\xee\x6d\xab\x5d\x5e\x4d\x79\x9e\xa7\x2a\x8e\xa5\x66\x0d\x4c\x5e\x7f\x2b\x26\x3e"
"\xbd\x54\x15\xe0\x76\x45\x6b\x9c\xb1\xb1\x6d\xa2\x93\x79\x93\x67\xa2\x9e\xaa\x52\x06\xda\x04\xdf\x94\xa8\xb5\x4a\x77\x16\x29\x93"
"\x1d\x7b\x88\x2a\x1b\xe3\xd0\x9c\x4a\xc1\xda\x9f\xfa\xfa\x69\xc1\xcd\x9d\xcd\x04\xc1\x6d\x29\xe5\xd1\xda\x51\xe0\xb9\x2d\x44\xfb"
"\xee\x4d\xc7\x9e\x00\x24\x51\xb6\xf8\xec\x48\xf7\xc4\xe9\xae\x83\xf2\x7b\x1d\xd3\x69\xa7\x74\x92\xd5\x3a\xa5\x3c\x6f\x94\x8d\x4e"
"\xec\x33\xca\x71\x79\xfd\x05\xee\x78\xfb\x2c\xf4\xe3\x83\x81\xd2\xca\x4d\xa5\x3b\xbb\x28\x25\x6d\x1c\x9c\x98\x47\x87\x5a\x98\x24"
"\xc9\x94\x3e\xee\xac\x0e\xe8\x49\xd6\xd8\xbc\xef\x56\xa1\xcf\x72\x87\x3f\xe9\xb7\xb3\x71\xab\xbb\x23\xd6\xce\x26\x1d\x5a\xa2\x88"
"\x33\x6c\x6f\x4c\x99\xd8\x07\x6e\x4f\x98\x06\x80\x09\xb4\x18\xa8\x0b\x04\xcf\x9c\xf2\xf9\xb4\xc1\x5e\x28\xcb\x12\x91\xab\x9b\x01"
"\x65\xcf\xee\xd1\x41\xf2\x35\x31\x6a\xef\xb1\x2f\x1b\x71\xfb\x2e\xd7\x44\x62\x79\xcd\xc7\x21\xd2\xeb\xc7\xd1\x8d\xeb\x58\xec\xec"
"\x1e\xe8\x17\xea\xd4\x54\x25\x7e\xa4\x50\xe7\x4a\x57\x4e\xe2\x7f\xfc\x83\xfb\x08\xa8\x18\xbf\xf8\xc5\x98\xcf\x58\x1c\x57\x50\x6f"
"\xf1\x01\xd8\x93\x90\x48\x89\xf8\x9d\xff\xee\xdc\xbe\x76\x99\xdd\xd7\x51\x66\xa2\x67\xef\xbb\x5b\xa1\x47\x15\xfb\x5a\x14\x6d\x7c"
"\x2a\xfc\x12\xc1\xad\xc4\x53\x20\x4f\xdf\x77\x9e\xd3\x3a\x35\x20\x46\x2d\xb6\x01\xae\xfe\xf8\xb2\x69\x2e\x3e\xfb\xb8\x33\xa6\xf5"
"\xc7\xfd\x1f\x3c\xef\xd9\x35\x68\xea\xe4\x4a\x93\x59\xa8\x0e\x9a\xc0\xfb\x79\x98\xf6\xbc\x70\xd8\x0c\x54\x44\x26\x7c\x10\x0a\x6c"
"\xd8\xf0\xfd\xac\x4e\x94\xcc\xe2\xfd\xf7\xb3\xf6\x12\x54\x94\x65\xc3\x06\x7c\x64\x9e\x64\x4b\x89\xbe\x6f\x7e\x77\xfa\x45\x64\x2a"
"\xf6\x2e\xbc\x4a\xa2\xb4\xa2\x1c\x6c\xbb\x7f\xe2\x51\xb0\xae\x99\xe6\xf0\x57\x58\xa3\xd9\x49\x54\xf9\x8c\x5b\xf2\x2a\x87\xe4\x58"
"\xa8\x7d\xdf\x08\x97\xa2\x44\x72\x3a\x6f\x87\x47\x82\x3b\x78\x7d\x7b\x0b\x48\x06\x86\xe0\x0d\xd9\x39\x0a\x1a\x05\xf1\x88\xfc\xc3"
"\x81\xae\x29\xb8\xd7\x2b\x75\x75\xbe\x9d\xef\x6b\x6b\x19\xf9\x0e\x74\x34\xf4\xf5\x7d\x7b\xbb\x2f\xa4\x3e\xb1\x7b\xdd\x76\x86\xb0"
"\xbe\x97\x2d\x71\x83\xbf\xa9\x02\x70\x8e\xc3\xc4\x1b\xb6\x70\x2b\xbe\x0e\x2c\x61\x3b\x5d\xb3\x7e\xa1\x87\x68\x0f\x1f\xd8\x48\x57"
"\xaa\xad\x55\xf1\x1e\xce\xeb\x12\xff\x20\x7d\x3f\xe4\x7c\xd6\xfc\xd2\xdf\x38\xbc\x6b\x7e\xb4\x44\x06\x05\x9d\x3b\xe3\x55\x42\x3a"
"\x0f\xe3\x60\x14\xe1\x1c\x84\x2f\xa5\xd2\xee\x2a\x88\xea\x82\xd6\x68\x04\xcd\x50\x72\x7e\x76\xc0\x41\x44\x64\x8c\xc9\xcc\x8f\xe0"
"\xf8\x24\xd8\x1d\x4e\x35\x39\x5b\x67\x07\xbc\x73\xa1\xab\x04\x67\x74\x44\xad\x64\xf7\xf4\xe0\x8e\xa5\x8d\x4a\x55\x10\x0d\xf8\xd2"
"\xdd\x07\x1e\xbe\x3e\x2c\xd9\x7e\x78\x77\xb1\xfc\x26\xef\xba\x86\x1d\x72\x25\x9d\xad\x80\x25\x94\x7e\x9a\x49\xf0\x8e\x7c\x69\xdf"
"\x3b\x6e\xcc\x56\x87\xc6\xd5\x6e\x39\xd0\xd5\x77\x0b\x5e\x72\xf2\xe8\x11\x0a\x78\xf6\x05\x4d\x48\x5b\xdb\xe9\x8e\x01\x40\x3f\x56"
"\xcb\xf2\x05\x3d\x8b\xfb\x87\x75\xfb\xd0\xf7\xce\xf6\xff\x02\x9f\xfa\xda\x7b\x78\x0d\x00\x00";
static const ArdAssetChunk Json0[] PROGMEM = {
  {Json0_0,sizeof(Json0_0)-1},
};
#else
static const char Json0_0[] PROGMEM =
"\x1f\x8b\x08\x00\x00\x00\x00\x00\x02\xff\x7d\x56\xcd\x6e\xdb\x46\x10\x7e\x95\x81\x4e\x09\xe0\x2a\xd6\xbf\xe4\x1c\x02\xc7\xae\x51"
"\xa1\x4e\xac\x5a\x4a\x73\x09\x50\xac\xc9\xa5\xb9\x30\xb9\xcb\x72\x97\x12\x04\x42\x40\x9f\xa6\xaf\xd0\x7b\x1f\xa5\x4f\xd2\x99\xe5"
"\x0e\x45\x29\x6e\x2f\x82\x38\xb3\x3b\x3f\xdf\x7c\x33\x3b\x75\xaf\x52\xbf\x5d\x5e\x0e\x7a\x57\xbd\x47\x29\x62\xa5\x9f\xc1\x3a\xe1"
"\x2a\xfb\xcf\x1f\x7f\xf6\x2e\x1a\xe5\x10\x95\x4b\x9d\x18\xfe\x9e\xe0\xf7\xad\xdc\xaa\x48\xb2\x64\xda\x4a\x40\x8b\xbc\x15\xcf\x50"
"\x7c\xbd\xf2\xa2\x0b\x48\x8d\x75\xf4\x0f\x84\x8e\xe1\xd3\x2f\x9b\x0d\x2c\x6f\xfb\x70\x2f\x9d\x93\xa5\xbd\x80\x58\x3d\x2b\x67\xbd"
"\x32\xdd\x17\xa9\xd4\xf6\x3d\x44\xa9\xd0\xcf\xd2\x42\x29\x23\xa3\xb5\x8c\x5c\x9f\x2d\xcf\xd1\xf2\x5a\x6c\x5b\x4f\x0b\xfc\xbe\x13"
"\x91\x33\xe5\x1e\x4f\x5b\xe9\x82\x62\x70\x89\x8a\x1b\xa1\x23\x99\xb1\x84\x52\xfd\xaa\x7e\xb8\x53\x80\xc7\xaa\x82\xc5\x94\xe4\x3a"
"\x12\x1a\xb4\x74\x3b\x53\xbe\x58\x56\x8c\x28\x89\xad\x50\x99\x78\xca\xe4\x77\xda\x31\xd9\x4f\x8d\xb1\x98\x17\x2b\x59\x47\x38\xad"
"\xd7\xcb\x5b\xfe\x9e\xb6\x9e\x0b\x61\x2d\x9e\x8c\x59\x43\x40\xfd\x98\x17\x6e\x0f\x2f\x52\x16\x16\x5c\x2a\xc1\x62\x7a\x71\x7b\x12"
"\x12\x53\xa2\x58\x59\x76\xc2\x50\x0c\x08\x8a\x9b\x06\x1e\x8f\x5e\x07\x96\x01\xc1\x72\x93\x49\x51\x82\xf7\x1b\xc4\xc3\x4b\x16\xdb"
"\x46\xee\xef\x61\xd9\x4b\x2c\xc0\xf5\xaa\x0f\x0f\xe8\xbf\x24\x78\x1c\xf2\x81\xe0\xcf\x85\xd2\xec\x70\x38\x68\xaa\xda\x45\x6f\x38"
"\x0c\x95\x6e\x62\xeb\x92\x60\x48\xf8\x7d\x96\x3b\x34\x7c\x9e\xf6\x70\xfc\x4a\xda\x7c\xa6\x0f\x81\x39\x98\x79\x96\x99\x9d\x85\x0e"
"\xc1\xfa\xf0\xc8\x94\x00\x91\x20\x81\x98\x2a\x6d\x90\x93\x40\x10\xb4\xc2\x22\x82\xdf\xf3\xee\x24\x72\x82\xfe\x63\x69\x5e\xd0\x86"
"\x88\x63\xe4\x0e\x97\x76\x44\x81\xaf\x4c\xc9\x54\x1a\x51\xb4\x5f\xac\x2c\x3b\xc9\x8d\x26\x6c\xf3\x2c\xb5\xd1\xf4\x7f\x52\x3b\xd6"
"\xf2\xc9\x3b\x7e\x57\xa1\xd5\x3e\x34\xc7\x1b\x11\xb6\x83\x25\xbe\x59\xdf\x29\x9c\xd5\x88\x6a\xfd\xb0\xb9\x86\xaa\x88\x85\x6b\x83"
"\x58\x1c\x39\x98\xa8\x32\xdf\x89\x92\x55\x63\xaa\xf4\xd1\x9b\x11\xe8\x9c\x6a\x9d\x64\xc2\xa6\x90\x89\xbd\xa9\x1c\x3a\x5e\xaf\x46"
"\xc3\x2b\x10\x45\x91\xa9\x48\x38\x65\x34\xf4\x9f\x94\x06\xa3\xb3\x3d\xbb\x1e\x53\xd5\xef\xce\xac\x53\xd5\xbf\x14\x99\x11\xf1\x69"
"\x44\x63\x82\xee\x67\xcc\x1b\x0a\xb3\xc3\x64\x8c\xa6\x82\x05\x82\xed\xb0\xb7\x21\x32\x79\x91\x49\x27\xdf\xff\x17\xcb\xc6\x94\xd4"
"\xaf\x22\xab\xd8\xe6\xa4\x71\xd6\xf1\x32\x21\x2f\x3f\x99\xb6\x18\x93\x71\x68\x61\x8d\xf6\x8e\xe3\x6b\x32\xf1\xb3\x0d\xfd\x80\xc8"
"\xb2\xd6\xdf\x07\x56\x4f\x1b\xa6\x9c\xde\x99\x1d\x9b\x8a\x46\xa2\xef\x92\x8e\x7a\x7e\xaa\xa6\x1a\x75\xb4\x67\x5d\xf7\xa1\x43\xd6"
"\xad\x12\xd4\x61\xe1\xe4\x94\x32\x80\xbf\xff\x82\xaf\x42\x79\x43\x54\xaa\xcf\x1b\x66\xec\x74\xdc\x0e\x8c\x04\xe7\x8f\xc4\x9e\xb8"
"\x49\x65\xf4\x02\x34\x54\xde\xb5\x8d\xc2\xa7\x29\xcf\x37\xa9\x8a\x63\xa9\xdf\xb2\xec\xf5\xc1\x3c\xf5\xe9\xa5\xaa\x00\xb7\x2f\x5a"
"\xe1\x9c\x85\xed\xc4\x9a\x2e\x9a\x3c\x13\xf5\x5c\x95\x32\xd0\x26\xe8\x66\x44\xad\x55\xba\xb7\x48\x99\xec\x54\x43\x54\xd9\x18\x87"
"\xe2\x54\x0a\x6e\xb4\x99\xaf\x9f\x16\x3c\x49\x59\x4c\x10\xdc\x95\x52\x9e\x9c\x1d\x07\x9e\xdb\x42\xb4\x8f\xcc\x6c\xe2\x09\xe0\x54"
"\x9b\xc6\xcc\x67\x87\x84\xf0\x9c\xee\x2a\x28\xbf\xd7\x31\x9d\x75\x4a\x27\xb9\x5b\x67\x94\xe7\xad\xb2\xd1\x99\x7c\x4e\x39\xde\x5f"
"\x7f\x86\x25\x5f\x9f\x87\xe1\x77\x14\x50\x5a\xb9\xa9\x74\xe7\x16\xa5\xa4\x8d\x83\x33\xf1\xf8\x58\x0b\x93\x24\x99\xd2\xa7\x63\xcc"
"\x01\xbd\x7f\x1a\x27\xe5\x72\x15\x86\x1a\x8f\xd3\xb3\xe1\x36\x9f\xb4\x7d\x77\xc2\xda\xf9\xb4\x43\x4b\x6c\xe2\x0c\x5f\x5c\xa6\x4c"
"\xec\x1d\xb7\x16\x66\x01\x60\x02\x2d\x06\x9a\x02\x41\xb3\xa0\x7c\x7e\xda\x6c\x56\x20\xcb\x12\x91\xab\x9b\x6d\xe0\xc0\xea\xf1\xb1"
"\xe5\x6b\x62\xd4\xc1\x63\x5f\x36\xcd\xed\xa7\x5c\xe3\x89\xdb\x6b\x31\x09\x9e\x5e\x37\x47\x11\xd7\xb1\xd8\xdb\x03\xd0\x2f\xd4\xa9"
"\xa9\x4a\xfc\x48\xa1\xce\x95\xae\x9c\xc4\xff\xf8\x07\xef\x11\x50\x31\x7e\xf1\x78\x5e\xcc\xb9\x39\xae\xa0\xde\xa9\x44\x1d\xa8\x91"
"\xa8\x13\xf1\x3b\xff\xdd\xb9\x43\xed\x32\x7b\xa8\xa3\xcc\x44\x2f\x5e\xb7\x5c\xa1\x46\x15\x87\x5a\x14\xad\x7f\x2a\xfc\x3d\x82\x5b"
"\x89\xe7\x40\x9e\x81\x9f\x3c\xe7\x75\x6a\x40\x8c\x5a\x6c\x03\x5c\x83\xc9\x65\x33\x5c\x7c\xf6\x71\x67\x27\x1a\x4c\x06\xdf\x69\x3e"
"\xb0\x6a\xd8\xd4\xc9\x95\x26\xb3\x50\x1d\x7b\x02\xe3\xf3\x30\x1d\xf8\xe0\xa8\xd9\x5e\x88\x4c\xf8\x20\x14\x38\xb0\xe1\x5b\xaf\x4e"
"\x94\xcc\xe2\xc3\xb7\x5e\x1b\x04\x15\xe5\xbe\x61\x03\x3e\x32\xcf\xb2\xa5\xc4\xc0\x0f\xbf\xa5\xde\x8a\x4c\xc5\x5e\x85\xa1\x24\x4a"
"\x2b\xca\xc1\xb6\xf7\xa7\x1e\x05\xeb\x9a\xd5\x09\x7f\x85\x35\x9a\x95\x44\x95\x4f\x78\x25\xaf\x72\x48\x4e\x1b\x75\xe0\x07\xe1\xbd"
"\x28\x91\x9c\xce\xcb\xe1\x89\xe0\x0e\x5a\x3f\xde\x02\x92\x81\x21\x18\x21\x2b\xc7\xa1\x47\x41\x3c\x21\xff\x70\x7b\x6a\x0a\xee\xfb"
"\x95\xa6\x3a\x47\xe7\xe7\xda\x5a\x46\x7e\x02\x9d\x6c\x58\x03\x3f\xde\x1e\x0a\xa9\xcf\xe4\xbe\x6f\x3b\x1b\xcf\xc0\xb7\x2d\x71\x83"
"\xbf\xa9\x02\xf0\x66\x73\xbf\x7e\xcb\x12\x1e\xc5\xd7\x81\x25\x2c\xa7\x30\xeb\x2d\x3d\x44\x07\xf8\xc8\x42\x0a\xa9\xb6\x56\xc5\x07"
"\x78\x53\x97\xf8\x07\xe9\xfb\x31\x67\x5b\x8b\x4b\x1f\x71\x78\xd7\xfc\x1e\x87\x0c\x0a\x7d\xee\x8c\xef\x12\xea\xf3\xb0\x7b\x45\x11"
"\x2e\x1d\xf8\x52\x2a\xed\xae\x42\x53\x5d\xd0\x19\x8d\xa0\x19\x4a\xce\xef\x0e\xb8\x88\x88\x8c\x31\x99\xfb\x7d\x17\x9f\x04\xbb\xb7"
"\x4e\xe6\x2c\x9d\x1f\xf1\xce\x85\xae\x12\x5c\x88\x11\xb5\x92\xd5\xb3\xa3\x3a\x96\x36\x2a\x55\x41\x34\xe0\xa0\xbb\x0f\x3c\x7c\x79"
"\xbc\x67\xf9\xf1\xdd\xc5\xf2\x9b\xbc\xab\x1a\x75\xc8\x95\x74\xae\x02\x96\x50\xfa\x6d\x26\xc1\x18\x39\x68\x3f\x3b\x6e\xcd\x4e\x87"
"\xc1\xd5\x5e\x39\xd2\xd5\x4f\x0b\x3e\x72\xf6\xe8\x11\x0a\x68\xfb\x82\x36\xa4\x9d\xed\x4c\xc7\x00\xa0\xdf\x61\x65\xb9\x45\xcd\xcd"
"\xc3\xe3\xba\x7d\xe8\xfb\xbd\xc3\xbf\xcf\x96\xba\x6d\xe5\x0c\x00\x00";
static const ArdAssetChunk Json0[] PROGMEM = {
  {Json0_0,sizeof(Json0_0)-1},
};
#endif
#endif
#elif ARDPORTAL_ENABLE_OTA && !ARDPORTAL_ENABLE_MQTT && !ARDPORTAL_ENABLE_CONSOLE
#if ARDPORTAL_CONTROL_PROFILE_FULL
#if ARDPORTAL_ENABLE_MQTT_TLS
static const char Json0_0[] PROGMEM =
"\x1f\x8b\x08\x00\x00\x00\x00\x00\x02\xff\x75\x57\xdb\x6e\x23\x37\x12\xfd\x15\xc2\x40\x00\x07\x70\xbc\xd6\x5d\x9a\x3c\x0c\x3c\xf6"
"\x0c\x46\x1b\x8f\xad\x58\x4a\xf2\x12\x60\x41\x77\xb3\x2d\xc2\xdd\x64\x2f\xc9\xb6\x20\x08\x02\xf2\x35\xfb\x0b\xfb\xbe\x9f\xb2\x5f"
"\x92\xaa\x6a\x16\xbb\xe5\x38\x2f\x82\x78\x8a\x4d\xd6\xe5\xd4\x85\x87\xb3\x46\xff\xeb\xea\x6a\x70\xf6\xe1\xec\x51\xc9\x5c\x9b\x67"
"\xe1\x83\x0c\x8d\xff\xff\x1f\xff\x39\xbb\x68\x85\x43\x10\x2e\x4d\x61\x79\x3d\x81\xf5\xad\x7a\xd5\x99\x62\x64\x9a\x10\x61\x64\x95"
"\xe0\x19\xc0\xd7\x2b\x82\x2e\xc4\xd6\xfa\x80\xff\x84\x34\xb9\xf8\xf6\xf3\x66\x23\x96\xb7\x97\xe2\x4e\x85\xa0\x9c\xbf\x10\xb9\x7e"
"\xd6\xc1\x93\x70\xbb\xaf\xb7\xca\xf8\x1f\x45\xb6\x95\xe6\x59\x79\xe1\x54\x66\x8d\x51\x59\xb8\xe4\x93\xe7\x70\xf2\x5a\xbe\xa6\x9b"
"\x16\xb0\xfe\x22\xb3\x60\xdd\x1e\x76\x7b\x15\xa2\x60\x70\x05\x82\x1b\x69\x32\x55\x32\x82\xa6\xfe\xa6\x7f\xf8\xa2\x05\x6c\x6b\x6a"
"\x86\xd1\xc8\x75\x26\x8d\x30\x2a\xec\xac\x7b\xf1\x2c\x18\xa1\x11\xaf\x52\x97\xf2\xa9\x54\x7f\x91\x8e\xf1\xfc\xad\xb5\x1e\xec\x62"
"\x21\xcb\xd0\x4f\xeb\xf5\xf2\x96\xd7\xd3\x74\x73\x2d\xbd\x87\x9d\x39\x4b\xd0\x51\x9f\xab\x3a\xec\xc5\x8b\x52\xb5\x17\x61\xab\x84"
"\x07\xf3\xf2\xb4\x53\x14\xd6\x01\xac\x3d\x5f\xc2\xae\x18\xa0\x2b\x6e\x5a\xf7\x90\xf7\x7a\x6e\x19\xa0\x5b\x6e\x4a\x25\x9d\xa0\x7b"
"\x23\x3c\xbc\x62\xd8\xb7\x38\x7d\x07\x61\x77\x10\x80\xeb\xd5\xa5\x78\x80\xfb\x1d\xba\x27\x00\x1f\xd0\xfd\x95\xd4\x86\x2f\x1c\x0e"
"\xda\xa8\xf6\xbd\x37\x1c\xc6\x48\xb7\xba\xf5\x49\x30\x44\xff\xdd\xab\x1d\x1c\xfc\xd6\xec\xe1\xf8\x1d\xb3\x79\xcf\xa5\x88\xcc\x01"
"\xcb\xcb\xd2\xee\xbc\xe8\x11\xec\x52\x3c\x32\x25\x84\x2c\x80\x40\x4c\x95\xa4\xe4\x24\x12\x04\x4e\x89\xd0\x08\x1d\xf5\xb0\xb9\x16"
"\x4d\x9d\xcb\xc0\xea\x8d\x16\x5d\x00\x0b\xed\xaa\x9d\x74\x2c\x1a\xa3\x9b\x92\xdb\x9f\xac\x84\x28\xa0\xa3\x8a\x52\xfa\xad\x28\xe5"
"\xde\x36\xe1\x52\x7c\x5e\xaf\x46\xc3\x0f\x42\xd6\x75\xa9\x33\x19\xb4\x35\xe2\xf2\x49\x1b\x61\x4d\xb9\x67\x6d\xc6\xe8\xb2\x2f\x6f"
"\x4e\x47\x97\xfd\x52\x97\x56\xe6\xa7\x1a\x8d\xd1\x61\x3f\x81\x3f\x44\x6d\x77\x60\x99\x35\x68\x6d\x8c\xce\x0e\x12\x43\x64\xb6\xaa"
"\x4b\x15\xd4\x8f\x7f\x17\xa2\x31\x1a\xf5\xab\x2c\x1b\x3e\x73\x82\xa6\xac\x95\x61\xcf\x4f\xda\xcb\x7b\xb7\x4e\xf0\xd6\xaf\x36\x85"
"\x6d\x32\x8e\xf9\x60\xe0\xfc\xae\x16\x4c\x26\x54\x28\xe0\x5e\x21\xcb\x32\xdd\xff\x91\xc5\xd3\xd6\xed\xa7\xdf\xcc\x3a\x86\x62\x7d"
"\x21\xca\xf5\xc4\x6f\x48\xfa\xb1\x17\xdb\x57\x2d\x91\x90\x71\xe7\x14\x75\x14\xff\xfb\xaf\xf8\x4d\x6a\x3a\x09\x83\x73\xbf\xe1\x00"
"\x4f\xc7\x29\xbf\x0a\x48\x57\x05\x14\xba\xd9\xaa\xec\x45\x60\x0e\xfe\x23\xf1\x8a\x77\xa3\x25\xe7\x5b\x9d\xe7\xca\x7c\xcf\xd8\xfb"
"\x75\x6c\x4a\x06\x6c\x75\x2d\xc2\xbe\x4e\xe0\x9c\xc1\x94\xe0\xd3\x45\x6b\x68\xa1\x9f\x1b\xa7\x22\x51\xa2\x6c\x86\x11\x58\x6d\xf7"
"\x1e\x48\x52\x9e\x4a\x90\x1c\x1b\x1b\x00\xde\x2a\xc9\x19\x35\xa3\x08\x19\xc9\x85\x87\x61\x74\xc1\x17\xa7\xd4\xc9\xde\x71\x64\xb6"
"\xaf\x65\xaa\xc9\xb3\x09\x85\x38\xe8\x64\xc6\x8c\xac\x83\x90\x13\x8b\xfb\x02\xb4\xef\x7d\x9f\xce\x7a\xd5\x45\x31\x7b\x66\x68\xe7"
"\xad\xf6\xd9\x1b\x7c\x8e\x36\xde\x5d\xdf\x8b\x25\x7f\x3e\x8f\xb5\xa2\x03\xd0\xac\xca\x36\xa6\xf7\x15\x9a\x64\x6c\x10\x6f\xe0\x71"
"\x17\x0b\x5b\x14\xa5\x36\xa7\x59\x1f\x04\xb6\x0b\x03\x85\x65\xb9\x8a\x35\x80\xab\xcf\x9b\x5a\x30\x9f\xa4\x4c\x3b\xe1\xe5\x7c\xda"
"\xe3\x25\xa4\x6d\x09\x0d\x8a\x29\x93\xd3\xc5\xe9\x84\x59\x74\x30\x3a\x2d\x17\x98\xf7\x51\xb2\x40\x7b\xbe\x6e\x36\x2b\xa1\x9c\x03"
"\xcf\x1d\xda\xe6\x79\x64\xf1\xb8\x4b\xf2\x03\x32\xea\x48\xbe\x77\x6d\x3a\x53\xbd\x6b\x6f\xe2\x04\x5a\x4c\xe2\x4d\xef\x1f\x87\x1a"
"\x1f\x72\xb9\xf7\x47\x81\xbf\xe2\xb0\xb5\x8d\x83\xc5\x56\x1c\x2a\x6d\x9a\xa0\xe0\x3f\xfc\x81\xef\xd0\x51\x39\xac\xb8\x51\x2d\xe6"
"\x9c\x1c\x1f\xc4\x61\xa7\x0b\x7d\xc4\x44\xc2\x36\x0c\xeb\xea\xdf\x21\x1c\x0f\xa1\xf4\xc7\x43\x56\xda\xec\x85\x64\xcb\x15\x48\x74"
"\x7d\x3c\xc8\x3a\xdd\x8f\x81\xbf\x03\xe7\x36\xf2\x39\x92\x67\x40\xa3\xc3\x46\xba\x67\x28\x09\x41\x55\xb5\x72\xa0\xb1\x4b\x52\xf4"
"\xcf\x4d\xe3\x9c\x32\xef\x8a\x31\xf6\xdf\x6c\x9e\xd6\x63\xea\xe3\x06\xb8\xd0\x61\xe8\xfc\x15\xb8\xcc\x33\x80\xa6\x5c\x43\xcc\x5e"
"\x53\xf9\x1a\xd0\x00\x70\x6f\x03\x18\xd6\x16\xe1\x88\x53\xff\x5f\x3e\x0a\xaf\x9f\x0d\x24\xd8\xf9\x3f\xd7\x0f\xf7\xdf\xb3\x0c\x35"
"\x5f\x61\x8d\x65\x00\x95\xfd\xe4\xf4\xf3\x36\x98\xee\x3a\x1a\x00\x6e\x6c\x09\x9e\x66\x84\x6a\x63\xad\x80\x0a\xe7\xdf\xa5\xd3\x28"
"\x72\x3e\xd3\x65\x79\xa2\x00\x25\x9d\x76\x2d\xc7\x18\x24\x3e\xd5\x2a\xad\x29\xcb\x80\x7f\x6c\x0e\x35\xee\x75\xb0\x31\xc3\x07\xd4"
"\xb1\x57\xd6\x6b\x22\x6a\x77\x29\xf5\xe2\x8d\x2e\x43\x1f\x43\x2b\xee\x20\x8a\xbc\x1e\x51\x25\x29\x7b\x08\xea\x7f\xed\x2a\x18\xc9"
"\xb8\x06\x0c\xa8\x61\x22\x26\x77\x72\xcf\xd8\x34\x62\x06\x5d\xc2\xe0\xac\x4d\x7e\xe9\x2a\x46\x50\xfb\x0d\xb8\xed\x19\x72\x50\x96"
"\x3d\xc1\xa2\xa3\xc6\xb6\xa9\x74\xae\xa1\xd3\x77\x8a\x8e\xae\xa8\xf0\x19\x56\x61\x84\xc6\xdc\x36\xae\x6d\xa2\xe7\x3e\xed\x43\x83"
"\x7e\xb5\x65\x93\x94\x1d\x8d\x62\xcb\x60\x07\x8e\xd0\xa2\x95\x6c\x92\x03\x47\x6d\x9f\x02\xaa\x19\x11\xac\x78\x92\x9d\x64\xda\xba"
"\xa7\xe3\xce\x68\xc6\xa7\x41\x01\xb5\x6c\xe7\xa8\xad\x7c\x55\x85\x09\x7b\xc2\x9b\x51\x1b\x1c\x4c\xe0\xca\xee\xa0\xa4\x44\x9c\xe6"
"\x85\xa5\x81\x94\x85\xce\xd8\x6f\xe9\x03\xea\xff\xb7\x2a\x73\x0a\xf4\x78\x27\x0d\xc6\xed\x84\xfd\xf7\x72\xb4\xf7\xa1\x28\x78\x89"
"\xd6\x7e\x55\x92\x55\x1d\x4f\x48\x55\x5b\xf2\x9a\xe2\xd6\x04\xcb\x6b\x0a\x99\xe3\xb0\x8e\xe7\x31\xc9\x70\x44\x61\x6c\xf1\x4e\xb5"
"\x6d\x4b\x61\x96\x2a\x64\x2c\x7a\x03\x9a\x26\xe2\x48\x12\xeb\x17\x4b\x06\x7f\x91\x7c\x64\xd1\xb0\xad\xb6\xc1\xd9\xd2\x8b\xa6\xeb"
"\x6c\x50\x65\xa8\xd8\x1d\x79\xe3\xa8\x1d\xd9\xb1\x25\xe4\xda\xd7\x30\x68\x89\xdf\xcf\x0e\x85\x56\x65\x7e\xfc\xfd\x2c\x29\x31\xa6"
"\x38\xb6\x4f\x96\x1a\xea\x51\x2a\xec\x03\x1a\x52\x96\xe6\x55\x96\x3a\x27\x11\xa8\x52\x68\x43\xc9\xe3\xd3\xf7\xc4\x03\xe9\x43\xfb"
"\x5e\x10\xe8\xfb\x94\xa0\x34\xb2\x7c\x83\x4f\xaa\xa6\x12\xc5\x69\xbb\x1d\x4c\xe6\xf4\x25\xd0\x1a\x3e\x46\x5c\x3c\xf5\x92\xab\x1d"
"\x67\x62\xc5\x63\xd6\x47\xd9\xf4\x8a\x2b\x17\x3b\x6c\x3a\x20\x55\xe5\x09\xd6\xb6\xfe\x17\x63\x77\x86\x1e\x63\x49\x30\xea\x82\x14"
"\x5b\x48\xc7\xbe\x76\xfa\x81\x26\x2e\xe4\x13\x34\x28\x78\x8d\xb4\x1d\x81\x1a\x3a\x0e\x76\x6c\x38\x0d\x3e\x6b\x95\xd1\x88\x72\xf2"
"\x62\x19\xd0\xfc\x83\x75\xe9\x2d\x8e\xee\x58\xe6\x65\x52\x64\x1e\x09\xd8\xbb\x7e\x11\x39\xd8\x41\x34\xf2\x00\xed\x7a\xc8\xa0\x65"
"\x1e\x2f\x87\x6d\x65\xdf\x9e\x9c\x34\x6b\xad\x2c\x1c\xb4\xe3\x1e\x3a\xa6\x02\xef\x2a\xc9\x2c\xa7\x01\xe7\x73\xc6\x24\xa7\xe9\xe6"
"\x73\x09\x4c\x75\x3a\x63\x8c\x5a\x87\x72\x05\x7e\x67\x12\x4b\x67\xac\xbe\xa8\x9b\x8a\xa3\x4a\x43\xcd\x57\x28\x74\x40\x16\xcc\xf9"
"\x08\xd3\x4c\xd3\x7b\x3c\x0d\x68\xa4\xc1\xbe\xc9\x6b\x34\x42\x9c\x6f\xee\xd6\x5c\x1f\xe6\x3c\xa6\x5e\xc7\x0e\xca\x38\x9a\x70\x78"
"\xc5\xb1\xfc\x28\x3e\x31\x88\x56\x1c\xbc\xd7\xf9\x51\x9c\x1f\x1c\xfc\x81\xd6\xfe\xa9\x4a\x67\x4d\x7b\x54\xc6\x22\xc4\x51\x5c\xb4"
"\x13\x7d\x1c\xff\xe9\xad\x08\x09\x1b\x87\x23\xa8\x78\x38\x5a\xe0\x70\x14\xdf\x77\x59\x06\x0d\x0d\x1e\x14\xda\x84\x0f\x71\x12\xb9"
"\xc0\x3d\x06\x88\x64\x31\xe0\xf4\xf4\xb2\x0e\x6a\x17\xdf\x30\xa7\x37\x35\xcc\xd1\x7e\xef\xa1\x24\x31\x3a\xef\x38\x08\x6e\x6a\x0a"
"\xa0\x2e\x30\x89\x5b\x23\x4d\x4a\x51\x9c\x2b\x9f\x39\x5d\xf7\xfa\xde\xa2\xff\x0e\x12\xbf\x3c\xde\x31\xde\x3d\x47\x20\xdb\x6c\xd5"
"\x17\x8d\x7a\x0e\x28\x7a\x9f\x0a\xa0\xb5\xa2\xb7\x63\x01\x3a\x26\xb7\xd0\xd4\x08\x89\x13\xa7\xbd\xf4\x49\x57\x1d\x68\xc4\xe2\x2d"
"\x6f\x5e\x0a\xe8\x05\x38\xfb\x42\x3c\x39\x78\x71\xf6\x46\xca\xe8\x40\x7a\x27\x2b\xf7\x0a\x92\x9b\x87\xc7\x75\x7a\xff\x5c\x9e\x1d"
"\xff\x04\x68\x81\xa5\x30\x49\x11\x00\x00";
static const ArdAssetChunk Json0[] PROGMEM = {
  {Json0_0,sizeof(Json0_0)-1},
};
#else
static const char Json0_0[] PROGMEM =
"\x1f\x8b\x08\x00\x00\x00\x00\x00\x02\xff\x75\x57\xdb\x6e\x23\x37\x12\xfd\x15\xc2\x40\x00\x07\x70\xbc\xd6\x5d\x9a\x3c\x0c\x3c\xf6"
"\x0c\x46\x1b\x8f\xad\x58\x4a\xf2\x12\x60\x41\x77\xb3\x2d\xc2\xdd\x64\x2f\xc9\xb6\x20\x08\x02\xf2\x35\xfb\x0b\xfb\xbe\x9f\xb2\x5f"
"\x92\xaa\x6a\x16\xbb\xe5\x38\x2f\x82\x78\x8a\x4d\xd6\xe5\xd4\x85\x87\xb3\x46\xff\xeb\xea\x6a\x70\xf6\xe1\xec\x51\xc9\x5c\x9b\x67"
"\xe1\x83\x0c\x8d\xff\xff\x1f\xff\x39\xbb\x68\x85\x43\x10\x2e\x4d\x61\x79\x3d\x81\xf5\xad\x7a\xd5\x99\x62\x64\x9a\x10\x61\x64\x95"
"\xe0\x19\xc0\xd7\x2b\x82\x2e\xc4\xd6\xfa\x80\xff\x84\x34\xb9\xf8\xf6\xf3\x66\x23\x96\xb7\x97\xe2\x4e\x85\xa0\x9c\xbf\x10\xb9\x7e"
"\xd6\xc1\x93\x70\xbb\xaf\xb7\xca\xf8\x1f\x45\xb6\x95\xe6\x59\x79\xe1\x54\x66\x8d\x51\x59\xb8\xe4\x93\xe7\x70\xf2\x5a\xbe\xa6\x9b"
"\x16\xb0\xfe\x22\xb3\x60\xdd\x1e\x76\x7b\x15\xa2\x60\x70\x05\x82\x1b\x69\x32\x55\x32\x82\xa6\xfe\xa6\x7f\xf8\xa2\x05\x6c\x6b\x6a"
"\x86\xd1\xc8\x75\x26\x8d\x30\x2a\xec\xac\x7b\xf1\x2c\x18\xa1\x11\xaf\x52\x97\xf2\xa9\x54\x7f\x91\x8e\xf1\xfc\xad\xb5\x1e\xec\x62"
"\x21\xcb\xd0\x4f\xeb\xf5\xf2\x96\xd7\xd3\x74\x73\x2d\xbd\x87\x9d\x39\x4b\xd0\x51\x9f\xab\x3a\xec\xc5\x8b\x52\xb5\x17\x61\xab\x84"
"\x07\xf3\xf2\xb4\x53\x14\xd6\x01\xac\x3d\x5f\xc2\xae\x18\xa0\x2b\x6e\x5a\xf7\x90\xf7\x7a\x6e\x19\xa0\x5b\x6e\x4a\x25\x9d\xa0\x7b"
"\x23\x3c\xbc\x62\xd8\xb7\x38\x7d\x07\x61\x77\x10\x80\xeb\xd5\xa5\x78\x80\xfb\x1d\xba\x27\x00\x1f\xd0\xfd\x95\xd4\x86\x2f\x1c\x0e"
"\xda\xa8\xf6\xbd\x37\x1c\xc6\x48\xb7\xba\xf5\x49\x30\x44\xff\xdd\xab\x1d\x1c\xfc\xd6\xec\xe1\xf8\x1d\xb3\x79\xcf\xa5\x88\xcc\x01"
"\xcb\xcb\xd2\xee\xbc\xe8\x11\xec\x52\x3c\x32\x25\x84\x2c\x80\x40\x4c\x95\xa4\xe4\x24\x12\x04\x4e\x89\xd0\x08\x1d\xf5\xb0\xb9\x16"
"\x4d\x9d\xcb\xc0\xea\x8d\x16\x5d\x00\x0b\xed\xaa\x9d\x74\x2c\x1a\xa3\x9b\x92\xdb\x9f\xac\x84\x28\xa0\xa3\x8a\x52\xfa\xad\x28\xe5"
"\xde\x36\xe1\x52\x7c\x5e\xaf\x46\xc3\x0f\x42\xd6\x75\xa9\x33\x19\xb4\x35\xe2\xf2\x49\x1b\x61\x4d\xb9\x67\x6d\xc6\xe8\xb2\x2f\x6f"
"\x4e\x47\x97\xfd\x52\x97\x56\xe6\xa7\x1a\x8d\xd1\x61\x3f\x81\x3f\x44\x6d\x77\x60\x99\x35\x68\x6d\x8c\xce\x0e\x12\x43\x64\xb6\xaa"
"\x4b\x15\xd4\x8f\x7f\x17\xa2\x31\x1a\xf5\xab\x2c\x1b\x3e\x73\x82\xa6\xac\x95\x61\xcf\x4f\xda\xcb\x7b\xb7\x4e\xf0\xd6\xaf\x36\x85"
"\x6d\x32\x8e\xf9\x60\xe0\xfc\xae\x16\x4c\x26\x54\x28\xe0\x5e\x21\xcb\x32\xdd\xff\x91\xc5\xd3\xd6\xed\xa7\xdf\xcc\x3a\x86\x62\x7d"
"\x21\xca\xf5\xc4\x6f\x48\xfa\xb1\x17\xdb\x57\x2d\x91\x90\x71\xe7\x14\x75\x14\xff\xfb\xaf\xf8\x4d\x6a\x3a\x09\x83\x73\xbf\xe1\x00"
"\x4f\xc7\x29\xbf\x0a\x48\x57\x05\x14\xba\xd9\xaa\xec\x45\x60\x0e\xfe\x23\xf1\x8a\x77\xa3\x25\xe7\x5b\x9d\xe7\xca\x7c\xcf\xd8\xfb"
"\x75\x6c\x4a\x06\x6c\x75\x2d\xc2\xbe\x4e\xe0\x9c\xc1\x94\xe0\xd3\x45\x6b\x68\xa1\x9f\x1b\xa7\x22\x51\xa2\x6c\x86\x11\x58\x6d\xf7"
"\x1e\x48\x52\x9e\x4a\x90\x1c\x1b\x1b\x00\xde\x2a\xc9\x19\x35\xa3\x08\x19\xc9\x85\x87\x61\x74\xc1\x17\xa7\xd4\xc9\xde\x71\x64\xb6"
"\xaf\x65\xaa\xc9\xb3\x09\x85\x38\xe8\x64\xc6\x8c\xac\x83\x90\x13\x8b\xfb\x02\xb4\xef\x7d\x9f\xce\x7a\xd5\x45\x31\x7b\x66\x68\xe7"
"\xad\xf6\xd9\x1b\x7c\x8e\x36\xde\x5d\xdf\x8b\x25\x7f\x3e\x8f\xb5\xa2\x03\xd0\xac\xca\x36\xa6\xf7\x15\x9a\x64\x6c\x10\x6f\xe0\x71"
"\x17\x0b\x5b\x14\xa5\x36\xa7\x59\x1f\x04\xb6\x0b\x03\x85\x65\xb9\x8a\x35\x80\xab\xcf\x9b\x5a\x30\x9f\xa4\x4c\x3b\xe1\xe5\x7c\xda"
"\xe3\x25\xa4\x6d\x09\x0d\x8a\x29\x93\xd3\xc5\xe9\x84\x59\x74\x30\x3a\x2d\x17\x98\xf7\x51\xb2\x40\x7b\xbe\x6e\x36\x2b\xa1\x9c\x03"
"\xcf\x1d\xda\xe6\x79\x64\xf1\xb8\x4b\xf2\x03\x32\xea\x48\xbe\x77\x6d\x3a\x53\xbd\x6b\x6f\xe2\x04\x5a\x4c\xe2\x4d\xef\x1f\x87\x1a"
"\x1f\x72\xb9\xf7\x47\x81\xbf\xe2\xb0\xb5\x8d\x83\xc5\x56\x1c\x2a\x6d\x9a\xa0\xe0\x3f\xfc\x81\xef\xd0\x51\x39\xac\xb8\x51\x2d\xe6"
"\x9c\x1c\x1f\xc4\x61\xa7\x0b\x7d\xc4\x44\xc2\x36\x0c\xeb\xea\xdf\x21\x1c\x0f\xa1\xf4\xc7\x43\x56\xda\xec\x85\x64\xcb\x15\x48\x74"
"\x7d\x3c\xc8\x3a\xdd\x8f\x81\xbf\x03\xe7\x36\xf2\x39\x92\x67\x40\xa3\xc3\x46\xba\x67\x28\x09\x41\x55\xb5\x72\xa0\xb1\x4b\x52\xf4"
"\xcf\x4d\xe3\x9c\x32\xef\x8a\x31\xf6\xdf\x6c\x9e\xd6\x63\xea\xe3\x06\xb8\xd0\x61\xe8\xfc\x15\xb8\xcc\x33\x80\xa6\x5c\x43\xcc\x5e"
"\x53\xf9\x1a\xd0\x00\x70\x6f\x03\x18\xd6\x16\xe1\x88\x53\xff\x5f\x3e\x0a\xaf\x9f\x0d\x24\xd8\xf9\x3f\xd7\x0f\xf7\xdf\xb3\x0c\x35"
"\x5f\x61\x8d\x65\x00\x95\xfd\xe4\xf4\xf3\x36\x98\xee\x3a\x1a\x00\x6e\x6c\x09\x9e\x66\x84\x6a\x63\xad\x80\x0a\xe7\xdf\xa5\xd3\x28"
"\x72\x3e\xd3\x65\x79\xa2\x00\x25\x9d\x76\x2d\xc7\x18\x24\x3e\xd5\x2a\xad\x29\xcb\x80\x7f\x6c\x0e\x35\xee\x75\xb0\x31\xc3\x07\xd4"
"\xb1\x57\xd6\x6b\x22\x6a\x77\x29\xf5\xe2\x8d\x2e\x43\x1f\x43\x2b\xee\x20\x8a\xbc\x1e\x51\x25\x29\x7b\x08\xea\x7f\xed\x2a\x18\xc9"
"\xb8\x06\x0c\xa8\x61\x22\x26\x77\x72\xcf\xd8\x34\x62\x06\x5d\xc2\xe0\xac\x4d\x7e\xe9\x2a\x46\x50\xfb\x0d\xb8\xed\x19\x72\x50\x96"
"\x3d\xc1\xa2\xa3\xc6\xb6\xa9\x74\xae\xa1\xd3\x77\x8a\x8e\xae\xa8\xf0\x19\x56\x61\x84\xc6\xdc\x36\xae\x6d\xa2\xe7\x3e\xed\x43\x83"
"\x7e\xb5\x65\x93\x94\x1d\x8d\x62\xcb\x60\x07\x8e\xd0\xa2\x95\x6c\x92\x03\x47\x6d\x9f\x02\xaa\x19\x11\xac\x78\x92\x9d\x64\xda\xba"
"\xa7\xe3\xce\x68\xc6\xa7\x41\x01\xb5\x6c\xe7\xa8\xad\x7c\x55\x85\x09\x7b\xc2\x9b\x51\x1b\x1c\x4c\xe0\xca\xee\xa0\xa4\x44\x9c\xe6"
"\x85\xa5\x81\x94\x85\xce\xd8\x6f\xe9\x03\xea\xff\xb7\x2a\x73\x0a\xf4\x78\x27\x0d\xc6\xed\x84\xfd\xf7\x72\xb4\xf7\xa1\x28\x78\x89"
"\xd6\x7e\x55\x92\x55\x1d\x4f\x48\x55\x5b\xf2\x9a\xe2\xd6\x04\xcb\x6b\x0a\x99\xe3\xb0\x8e\xe7\x31\xc9\x70\x44\x61\x6c\xf1\x4e\xb5"
"\x6d\x4b\x61\x96\x2a\x64\x2c\x7a\x03\x9a\x26\xe2\x48\x12\xeb\x17\x4b\x06\x7f\x91\x7c\x64\xd1\xb0\xad\xb6\xc1\xd9\xd2\x8b\xa6\xeb"
"\x6c\x50\x65\xa8\xd8\x1d\x79\xe3\xa8\x1d\xd9\xb1\x25\xe4\xda\xd7\x30\x68\x89\xdf\xcf\x0e\x85\x56\x65\x7e\xfc\xfd\x2c\x29\x31\xa6"
"\x38\xb6\x4f\x96\x1a\xea\x51\x2a\xec\x03\x1a\x52\x96\xe6\x55\x96\x3a\x27\x11\xa8\x52\x68\x43\xc9\xe3\xd3\xf7\xc4\x03\xe9\x43\xfb"
"\x5e\x10\xe8\xfb\x94\xa0\x34\xb2\x7c\x83\x4f\xaa\xa6\x12\xc5\x69\xbb\x1d\x4c\xe6\xf4\x25\xd0\x1a\x3e\x46\x5c\x3c\xf5\x92\xab\x1d"
"\x67\x62\xc5\x63\xd6\x47\xd9\xf4\x8a\x2b\x17\x3b\x6c\x3a\x20\x55\xe5\x09\xd6\xb6\xfe\x17\x63\x77\x86\x1e\x63\x49\x30\xea\x82\x14"
"\x5b\x48\xc7\xbe\x76\xfa\x81\x26\x2e\xe4\x13\x34\x28\x78\x8d\xb4\x1d\x81\x1a\x3a\x0e\x76\x6c\x38\x0d\x3e\x6b\x95\xd1\x88\x72\xf2"
"\x62\x19\xd0\xfc\x83\x75\xe9\x2d\x8e\xee\x58\xe6\x65\x52\x64\x1e\x09\xd8\xbb\x7e\x11\x39\xd8\x41\x34\xf2\x00\xed\x7a\xc8\xa0\x65"
"\x1e\x2f\x87\x6d\x65\xdf\x9e\x9c\x34\x6b\xad\x2c\x1c\xb4\xe3\x1e\x3a\xa6\x02\xef\x2a\xc9\x2c\xa7\x01\xe7\x73\xc6\x24\xa7\xe9\xe6"
"\x73\x09\x4c\x75\x3a\x63\x8c\x5a\x87\x72\x05\x7e\x67\x12\x4b\x67\xac\xbe\xa8\x9b\x8a\xa3\x4a\x43\xcd\x57\x28\x74\x40\x16\xcc\xf9"
"\x08\xd3\x4c\xd3\x7b\x3c\x0d\x68\xa4\xc1\xbe\xc9\x6b\x34\x42\x9c\x6f\xee\xd6\x5c\x1f\xe6\x3c\xa6\x5e\xc7\x0e\xca\x38\x9a\x70\x78"
"\xc5\xb1\xfc\x28\x3e\x31\x88\x56\x1c\xbc\xd7\xf9\x51\x9c\x1f\x1c\xfc\x81\xd6\xfe\xa9\x4a\x67\x4d\x7b\x54\xc6\x22\xc4\x51\x5c\xb4"
"\x13\x7d\x1c\xff\xe9\xad\x08\x09\x1b\x87\x23\xa8\x78\x38\x5a\xe0\x70\x14\xdf\x77\x59\x06\x0d\x0d\x1e\x14\xda\x84\x0f\x71\x12\xb9"
"\xc0\x3d\x06\x88\x64\x31\xe0\xf4\xf4\xb2\x0e\x6a\x17\xdf\x30\xa7\x37\x35\xcc\xd1\x7e\xef\xa1\x24\x31\x3a\xef\x38\x08\x6e\x6a\x0a"
"\xa0\x2e\x30\x89\x5b\x23\x4d\x4a\x51\x9c\x2b\x9f\x39\x5d\xf7\xfa\xde\xa2\xff\x0e\x12\xbf\x3c\xde\x31\xde\x3d\x47\x20\xdb\x6c\xd5"
"\x17\x8d\x7a\x0e\x28\x7a\x9f\x0a\xa0\xb5\xa2\xb7\x63\x01\x3a\x26\xb7\xd0\xd4\x08\x89\x13\xa7\xbd\xf4\x49\x57\x1d\x68\xc4\xe2\x2d"
"\x6f\x5e\x0a\xe8\x05\x38\xfb\x42\x3c\x39\x78\x71\xf6\x46\xca\xe8\x40\x7a\x27\x2b\xf7\x0a\x92\x9b\x87\xc7\x75\x7a\xff\x5c\x9e\x1d"
"\xff\x04\x68\x81\xa5\x30\x49\x11\x00\x00";
static const ArdAssetChunk Json0[] PROGMEM = {
  {Json0_0,sizeof(Json0_0)-1},
};
#endif
#else
#if ARDPORTAL_ENABLE_MQTT_TLS
static const char Json0_0[] PROGMEM =
"\x1f\x8b\x08\x00\x00\x00\x00\x00\x02\xff\x75\x56\xdb\x6e\xdb\x46\x10\xfd\x95\x81\x9e\x12\xc0\x55\x2d\x59\x57\xe7\xc1\x70\xec\x18"
"\x11\xea\xd8\xaa\xa5\x34\x2f\x01\x8a\x35\xb9\x34\x17\x26\x77\x59\xee\x52\x82\x40\x08\xe8\xd7\xf4\x17\xfa\xde\x4f\xe9\x97\x74\x66"
"\xb9\x43\x51\x8a\xfb\x22\x88\x73\xf6\x32\x73\xe6\xcc\xcc\xd6\xbd\x4a\xfd\x7e\x7e\x3e\xe8\x5d\xf6\x9e\xa4\x88\x95\x7e\x01\xeb\x84"
"\xab\xec\xbf\x7f\xfe\xd5\x3b\x6b\xc0\x21\x82\x0b\x9d\x18\xfe\x1e\xe3\xf7\xad\xdc\xa8\x48\xb2\x65\xd2\x5a\x40\x8b\xbc\x35\x4f\xd1"
"\x7c\xbd\xf4\xa6\x33\x48\x8d\x75\xf4\x0f\x84\x8e\xe1\xcb\xaf\xeb\x35\x2c\x6e\xfb\x70\x2f\x9d\x93\xa5\x3d\x83\x58\xbd\x28\x67\x3d"
"\x98\xee\x8a\x54\x6a\xfb\x01\xa2\x54\xe8\x17\x69\xa1\x94\x91\xd1\x5a\x46\xae\xcf\x27\xcf\xf0\xe4\x95\xd8\xb4\x37\xcd\xf1\xfb\x4e"
"\x44\xce\x94\x3b\x5c\x6d\xa5\x0b\xc0\xe0\x1c\x81\x1b\xa1\x23\x99\xb1\x85\x42\xfd\xa6\x7e\xba\x53\x80\xcb\xaa\x82\xcd\x14\xe4\x2a"
"\x12\x1a\xb4\x74\x5b\x53\xbe\x5a\x06\x2e\x28\x88\x8d\x50\x99\x78\xce\xe4\x0f\xe8\x88\xce\x4f\x8d\xb1\x18\x17\x83\x8c\x11\x4f\xab"
"\xd5\xe2\x96\xbf\x27\xed\xcd\x85\xb0\x16\x57\xc6\x8c\x10\x51\x9f\xf2\xc2\xed\xe0\x55\xca\xc2\x82\x4b\x25\x58\x0c\x2f\x6e\x57\x42"
"\x62\x4a\x34\x2b\xcb\x97\x30\x15\x03\xa2\xe2\xa6\xa1\xc7\xb3\xd7\xa1\x65\x40\xb4\xdc\x64\x52\x94\xe0\xef\x0d\xe6\xe1\x39\x9b\x6d"
"\x63\xf7\xfb\x30\xed\x25\x26\xe0\x7a\xd9\x87\x47\xbc\xbf\x24\x7a\x1c\xea\x81\xe8\xcf\x85\xd2\x7c\xe1\x70\xd0\x64\xb5\xcb\xde\x70"
"\x18\x32\xdd\xf8\xd6\x15\xc1\x90\xf8\x7b\x90\x5b\x3c\xf8\x34\xec\xe1\xe8\x8d\xb0\x79\x4d\x1f\x82\x72\x30\xf2\x2c\x33\x5b\x0b\x1d"
"\x81\xf5\xe1\x89\x25\x01\x22\x41\x01\xb1\x54\x5a\x27\xc7\x41\x20\x78\x4a\x30\x5d\x10\x51\x8f\xeb\x6b\xa8\x8a\x58\x38\x76\xef\x62"
"\x7e\x48\x60\xa2\xca\x7c\x2b\x4a\x86\x46\x44\x53\x4b\xfb\xb3\x11\x98\x05\x22\x2a\xc9\x84\x4d\x21\x13\x3b\x53\xb9\x3e\x7c\x5a\x2d"
"\x2f\x86\x97\x20\x8a\x22\x53\x91\x70\xca\x68\xe8\x3f\x2b\x0d\x46\x67\x3b\xf6\x66\x44\x94\xdd\x9d\x9c\x4e\x94\x7d\x2d\x32\x23\xe2"
"\x63\x8f\x46\x44\xd8\x2f\xc8\x07\x14\x66\x8b\x91\x19\x4d\xd1\x86\xec\x6c\xb1\x30\x20\x32\x79\x91\x49\x27\x3f\xfc\x5f\x8a\x46\x14"
"\xd4\x6f\x22\xab\xf8\xcc\x71\x73\x59\xe7\x96\x31\xdd\xf2\xd9\xb4\x69\x1a\x8f\x82\xfe\x35\x9e\x77\xa8\xfd\xf1\xd8\x37\x06\xbc\x07"
"\x44\x96\xb5\xf7\x5d\x31\x3c\x69\x68\x3e\xde\x33\x3d\x28\x92\xfa\x89\x97\x58\x07\x3e\x11\xe5\x55\x27\x97\x1b\x25\x48\x80\x61\xe5"
"\x84\x7c\x84\x7f\xfe\x86\x6f\x42\xf9\x93\x28\x19\x0f\x6b\x4e\xe8\x64\xd4\xd6\x53\x82\xe5\x29\x51\x32\x37\xa9\x8c\x5e\x81\x6a\xee"
"\xe7\x56\x47\xbc\x9a\x22\x79\x97\xaa\x38\x96\xfa\x3d\xdb\xde\xee\x5b\x13\x1f\x40\xaa\x0a\x70\xbb\xa2\x35\xce\xd8\xd8\x16\xf4\x64"
"\xde\x04\x9a\xa8\x97\xaa\x94\x41\x18\x01\x9b\x92\x78\x96\xe9\xce\xa2\x28\xb2\x63\x84\xc4\xb0\x36\x0e\xcd\xa9\x14\x5c\x41\x53\x9f"
"\x21\x2d\xb8\xd1\xb0\x99\x28\xb8\x2b\xa5\x3c\x5a\x3b\x0a\x4a\xb6\x85\x68\x7b\xf0\x74\xec\x53\xec\x54\x1b\xc6\xd4\x47\x87\x29\xf7"
"\xaa\xed\x02\x14\xdf\xdb\x9c\x4e\x3b\xdd\x44\x72\x9d\x4e\x29\xce\x5b\x65\xa3\x13\xfb\x8c\x62\xbc\xbf\x7e\x80\x05\x6f\x9f\x85\xde"
"\x70\x30\x50\x58\xb9\xa9\x74\x67\x17\x85\xa4\x8d\x83\x13\xf3\xe8\x90\x0b\x93\x24\x99\xd2\xc7\x55\xee\x80\xc6\x83\xc6\x46\xb2\x58"
"\x86\x9a\xe7\x6e\x73\x52\xfb\xb3\x71\x5b\x59\x47\xba\x9c\x4d\x3a\xba\xc4\x32\xcd\x70\x20\xb1\x64\x62\x7f\x71\x7b\xc2\x34\x10\x4c"
"\xa4\xc5\x40\x75\x1e\x90\x39\xc5\xf3\x79\xbd\x5e\x82\x2c\x4b\x64\xae\x6e\x86\xe5\x9e\xe1\xd1\xa1\xa8\x6b\x52\xd4\xde\x73\x5f\x36"
"\xe5\xeb\xfb\x5b\x73\x13\x17\xd0\x7c\x1c\x6e\x7a\xfb\x38\xf2\xb8\x8e\xc5\xce\xee\x81\x7e\xa1\x4e\x4d\x55\xe2\x47\x0a\x75\xae\x74"
"\xe5\x24\xfe\xc7\x3f\xb8\x8f\x88\x8a\xf1\x8b\x07\xd3\x7c\xc6\xc5\x71\x09\xf5\x56\x25\x6a\x4f\x85\x44\x63\x17\xbf\xf3\x3f\x9c\xdb"
"\xd7\x2e\xb3\xfb\x3a\xca\x4c\xf4\xea\xb1\xc5\x12\x11\x55\xec\x6b\x51\xb4\xf7\x53\xe2\xef\x91\xdc\x4a\xbc\x04\xf1\x0c\x7c\x6f\x39"
"\xcd\x53\x43\x62\xd4\x72\x1b\xe8\x1a\x8c\xcf\x9b\xf6\xe1\xa3\x8f\x3b\x4f\x86\xc1\x78\xf0\x03\x72\xc5\xd0\xb0\xc9\x93\x2b\x4d\x66"
"\xa1\x3a\xd4\x04\xfa\xe7\x69\xda\xf3\xc2\x8b\x66\xb8\x93\x98\x62\x65\x0b\x6c\xc9\xf0\xbd\x57\x27\x4a\x66\xf1\xfe\x7b\xaf\x75\x82"
"\x92\x72\xdf\xa8\x01\xc7\xcb\x8b\x6c\x25\x31\xf0\xed\x6d\xa1\x37\x22\x53\xb1\x87\xd0\x95\x44\x69\x45\x31\xd8\x76\xff\xc4\xb3\x60"
"\x5d\xf3\xb2\xc0\x5f\x61\x8d\x66\x90\xa4\xf2\x05\xb7\xe4\x55\x0e\xc9\x71\xa1\x0e\xc6\x33\xbf\xb3\x44\x71\x3a\x6f\x87\x67\xa2\x3b"
"\xa0\xbe\xbd\x05\x26\x83\x42\xd0\x43\x06\x47\xa1\x46\x41\x3c\xa3\xfe\xf0\x71\xd1\x24\xdc\xd7\x2b\xf5\x6d\xf6\xce\xf7\xb5\x95\x8c"
"\x7c\x07\x3a\x7a\x80\x0c\x7c\x7b\x7b\x2c\xa4\x3e\xb1\xfb\xba\xed\x3c\x08\x06\xbe\x6c\x49\x1b\xfc\x4d\x19\x80\x77\xeb\xfb\xd5\x7b"
"\xb6\x70\x2b\xbe\x0e\x2a\x61\x3b\xb9\x59\x6f\x68\xd4\xec\xe1\x23\x1b\xc9\xa5\xda\x5a\x15\xef\xe1\x5d\x5d\xe2\x1f\x94\xef\xc7\x9c"
"\xcf\x9a\x9f\x7b\x8f\xc3\xe4\xf2\xcf\x1c\x54\x50\xa8\x73\x67\x7c\x95\x50\x9d\x87\xa7\x49\x14\x49\x6b\x71\x16\x2a\xed\x2e\x43\x51"
"\x9d\xd1\x1a\x8d\xa4\x19\x0a\xce\xbf\x1a\x4c\x89\x0d\x95\x39\x99\xf9\xe7\x20\x8e\x04\xbb\xb3\x4e\xe6\x6c\x9d\x1d\xf8\xce\x85\xae"
"\x12\x7c\x2f\x22\x6b\x25\xc3\xd3\x03\x1c\x4b\x1b\x95\xaa\x20\x19\xb0\xd3\xdd\x11\x0e\x5f\x9f\xee\xd9\x7e\x98\xac\x98\x7e\x93\x77"
"\xa1\x8b\x8e\xb8\x92\xce\x56\xc0\x14\x4a\xff\xec\x49\xd0\x47\x76\xda\xf7\x8e\x5b\xb3\xd5\xa1\x71\xb5\x5b\x0e\x72\xf5\xdd\x82\x97"
"\x9c\x0c\x3d\x62\x01\xcf\x3e\x83\xe7\x12\x1f\x4b\x9d\xee\x18\x08\xf4\x4f\x3c\x59\x6e\x10\xb9\x79\x7c\x5a\xb5\xa3\xbc\xdf\xdb\xff"
"\x07\x35\xc0\xaf\x43\x04\x0c\x00\x00";
static const ArdAssetChunk Json0[] PROGMEM = {
  {Json0_0,sizeof(Json0_0)-1},
};
#else
static const char Json0_0[] PROGMEM =
"\x1f\x8b\x08\x00\x00\x00\x00\x00\x02\xff\x75\x56\xdb\x6e\xdb\x46\x10\xfd\x95\x81\x9e\x12\xc0\x55\x2d\x59\x57\xe7\xc1\x70\xec\x18"
"\x11\xea\xd8\xaa\xa5\x34\x2f\x01\x8a\x35\xb9\x34\x17\x26\x77\x59\xee\x52\x82\x40\x08\xe8\xd7\xf4\x17\xfa\xde\x4f\xe9\x97\x74\x66"
"\xb9\x43\x51\x8a\xfb\x22\x88\x73\xf6\x32\x73\xe6\xcc\xcc\xd6\xbd\x4a\xfd\x7e\x7e\x3e\xe8\x5d\xf6\x9e\xa4\x88\x95\x7e\x01\xeb\x84"
"\xab\xec\xbf\x7f\xfe\xd5\x3b\x6b\xc0\x21\x82\x0b\x9d\x18\xfe\x1e\xe3\xf7\xad\xdc\xa8\x48\xb2\x65\xd2\x5a\x40\x8b\xbc\x35\x4f\xd1"
"\x7c\xbd\xf4\xa6\x33\x48\x8d\x75\xf4\x0f\x84\x8e\xe1\xcb\xaf\xeb\x35\x2c\x6e\xfb\x70\x2f\x9d\x93\xa5\x3d\x83\x58\xbd\x28\x67\x3d"
"\x98\xee\x8a\x54\x6a\xfb\x01\xa2\x54\xe8\x17\x69\xa1\x94\x91\xd1\x5a\x46\xae\xcf\x27\xcf\xf0\xe4\x95\xd8\xb4\x37\xcd\xf1\xfb\x4e"
"\x44\xce\x94\x3b\x5c\x6d\xa5\x0b\xc0\xe0\x1c\x81\x1b\xa1\x23\x99\xb1\x85\x42\xfd\xa6\x7e\xba\x53\x80\xcb\xaa\x82\xcd\x14\xe4\x2a"
"\x12\x1a\xb4\x74\x5b\x53\xbe\x5a\x06\x2e\x28\x88\x8d\x50\x99\x78\xce\xe4\x0f\xe8\x88\xce\x4f\x8d\xb1\x18\x17\x83\x8c\x11\x4f\xab"
"\xd5\xe2\x96\xbf\x27\xed\xcd\x85\xb0\x16\x57\xc6\x8c\x10\x51\x9f\xf2\xc2\xed\xe0\x55\xca\xc2\x82\x4b\x25\x58\x0c\x2f\x6e\x57\x42"
"\x62\x4a\x34\x2b\xcb\x97\x30\x15\x03\xa2\xe2\xa6\xa1\xc7\xb3\xd7\xa1\x65\x40\xb4\xdc\x64\x52\x94\xe0\xef\x0d\xe6\xe1\x39\x9b\x6d"
"\x63\xf7\xfb\x30\xed\x25\x26\xe0\x7a\xd9\x87\x47\xbc\xbf\x24\x7a\x1c\xea\x81\xe8\xcf\x85\xd2\x7c\xe1\x70\xd0\x64\xb5\xcb\xde\x70"
"\x18\x32\xdd\xf8\xd6\x15\xc1\x90\xf8\x7b\x90\x5b\x3c\xf8\x34\xec\xe1\xe8\x8d\xb0\x79\x4d\x1f\x82\x72\x30\xf2\x2c\x33\x5b\x0b\x1d"
"\x81\xf5\xe1\x89\x25\x01\x22\x41\x01\xb1\x54\x5a\x27\xc7\x41\x20\x78\x4a\x30\x5d\x10\x51\x8f\xeb\x6b\xa8\x8a\x58\x38\x76\xef\x62"
"\x7e\x48\x60\xa2\xca\x7c\x2b\x4a\x86\x46\x44\x53\x4b\xfb\xb3\x11\x98\x05\x22\x2a\xc9\x84\x4d\x21\x13\x3b\x53\xb9\x3e\x7c\x5a\x2d"
"\x2f\x86\x97\x20\x8a\x22\x53\x91\x70\xca\x68\xe8\x3f\x2b\x0d\x46\x67\x3b\xf6\x66\x44\x94\xdd\x9d\x9c\x4e\x94\x7d\x2d\x32\x23\xe2"
"\x63\x8f\x46\x44\xd8\x2f\xc8\x07\x14\x66\x8b\x91\x19\x4d\xd1\x86\xec\x6c\xb1\x30\x20\x32\x79\x91\x49\x27\x3f\xfc\x5f\x8a\x46\x14"
"\xd4\x6f\x22\xab\xf8\xcc\x71\x73\x59\xe7\x96\x31\xdd\xf2\xd9\xb4\x69\x1a\x8f\x82\xfe\x35\x9e\x77\xa8\xfd\xf1\xd8\x37\x06\xbc\x07"
"\x44\x96\xb5\xf7\x5d\x31\x3c\x69\x68\x3e\xde\x33\x3d\x28\x92\xfa\x89\x97\x58\x07\x3e\x11\xe5\x55\x27\x97\x1b\x25\x48\x80\x61\xe5"
"\x84\x7c\x84\x7f\xfe\x86\x6f\x42\xf9\x93\x28\x19\x0f\x6b\x4e\xe8\x64\xd4\xd6\x53\x82\xe5\x29\x51\x32\x37\xa9\x8c\x5e\x81\x6a\xee"
"\xe7\x56\x47\xbc\x9a\x22\x79\x97\xaa\x38\x96\xfa\x3d\xdb\xde\xee\x5b\x13\x1f\x40\xaa\x0a\x70\xbb\xa2\x35\xce\xd8\xd8\x16\xf4\x64"
"\xde\x04\x9a\xa8\x97\xaa\x94\x41\x18\x01\x9b\x92\x78\x96\xe9\xce\xa2\x28\xb2\x63\x84\xc4\xb0\x36\x0e\xcd\xa9\x14\x5c\x41\x53\x9f"
"\x21\x2d\xb8\xd1\xb0\x99\x28\xb8\x2b\xa5\x3c\x5a\x3b\x0a\x4a\xb6\x85\x68\x7b\xf0\x74\xec\x53\xec\x54\x1b\xc6\xd4\x47\x87\x29\xf7"
"\xaa\xed\x02\x14\xdf\xdb\x9c\x4e\x3b\xdd\x44\x72\x9d\x4e\x29\xce\x5b\x65\xa3\x13\xfb\x8c\x62\xbc\xbf\x7e\x80\x05\x6f\x9f\x85\xde"
"\x70\x30\x50\x58\xb9\xa9\x74\x67\x17\x85\xa4\x8d\x83\x13\xf3\xe8\x90\x0b\x93\x24\x99\xd2\xc7\x55\xee\x80\xc6\x83\xc6\x46\xb2\x58"
"\x86\x9a\xe7\x6e\x73\x52\xfb\xb3\x71\x5b\x59\x47\xba\x9c\x4d\x3a\xba\xc4\x32\xcd\x70\x20\xb1\x64\x62\x7f\x71\x7b\xc2\x34\x10\x4c"
"\xa4\xc5\x40\x75\x1e\x90\x39\xc5\xf3\x79\xbd\x5e\x82\x2c\x4b\x64\xae\x6e\x86\xe5\x9e\xe1\xd1\xa1\xa8\x6b\x52\xd4\xde\x73\x5f\x36"
"\xe5\xeb\xfb\x5b\x73\x13\x17\xd0\x7c\x1c\x6e\x7a\xfb\x38\xf2\xb8\x8e\xc5\xce\xee\x81\x7e\xa1\x4e\x4d\x55\xe2\x47\x0a\x75\xae\x74"
"\xe5\x24\xfe\xc7\x3f\xb8\x8f\x88\x8a\xf1\x8b\x07\xd3\x7c\xc6\xc5\x71\x09\xf5\x56\x25\x6a\x4f\x85\x44\x63\x17\xbf\xf3\x3f\x9c\xdb"
"\xd7\x2e\xb3\xfb\x3a\xca\x4c\xf4\xea\xb1\xc5\x12\x11\x55\xec\x6b\x51\xb4\xf7\x53\xe2\xef\x91\xdc\x4a\xbc\x04\xf1\x0c\x7c\x6f\x39"
"\xcd\x53\x43\x62\xd4\x72\x1b\xe8\x1a\x8c\xcf\x9b\xf6\xe1\xa3\x8f\x3b\x4f\x86\xc1\x78\xf0\x03\x72\xc5\xd0\xb0\xc9\x93\x2b\x4d\x66"
"\xa1\x3a\xd4\x04\xfa\xe7\x69\xda\xf3\xc2\x8b\x66\xb8\x93\x98\x62\x65\x0b\x6c\xc9\xf0\xbd\x57\x27\x4a\x66\xf1\xfe\x7b\xaf\x75\x82"
"\x92\x72\xdf\xa8\x01\xc7\xcb\x8b\x6c\x25\x31\xf0\xed\x6d\xa1\x37\x22\x53\xb1\x87\xd0\x95\x44\x69\x45\x31\xd8\x76\xff\xc4\xb3\x60"
"\x5d\xf3\xb2\xc0\x5f\x61\x8d\x66\x90\xa4\xf2\x05\xb7\xe4\x55\x0e\xc9\x71\xa1\x0e\xc6\x33\xbf\xb3\x44\x71\x3a\x6f\x87\x67\xa2\x3b"
"\xa0\xbe\xbd\x05\x26\x83\x42\xd0\x43\x06\x47\xa1\x46\x41\x3c\xa3\xfe\xf0\x71\xd1\x24\xdc\xd7\x2b\xf5\x6d\xf6\xce\xf7\xb5\x95\x8c"
"\x7c\x07\x3a\x7a\x80\x0c\x7c\x7b\x7b\x2c\xa4\x3e\xb1\xfb\xba\xed\x3c\x08\x06\xbe\x6c\x49\x1b\xfc\x4d\x19\x80\x77\xeb\xfb\xd5\x7b"
"\xb6\x70\x2b\xbe\x0e\x2a\x61\x3b\xb9\x59\x6f\x68\xd4\xec\xe1\x23\x1b\xc9\xa5\xda\x5a\x15\xef\xe1\x5d\x5d\xe2\x1f\x94\xef\xc7\x9c"
"\xcf\x9a\x9f\x7b\x8f\xc3\xe4\xf2\xcf\x1c\x54\x50\xa8\x73\x67\x7c\x95\x50\x9d\x87\xa7\x49\x14\x49\x6b\x71\x16\x2a\xed\x2e\x43\x51"
"\x9d\xd1\x1a\x8d\xa4\x19\x0a\xce\xbf\x1a\x4c\x89\x0d\x95\x39\x99\xf9\xe7\x20\x8e\x04\xbb\xb3\x4e\xe6\x6c\x9d\x1d\xf8\xce\x85\xae"
"\x12\x7c\x2f\x22\x6b\x25\xc3\xd3\x03\x1c\x4b\x1b\x95\xaa\x20\x19\xb0\xd3\xdd\x11\x0e\x5f\x9f\xee\xd9\x7e\x98\xac\x98\x7e\x93\x77"
"\xa1\x8b\x8e\xb8\x92\xce\x56\xc0\x14\x4a\xff\xec\x49\xd0\x47\x76\xda\xf7\x8e\x5b\xb3\xd5\xa1\x71\xb5\x5b\x0e\x72\xf5\xdd\x82\x97"
"\x9c\x0c\x3d\x62\x01\xcf\x3e\x83\xe7\x12\x1f\x4b\x9d\xee\x18\x08\xf4\x4f\x3c\x59\x6e\x10\xb9\x79\x7c\x5a\xb5\xa3\xbc\xdf\xdb\xff"
"\x07\x35\xc0\xaf\x43\x04\x0c\x00\x00";
static const ArdAssetChunk Json0[] PROGMEM = {
  {Json0_0,sizeof(Json0_0)-1},
};
#endif
#endif
#elif !ARDPORTAL_ENABLE_OTA && ARDPORTAL_ENABLE_MQTT && ARDPORTAL_ENABLE_CONSOLE
#if ARDPORTAL_CONTROL_PROFILE_FULL
#if ARDPORTAL_ENABLE_MQTT_TLS
static const char Json0_0[] PROGMEM =
"\x1f\x8b\x08\x00\x00\x00\x00\x00\x02\xff\x7d\x57\x5d\x6e\x23\xb9\x11\xbe\x0a\xe1\x20\x80\x17\x71\x6c\xb7\xfe\x35\x79\x18\x68\xe4"
"\x31\xc6\x0b\x8f\xad\x8c\x34\xbb\x2f\x0b\x04\x74\x37\xa5\x26\xdc\x4d\xf6\x92\x6c\x3b\x82\x20\x20\xa7\xd9\x2b\xec\x7b\x8e\x92\x93"
"\xa4\xaa\xd8\xd5\xdd\xf2\x3a\x79\x11\xc4\xaf\xd8\x64\xd5\x57\xbf\x3c\x9c\xd5\xfa\x1f\xd7\xd7\xc9\xd9\x87\xb3\x6f\x4a\x66\xda\xec"
"\x84\x0f\x32\xd4\xfe\x3f\xff\xfa\xed\xec\x22\x0a\x07\x20\xbc\x33\x5b\xcb\xeb\x31\xac\x6f\xd4\x8b\x4e\x15\x23\x93\x16\x11\x46\x96"
"\x2d\x3c\x05\x78\xb1\x22\xe8\x42\xe4\xd6\x07\xfc\x27\xa4\xc9\xc4\xd7\xbf\x6f\x36\xe2\xee\xe6\x52\xdc\xab\x10\x94\xf3\x17\x22\xd3"
"\x3b\x1d\x3c\x09\xf3\x7d\x95\x2b\xe3\xff\x26\xd2\x5c\x9a\x9d\xf2\xc2\xa9\xd4\x1a\xa3\xd2\x70\xc9\x27\xcf\xe0\xe4\xb5\x7c\x69\x6f"
"\x9a\xc3\xfa\x56\xa6\xc1\xba\x3d\xec\xf6\x2a\x34\x82\xe4\x1a\x04\x4b\x69\x52\x55\x30\x82\xa6\xfe\xac\xff\x7a\xab\x05\x6c\xab\x2b"
"\x86\xd1\xc8\x75\x2a\x8d\x30\x2a\xbc\x5a\xf7\xec\x59\x30\x44\x23\x5e\xa4\x2e\xe4\x53\xa1\xfe\x20\x1d\xe1\xf9\xb9\xb5\x1e\xec\x62"
"\x21\xcb\x90\xa7\xf5\xfa\xee\x86\xd7\x93\xf6\xe6\x4a\x7a\x0f\x3b\x33\x96\x20\x51\x9f\xcb\x2a\xec\xc5\xb3\x52\x95\x17\x21\x57\xc2"
"\x83\x79\x59\xbb\x53\x6c\xad\x03\x58\x7b\xbe\x84\xa9\x48\x90\x8a\x65\xa4\x87\xd8\xeb\xd1\x92\x20\x2d\xcb\x42\x49\x27\xe8\xde\x06"
"\x1e\x5c\x33\xec\x23\x4e\xdf\x81\xdb\x1d\x38\x60\xb1\xba\x14\x8f\x70\xbf\x43\x7a\x02\xc4\x03\xd2\x5f\x4a\x6d\xf8\xc2\x41\x12\xbd"
"\xda\x67\x6f\x30\x68\x3c\x1d\x75\xeb\x07\xc1\x00\xf9\x7b\x50\xaf\x70\xf0\x5b\xb3\x07\xa3\x77\xcc\xe6\x3d\x97\xa2\x89\x1c\xb0\xbc"
"\x28\xec\xab\x17\xbd\x00\xbb\x14\xdf\x38\x24\x84\xdc\x42\x00\x71\xa8\xb4\x4a\x8e\x9b\x00\x81\x53\x18\x42\xfa\x29\xee\x4e\x34\x47"
"\xea\x3f\x39\xfb\x0c\x67\xc8\x2c\x83\xd8\x61\xd7\x0e\x90\xd8\x8d\x93\xc6\x57\xd6\x71\x3c\x0d\x90\xd1\xcd\x92\xcf\x1c\x22\x93\x9b"
"\xfb\x35\x2f\x91\x9a\xe5\x42\xa4\xca\x05\xbd\xd5\xa9\x0c\x4a\x9c\xaf\x3e\x7f\xfd\x81\xe5\x03\x4a\xb3\x5f\x6b\x0d\xf7\x88\xe0\x6a"
"\x1f\xc0\xc5\xcb\xc5\x85\x28\x65\x48\x73\x4c\xbe\x93\x2c\x79\xd8\xac\x44\xd0\x60\x2e\x7f\x8f\x5c\xae\x3a\x6d\x86\x48\xe0\x77\xaf"
"\x5c\x8f\xef\xe1\x98\xcd\x7c\xc3\xf6\x70\xf2\x7f\xd8\xee\xc2\xeb\x89\xb8\xb8\xaa\xe1\xd4\x4b\x11\xb7\x47\x08\x32\xd4\x63\x0a\x78"
"\x4a\x5e\x56\x69\x84\x26\xdf\x6a\x57\xbe\x4a\xc7\x2a\x8c\x46\x31\x24\xbd\x2d\x5a\x88\xc8\xb4\x95\x4e\x19\x40\x22\x7f\x92\x45\xcd"
"\x3b\xc6\x48\xe5\x5a\x19\x56\x77\x4c\x61\x66\xf6\x22\xe0\x57\x42\xfd\x33\x55\x55\x10\x7f\xba\xfa\xcb\x65\x13\x08\x1f\x44\x5a\x9a"
"\xec\x0a\x4d\xbf\x4a\x6d\x59\x02\x61\x17\x62\xa7\xc2\x1b\x04\xab\xd9\x09\xc4\x9a\x8f\x91\xcc\x2f\xb6\x25\x6e\x3c\x6a\x2a\x80\x01"
"\x3f\x74\xd5\x6f\x3c\x26\x9f\x41\xcc\x08\x59\x14\x6d\x52\x7c\x64\xf1\x24\x06\xda\xe9\x37\xd3\x2e\x27\xd1\xa9\x94\x64\x3d\xf1\xec"
"\x54\x8c\x7c\xf6\xa4\x6f\x92\xf6\x63\x2f\xd6\x5f\xb4\xc4\x04\x6d\x76\x4e\xd0\x02\xf1\xef\xdf\xc5\xcf\x52\xd3\x41\xe8\x44\x88\x19"
"\x16\x8f\xda\x7a\xb3\x85\xf2\xa5\x20\xa5\x96\xb9\x4a\x9f\x05\xd6\xa4\xab\x36\xcf\x78\x37\xda\x79\x9e\xeb\x2c\x53\x86\xe3\x75\xf2"
"\x7e\x5d\x9f\x90\x79\xb9\xae\x44\xd8\x57\x2d\x38\x63\xb0\x2d\x78\x93\x79\xb4\x73\xab\x77\xb5\x83\x40\xdf\x16\xd2\xe7\x8d\x6c\x8a"
"\xee\x5e\xe5\x7b\x0f\x59\x52\x9c\x4a\x12\x0a\x95\x00\x70\xae\x24\xe7\xe9\x14\x53\xe7\xbb\x91\x5c\x88\x19\x46\x0a\x6e\x9d\x52\x27"
"\x7b\xd1\xf0\xc7\xcd\x42\xf8\x4a\xb6\x3d\x6a\x8a\xf6\x7d\xaf\x30\x9d\x18\x21\xeb\x30\x47\x31\xd7\xfa\x02\xb4\xef\x7d\x4e\xa7\x3d"
"\xd7\x29\x0e\xd5\x29\xda\x79\xa3\x7d\xfa\x06\x9f\xa1\x8d\xf7\x8b\x07\x71\xc7\x9f\xcf\x9a\xda\xd9\x01\x68\x56\x69\x6b\xd3\xfb\x0a"
"\x4d\x32\x36\x88\x37\xf0\xa8\xf3\x85\xdd\x6e\x0b\x6d\x4e\xab\x60\x10\xd8\x3e\x0d\x14\xda\xbb\x55\x53\x13\xb9\x1a\xbf\xa9\x8d\xb3"
"\x39\xf5\xf3\x17\x59\xe8\x4c\xa4\x31\x4d\x45\x09\x85\x4f\xee\x98\x81\xf9\x75\x97\xc1\xef\xdc\x76\x12\xec\xf3\x84\x53\xfb\xea\x05"
"\xf3\x19\x12\xd6\x8a\xc2\x9a\x1d\xdf\x37\x47\x1b\xbf\x6c\xa0\x96\x29\xe7\x80\xcd\x43\x1c\x30\x8e\x2c\x46\x37\x1c\x32\xb9\xf7\x47"
"\x81\xbf\xe2\x90\xdb\xda\xc1\x22\x17\x87\x52\x9b\x3a\x28\xf8\x0f\x7f\xe0\x3b\xbc\x3f\x83\x15\x97\xe8\x39\x3a\x8a\xaa\xc0\x21\x23"
"\x66\x8e\x9c\xe4\xbc\x61\xc6\x29\xf0\x41\x1c\x5e\xa1\x24\x1f\x31\x5d\x30\xdf\x60\x5d\xfe\x1a\xc2\xf1\x10\x0a\x7f\x3c\xa4\x85\x4d"
"\x9f\x49\x76\xb7\x02\x89\xae\x8e\x07\x59\xb5\x0a\x22\x5f\xf7\x40\x61\xdd\x12\x94\xd0\xc0\xb4\x91\x0e\xea\x8d\x08\xaa\xac\x94\x03"
"\x93\x5c\x2b\x45\x8b\x97\xb5\x73\xca\xbc\x2b\x46\x0f\x7f\xb5\x59\xbb\x1e\xd1\xf4\x62\xc0\xe3\x1d\x86\xa6\xad\xba\x76\x94\xd0\xc8"
"\xb3\x00\xee\x5f\x20\x62\x19\x43\xcd\x1e\x6c\xd3\x6b\xb4\x35\x0d\x4e\x53\xcf\xdd\x37\xe1\xf5\xce\x40\x1a\x9d\xff\xb8\x7e\x7c\xf8"
"\x81\x65\x09\xf5\x90\x57\xe5\x18\x18\x50\x07\xd4\xbb\x3c\x98\xee\x3a\x1a\x7b\x96\xb6\x00\x57\x30\x42\xf5\xb1\x52\x90\xc8\xe7\x7f"
"\x6e\x4f\xc3\xac\x7a\xf4\xa9\x2e\x8a\x13\x05\x28\xb5\xa0\xcb\xa5\x7d\x10\x4d\x7a\xac\x54\xbb\xa6\x5c\x2a\x60\x74\x62\x00\xcd\x59"
"\x43\xbd\x6f\xd6\x34\xa7\xac\xac\xd7\x78\x48\xef\x52\x9a\x40\x36\xba\x08\x7d\x0c\xad\xb8\x07\x2f\xf2\x7a\x48\xf5\xa2\xe8\x21\xa8"
"\xff\xc2\x95\xd0\x62\x39\xd3\x13\x1a\x13\x10\x93\xaf\x72\xcf\xd8\xa4\xc1\x0c\x52\xc2\xe0\x34\xa6\xb8\x74\x25\x23\x71\x3c\xd0\xbb"
"\x1d\x4e\x0e\x45\x4f\x30\xef\x42\x23\xaf\x4b\x9d\x69\x68\xa1\x9d\xa2\x71\x64\xb0\x86\x55\xa0\x99\xe1\xa6\x76\x32\x1a\xe9\xdb\x7d"
"\x68\xd0\x4f\xb6\xa8\x5b\x65\xa9\xfb\x63\x63\x60\x02\xa9\xfd\xaf\x64\xdd\x12\x38\x8c\xbd\x0a\x42\xcd\x40\x16\x8a\x27\xd9\x49\x26"
"\x91\x9e\x2e\x76\x86\x53\x3e\x0d\xca\xa4\x65\x3b\x87\xb1\xbe\x51\x0e\x9d\xc6\xcd\x30\x3a\x07\x66\x44\x08\xd3\x57\xa8\x00\x0d\x3e"
"\xa2\x58\x33\x90\xd3\xd0\x1d\xeb\x2a\xeb\x6e\xa0\xd1\xe0\x46\xa5\x4e\x81\x1e\xef\xa4\xc1\x28\xbe\x2b\xfe\xb7\x1c\xed\x7d\xdc\x6e"
"\x79\x89\xd6\x7e\x51\x92\x55\x1d\x8d\x49\x55\x5b\xf0\x9a\xfc\x56\x07\xcb\x6b\x72\x99\x63\xb7\xd2\x04\x82\x49\x66\x4d\xd1\x62\xf3"
"\x77\x6a\x6a\xec\x91\x5c\xe9\x2c\xcf\xbd\x09\x0d\x28\x30\x08\x10\x05\x59\xef\xf9\x93\x8c\x93\x3f\x48\x3e\xb2\x68\x10\x0b\x69\x70"
"\xb6\xf0\xa2\xee\xfa\x17\x54\x19\xaa\x86\x47\xde\x38\x8c\x0f\x15\x2c\xfc\x30\x68\x55\x85\xdc\x8b\x5f\xce\x0e\x5b\xad\x8a\xec\xf8"
"\xcb\x59\xab\xc4\x88\xfc\x18\x1f\x6a\x15\xd4\xa3\xb6\x0e\x27\x34\xa8\x70\x59\x47\x11\xa8\xb2\xd5\x86\x92\xc7\xb7\xdf\x53\x1c\x48"
"\x1f\xe2\x2b\x49\x20\xf7\x6d\x82\xd2\xd8\xf2\x15\x3e\x29\xeb\x52\x6c\x4f\x9b\x6a\x42\x43\xcb\x3d\x86\x35\x7c\x8c\xb8\x78\xea\x25"
"\x57\x1c\x5a\x9a\x8a\xc7\x51\xdf\xc8\x26\xd7\x5c\xb9\x98\xb0\x49\x42\xaa\xca\x13\x2c\x36\xf8\x67\x63\x5f\x0d\x0d\x6d\xad\x60\xd8"
"\x39\xc9\x45\x92\xbb\xe8\x8b\x33\x0e\xb4\x6a\x21\x9f\x6c\x0d\xbf\x22\xb6\x0c\x6a\xdb\x38\xdc\xb1\xe1\x34\xde\xac\x55\x4a\x83\xc8"
"\xc9\x3b\x2d\xa1\x29\x07\xeb\xd2\x5b\x1c\xe9\xb8\xcb\x8a\x56\x91\x59\x13\x80\xbd\xeb\xe7\x4d\x0c\x76\x10\x0d\x36\x10\x76\x3d\x24"
"\x89\x91\xc7\xcb\x41\xac\xec\xf9\xc9\x49\xd3\x68\xe5\xd6\xc1\xfc\xdf\x43\x47\x54\xe0\x5d\x29\x39\xca\x69\x8c\xf9\x9c\x72\x90\xd3"
"\x0c\xf3\xb9\x80\x48\x75\x3c\x5a\x27\x34\xbe\xac\x94\xdb\xe2\x77\xa6\x8d\xd2\x29\xab\x2f\xaa\xba\x64\xaf\xd2\xe8\xf2\x05\x0a\x1d"
"\x04\x4b\xd7\x37\x13\x9a\x5c\x7a\x4f\xc6\x84\x06\x17\xec\x9b\xbc\x46\x23\xc4\x39\x3c\x7d\xb8\x3e\xcc\x78\x18\x5d\x34\x1d\x94\x71"
"\x34\xe1\x40\x93\xc1\x51\x7c\x62\x10\xad\x38\x78\xaf\xb3\xa3\x38\x3f\x38\xf8\x03\xbd\xff\x53\xd9\x9e\x35\xe9\x85\x32\x16\x21\xf6"
"\xe2\x3c\x3e\x12\x9a\x77\x29\xbd\x90\x21\x61\x9b\x11\x08\x2a\x1e\x3e\x69\x70\x04\x6a\x5e\xb5\x69\x0a\x0d\x4d\x54\x56\x9b\x00\x3a"
"\xe1\x04\x7b\xbc\xc0\x3d\x06\x02\xc9\xa2\xc3\xe9\x09\x04\xef\x29\x59\xf0\x0d\x34\x1c\xdd\xc2\xb4\xec\xf7\xf0\x38\xe3\x9a\x3e\x9b"
"\x75\x31\x08\x34\xd5\x5b\x08\x5d\x88\x24\x6e\x8d\xb3\x69\x27\xce\x94\x4f\x9d\xae\xa8\xef\x1d\xff\x0b\xde\x46\x1f\xf5\x5e\x11\x00"
"\x00";
static const ArdAssetChunk Json0[] PROGMEM = {
  {Json0_0,sizeof(Json0_0)-1},
};
#else
static const char Json0_0[] PROGMEM =
"\x1f\x8b\x08\x00\x00\x00\x00\x00\x02\xff\x7d\x57\xdd\x6e\xe3\x36\x16\x7e\x15\x22\x8b\x02\x29\x36\x9b\x44\xfe\xf7\xec\xc5\x20\x93"
"\x4c\x30\x29\x32\x89\x77\xec\x99\xde\x14\x28\x18\x89\xb2\x89\x48\xa4\x96\xa4\xe2\x1a\x86\x81\x7d\x9a\x7d\x85\xde\xf7\x51\xfa\x24"
"\x3d\xe7\x50\x47\x92\xd3\xb4\x37\x86\xf9\x1d\x8a\x3c\x3f\xdf\xf9\xe1\xfe\xa4\xd6\x3f\x5f\x5e\x26\x27\xef\x4e\xbe\x28\x99\x69\xb3"
"\x16\x3e\xc8\x50\xfb\xdf\xff\xf7\xff\x93\xb3\x28\x1c\x80\xf0\xce\xe4\x96\xd7\x63\x58\xdf\xa8\x17\x9d\x2a\x46\x26\x2d\x22\x8c\x2c"
"\x5b\x78\x0a\xf0\xd5\x82\xa0\x33\xb1\xb1\x3e\xe0\x3f\x21\x4d\x26\x3e\xff\x67\xb5\x12\x77\x37\xe7\xe2\x5e\x85\xa0\x9c\x3f\x13\x99"
"\x5e\xeb\xe0\x49\xb8\xd9\x55\x1b\x65\xfc\xbf\x45\xba\x91\x66\xad\xbc\x70\x2a\xb5\xc6\xa8\x34\x9c\xf3\xc9\x33\x38\x79\x29\x5f\xda"
"\x9b\xe6\xb0\xbe\x95\x69\xb0\x6e\x07\xbb\xbd\x0a\x8d\x20\xb9\x04\xc1\xb5\x34\xa9\x2a\x18\x41\x53\x7f\xd4\xff\xba\xd5\x02\xb6\xd5"
"\x15\xc3\x68\xe4\x32\x95\x46\x18\x15\xb6\xd6\x3d\x7b\x16\x0c\xd1\x88\x17\xa9\x0b\xf9\x54\xa8\x3f\x49\x47\x78\xfe\xc6\x5a\x0f\x76"
"\xb1\x90\x65\xe8\xa7\xe5\xf2\xee\x86\xd7\x93\xf6\xe6\x4a\x7a\x0f\x3b\x33\x96\xa0\xa3\x3e\x96\x55\xd8\x89\x67\xa5\x2a\x2f\xc2\x46"
"\x09\x0f\xe6\x65\xed\x4e\x91\x5b\x07\xb0\xf6\x7c\x09\xbb\x22\x41\x57\x5c\x47\xf7\x90\xf7\x7a\x6e\x49\xd0\x2d\xd7\x85\x92\x4e\xd0"
"\xbd\x0d\x3c\xb8\x64\xd8\x47\x9c\xbe\x83\xb0\x3b\x08\xc0\xd5\xe2\x5c\x3c\xc2\xfd\x0e\xdd\x13\x80\x0f\xe8\xfe\x52\x6a\xc3\x17\x0e"
"\x92\x18\xd5\xbe\xf7\x06\x83\x26\xd2\x51\xb7\x3e\x09\x06\xe8\xbf\x07\xb5\x85\x83\x5f\x9b\x3d\x18\xbd\x61\x36\xef\x39\x17\x0d\x73"
"\xc0\xf2\xa2\xb0\x5b\x2f\x7a\x04\x3b\x17\x5f\x98\x12\x42\xe6\x40\x20\xa6\x4a\xab\xe4\xb8\x21\x08\x9c\xc2\x10\xba\x9f\x78\x77\xa4"
"\x39\xba\xfe\x83\xb3\xcf\x70\x86\xcc\x32\xe0\x0e\x87\x76\x88\x8a\x2f\xac\x63\x2a\x0d\x51\xdb\xaf\x5e\xb9\x9e\x71\xc3\x31\x9f\xf9"
"\xca\xb4\xe1\xe4\x6f\x4c\xeb\x62\xf9\x44\x17\x5f\xd4\x70\xea\xb9\x88\xdb\x23\x04\xe9\xe0\x91\x6f\x9e\x32\x85\xad\x1a\xa1\xeb\x6f"
"\xb5\x2b\xb7\xd2\xb1\x0a\xa3\x51\x8c\xbf\xb7\x45\x0b\x21\x25\x56\xb6\xd2\x29\x03\xc8\x83\x6f\xb2\xa8\x79\xc7\x18\x19\xb0\x54\x86"
"\xd5\x1d\x53\x4c\xcd\x4e\x04\xfc\x4a\xa8\x5f\x52\x55\x05\xf1\x8f\x8b\x7f\x9e\x37\x5e\x7f\x27\xd2\xd2\x64\x17\x68\xfa\x45\x6a\xcb"
"\x12\x08\x73\x26\xd6\x2a\xbc\x42\xb0\x74\x1c\x41\xac\xf9\x18\x9d\xf9\xc9\xb6\x8e\x1b\x8f\x9a\x74\x33\xc0\xb0\xae\xd4\x8c\xc7\x54"
"\x87\x20\x40\x42\x16\x45\xcb\xc0\xf7\x2c\x9e\xc4\xa8\x1e\x7f\x33\xed\x12\x00\xcb\x17\x31\xba\x27\x9e\x1d\x8b\xd1\x9f\x3d\xe9\xab"
"\x0c\x79\xdf\x23\xd6\x8b\x96\x98\x0d\xcd\xce\x09\x5a\x20\x7e\xfb\x55\xfc\x28\x35\x1d\x84\x41\x7c\x58\x31\xbb\x26\xa3\x36\xb9\x73"
"\xa8\x15\x0a\xf8\x7b\xbd\x51\xe9\xb3\xc0\x02\x70\xd1\x92\x9a\x77\xa3\x9d\xa7\x1b\x9d\x65\xca\x7c\xcf\xd8\xdb\x45\x74\x42\xe6\x6d"
"\x74\x25\xc2\xae\x6a\xc1\x19\x83\x6d\x75\x99\xcc\xa3\x9d\xb9\x5e\xd7\x0e\x0a\x47\x5e\x48\xbf\x69\x64\x53\x0c\xf7\x62\xb3\xf3\x3a"
"\x95\xc5\xb1\x24\x21\xaa\x04\x80\x37\x4a\x72\x52\x4c\x31\x9d\xbf\x1a\xc9\x55\x8f\x61\x74\xc1\xad\x53\xea\x68\x2f\x1a\xfe\xb8\xba"
"\x12\xbe\x92\x6d\x43\x98\xa2\x7d\x5f\xab\xa0\x5b\x33\xa6\x64\x9d\x0c\xb1\xfc\xf7\x05\x68\xdf\xdb\x3e\x9d\xf6\x42\xa7\x98\xaa\x53"
"\xb4\xf3\x46\xfb\xf4\x15\x3e\x43\x1b\xef\xaf\x1e\xc4\x1d\x7f\x3e\x6b\x0a\x55\x07\xa0\x59\xa5\xad\x4d\xef\x2b\x34\xc9\xd8\x20\x5e"
"\xc1\xa3\x2e\x16\x36\xcf\x0b\x6d\x8e\x4b\x4e\x10\xd8\xab\x0c\x54\xb5\xbb\x45\x53\x80\xb8\xf4\xbd\x2a\x44\xb3\x39\x35\xcf\x17\x59"
"\xe8\x4c\xa4\x31\x4d\x45\x09\x55\x46\xae\xd9\x03\xf3\xcb\x2e\x83\xdf\xb8\xed\x88\xec\xf3\x84\x53\xfb\xe2\x05\xf3\x19\x12\xd6\x8a"
"\xc2\x9a\x35\xdf\x37\x47\x1b\x3f\xad\x56\x0b\xa1\x9c\x03\x6f\xee\x63\x37\x3f\xb0\x18\xc3\xb0\xcf\xe4\xce\x1f\x04\xfe\x8a\xfd\xc6"
"\xd6\x0e\x16\x1b\xb1\x2f\xb5\xa9\x83\x82\xff\xf0\x07\xbe\xc3\xfb\x33\x58\x71\x3d\x9c\x63\xa0\xa8\x0a\xec\x33\xf2\xcc\x81\x93\x9c"
"\x37\xcc\x38\x05\xde\x89\xfd\x56\xe7\xfa\x80\xe9\x82\xf9\x06\xeb\xf2\xbf\x21\x1c\xf6\xa1\xf0\x87\x7d\x5a\xd8\xf4\x99\x64\x77\x0b"
"\x90\xe8\xea\xb0\x97\x55\xab\x20\xfa\xeb\x1e\x5c\x58\xb7\x0e\x4a\x68\x3a\x59\x49\x07\xf5\x46\x04\x55\x56\xca\x81\x49\xae\x95\xa2"
"\xc5\xd7\xb5\x73\xca\xbc\x29\xc6\x08\x7f\xb6\x59\xbb\x1e\xd1\xa8\x60\x20\xe2\x1d\x86\xa6\x2d\xba\xda\x9f\xd0\x7c\x71\x05\xbe\x7f"
"\x01\xc6\x32\x86\x9a\x3d\xd8\x00\x86\xa5\x32\x68\x6b\x1a\x9c\x46\x8c\xbb\x2f\xc2\xeb\xb5\x81\x34\x3a\xfd\x61\xf9\xf8\xf0\x3d\xcb"
"\x12\xea\x21\x5b\xe5\x18\x18\x50\xbb\xd1\xeb\x4d\x30\xdd\x75\x34\x63\x5c\xdb\x02\x42\xc1\x08\xd5\xc7\x4a\x41\x22\x9f\x7e\xd7\x9e"
"\x86\x59\xf5\xe8\x53\x5d\x14\x47\x0a\x50\x6a\x69\x87\x5c\xe9\x40\x34\xe9\xb1\x52\xed\x9a\x72\xa9\x80\x39\x85\x01\x34\x67\x09\xf5"
"\xbe\x59\xd3\x50\xb0\xb0\x5e\xe3\x21\xbd\x4b\xa9\xdd\xaf\x74\x11\xfa\x18\x5a\x71\x0f\x51\xe4\xf5\x90\xea\x45\xd1\x43\x50\xff\x2b"
"\x57\xc2\xd4\xc7\x99\x9e\x50\x4f\x46\x4c\x6e\xe5\x8e\xb1\x49\x83\x19\x74\x09\x83\xd3\x98\xe2\xd2\x95\x8c\x50\x47\x03\xb7\xad\xb1"
"\x4d\x17\x3d\xc1\xbc\xa3\xc6\xa6\x2e\x75\xa6\xa1\x85\x76\x8a\x0e\x2f\x29\x5d\x0c\xab\x30\x44\x63\x6e\x6a\x27\xa3\x91\xbe\xdd\x87"
"\x06\x7d\xb3\x45\xdd\x2a\x4b\xdd\x1f\x1b\x03\x3b\x90\xda\xff\x42\xd6\xad\x03\x87\xb1\x57\x01\xd5\x0c\x64\xa1\x78\x92\x9d\x64\x12"
"\xdd\xd3\x71\x67\x38\xe5\xd3\xa0\x4c\x5a\xb6\x73\x18\xeb\x1b\xe5\xd0\x31\x6f\x86\x31\x38\x30\x90\x01\x4d\xb7\x50\x01\x1a\x7c\x44"
"\x5c\x33\x90\xd3\xd0\x1d\xeb\x2a\xeb\x6e\xa0\xd1\xe0\x46\xa5\x4e\x81\x1e\x6f\xa4\xc1\x28\x0e\xf1\x7f\x2d\x47\x7b\x1f\xf3\x9c\x97"
"\x68\xed\x27\x25\x59\xd5\xd1\x98\x54\xb5\x05\xaf\x29\x6e\x75\xb0\xbc\xa6\x90\x39\x0e\x2b\x4d\x20\x98\x64\xd6\x14\x2d\x36\x7f\xa3"
"\xa6\xc6\x1e\xc9\x95\xce\xf2\x90\x99\xd0\x80\x02\x83\x00\xb9\x20\xeb\xbd\x35\x92\x71\xf2\x27\xc9\x7b\x16\x0d\x62\x21\x0d\xce\x16"
"\x5e\xd4\x5d\xff\x82\x2a\x43\xd5\xf0\xc0\x1b\x87\xf1\x55\x80\x85\x1f\x06\xad\xaa\x90\x3b\xf1\xd3\xc9\x3e\xd7\xaa\xc8\x0e\x3f\x9d"
"\xb4\x4a\x8c\x28\x8e\xf1\x55\x54\x41\x3d\x6a\xeb\x70\x42\x83\x0a\x97\x75\x14\x81\x2a\xb9\x36\x94\x3c\xbe\xfd\x9e\x78\x20\x7d\x88"
"\x4f\x12\x81\xbe\x6f\x13\x94\xc6\x96\xcf\xf0\x49\x59\x97\x22\x3f\x6e\xaa\x09\x0d\x2d\xf7\x48\x6b\xf8\x18\x71\xf1\xd4\x4b\xae\x38"
"\xb4\x34\x15\x8f\x59\xdf\xc8\x26\x97\x5c\xb9\xd8\x61\x93\x84\x54\x95\x47\x58\x6c\xf0\xcf\xc6\x6e\x0d\x0d\x6d\xad\x60\xd8\x05\xc9"
"\x45\x27\x77\xec\x8b\x33\x0e\xb4\x6a\x21\x9f\x6c\x0d\xbf\x22\xb6\x0c\x6a\xdb\x38\xdc\xb1\xe1\x34\xde\x2c\x55\x4a\x83\xc8\xd1\xa3"
"\x28\xa1\x29\x07\xeb\xd2\x6b\x1c\xdd\x71\x97\x15\xad\x22\xb3\x86\x80\xbd\xeb\xe7\x0d\x07\x3b\x88\x06\x1b\xa0\x5d\x0f\x49\x22\xf3"
"\x78\x39\x88\x95\x7d\x73\x74\xd2\x34\x5a\x99\x3b\x78\x92\xf6\xd0\x11\x15\x78\x57\x4a\x66\x39\x8d\x31\x1f\x53\x26\x39\xcd\x30\x1f"
"\x0b\x60\xaa\xe3\xd1\x3a\xa1\xf1\x65\xa1\x5c\x8e\xdf\x99\x96\xa5\x53\x56\x5f\x54\x75\xc9\x51\xa5\xd1\xe5\x13\x14\x3a\x20\x4b\xd7"
"\x37\x13\x9a\x5c\x7a\xef\xb3\x84\x06\x17\xec\x9b\xbc\x46\x23\xc4\xe9\xea\x7e\xc9\xf5\x61\xc6\xc3\xe8\x55\xd3\x41\x19\x47\x13\xf6"
"\x34\x19\x1c\xc4\x07\x06\xd1\x8a\xbd\xf7\x3a\x3b\x88\xd3\xbd\x83\x3f\xd0\xfb\x3f\x94\xed\x59\x93\x1e\x95\xb1\x08\x71\x14\xe7\xf1"
"\x91\xd0\x3c\x02\xe9\x39\x0a\x09\xdb\x8c\x40\x50\xf1\xf0\x49\x83\x23\x50\xf3\x84\x4c\x53\x68\x68\xa2\xb2\xda\x04\xd0\x09\x27\xd8"
"\xc3\x19\xee\x31\x40\x24\x8b\x01\xa7\x27\x10\xbc\xa7\x64\xc1\x37\xd0\x70\x74\x0b\xd3\xb2\xdf\x79\x28\x49\x8c\xce\x3a\x0e\x82\x9b"
"\xea\x1c\xa8\x0b\x4c\xe2\xd6\x38\x9b\x76\xe2\x4c\xf9\xd4\xe9\x8a\xfa\xde\xe1\x0f\x7a\xc9\xf0\xcf\xcb\x10\x00\x00";
static const ArdAssetChunk Json0[] PROGMEM = {
  {Json0_0,sizeof(Json0_0)-1},
};
#endif
#else
#if ARDPORTAL_ENABLE_MQTT_TLS
static const char Json0_0[] PROGMEM =
"\x1f\x8b\x08\x00\x00\x00\x00\x00\x02\xff\x7d\x56\xdb\x6e\xdb\x46\x10\xfd\x95\x81\xfa\xe2\xa0\xae\x6c\xca\xba\xa6\x0f\x81\x22\xc7"
"\x88\x01\x3b\x51\x23\xa5\x79\x09\x50\xac\xc9\x95\xb8\x30\xb9\xcb\xec\x2e\xed\x08\x84\x80\x7e\x4d\x7f\xa1\xef\xfd\x94\x7e\x49\x67"
"\x96\x1c\x8a\x52\x8c\xbe\x08\xe2\xcc\xde\xe6\xcc\x39\x67\xb7\xea\x95\xea\x8f\xcb\xcb\xa8\xf7\xba\xf7\x49\x8a\x44\xe9\x2d\x38\x2f"
"\x7c\xe9\xfe\xfd\xf3\xaf\xde\x79\x9d\x1c\x60\xf2\x56\x6f\x0c\x7f\x8f\xf0\xfb\x5a\x3e\xa9\x58\x72\x64\xdc\x46\x40\x8b\xbc\x0d\x4f"
"\x30\x3c\x5f\x86\xd0\x39\xa4\xc6\x79\xfa\x07\x42\x27\x70\xff\xdb\x7a\x0d\xb7\xd7\x7d\xb8\x93\xde\x4b\xeb\xce\x21\x51\x5b\xe5\x5d"
"\x48\xa6\xbb\x22\x95\xda\xfd\x0a\x71\x2a\xf4\x56\x3a\xb0\x32\x36\x5a\xcb\xd8\xf7\x79\xe5\x29\xae\xbc\x12\x4f\xed\x4e\x33\xfc\xbe"
"\x11\xb1\x37\x76\x87\xa3\x9d\xf4\x4d\x22\xba\xc4\xc4\x42\xe8\x58\x66\x1c\xa1\x52\xbf\xa8\x5f\x6e\x14\xe0\xb0\xb2\xe0\x30\x15\xb9"
"\x8a\x85\x06\x2d\xfd\xb3\xb1\x8f\x8e\x13\x57\x54\xc4\x93\x50\x99\x78\xc8\xe4\x0f\xd9\x21\xad\x9f\x1a\xe3\xb0\x2e\x4e\x72\x8e\x70"
"\x5a\xad\x6e\xaf\xf9\x7b\xdc\xee\x5c\x08\xe7\x70\x64\xc2\x19\x02\xea\x5d\x5e\xf8\x1d\x3c\x4a\x59\x38\xf0\xa9\x04\x87\xe5\x25\xed"
"\x48\xd8\x18\x8b\x61\xe5\x78\x13\x86\x22\x22\x28\x16\x35\x3c\x01\xbd\x0e\x2c\x11\xc1\xb2\xc8\xa4\xb0\x10\xf6\x6d\xc2\x83\x4b\x0e"
"\xbb\x3a\x1e\xe6\x61\xdb\x2d\x36\x60\xbe\xec\xc3\x47\xdc\xdf\x12\x3c\x1e\xf9\x40\xf0\xe7\x42\x69\xde\x70\x10\xd5\x5d\xed\xa2\x37"
"\x18\x34\x9d\xae\xcf\xd6\x25\xc1\x80\xf0\xfb\x20\x9f\x71\xe1\xd3\xb2\x07\xc3\x17\xca\xe6\x31\x7d\x68\x98\x83\x95\x67\x99\x79\x76"
"\xd0\x21\x58\x1f\x3e\x31\x25\x40\x6c\x90\x40\x4c\x95\xf6\x90\xa3\x86\x20\xb8\x0a\x87\x08\xfe\xc0\xbb\xa3\x93\x13\xf4\x6f\xad\x79"
"\xc4\x35\x44\x92\x20\x77\xb8\xb5\x03\x02\x76\x6d\x85\x76\x85\xb1\xcc\xa7\x01\x21\xba\x5e\xf0\x9a\x57\x84\xe4\xfa\x6e\xc5\x9f\x04"
"\xcd\x62\x0e\xb1\xb4\x5e\x6d\x54\x2c\xbc\x84\xb3\xe5\xbb\xfb\x57\x9c\x1f\x04\x99\x7d\x2b\x15\xee\x03\xde\x96\xce\x63\x8b\x17\xf3"
"\x73\xc8\x85\x8f\x53\x12\xdf\x91\x4a\x3e\xac\x97\xe0\x15\x96\xcb\xf3\x09\xcb\xe5\xe1\x34\x57\x04\xe0\x67\x27\x6d\x07\xef\xab\x11"
"\x97\x79\x82\xf6\xd5\xf8\x7f\xd0\x3e\xd0\xeb\x21\x60\x71\x51\xe2\xaa\x7d\xa8\x87\xd7\x21\x54\xa8\x23\x09\xb8\x20\x5e\x3e\xd2\x90"
"\x4a\xbe\x51\x36\x7f\x16\x96\x8f\x30\x1c\xd6\x94\x74\x26\x6b\x43\x01\x4c\x53\xa8\x98\x03\x04\xe4\xef\x22\x2b\x79\xc4\x88\xa0\x5c"
"\x49\xcd\xc7\x1d\x05\x9a\xe9\x1d\x78\x9a\x05\xf2\x7b\x2c\x0b\x0f\x3f\x5d\xfc\xdc\x6f\x88\xf0\x1a\xe2\x5c\x27\x17\x54\xfa\x45\x6c"
"\xf2\x1c\x01\x3b\x87\xad\xf4\x27\x11\x72\xb3\xa3\x10\x9f\x7c\x44\x60\xbe\x37\x2d\x70\xa3\x61\xe3\x00\x1a\xfb\x70\x70\xbf\xd1\x28"
"\xf4\x0c\x39\x03\x22\xcb\x5a\x51\xbc\xe1\xf4\xb8\x26\xda\xf1\x9c\xc9\x41\x93\xd4\xd4\x20\xb2\x4e\x7a\x7a\x9c\x26\x3c\x3b\xd9\x13"
"\xd1\xbe\xe9\x70\xfd\x49\x09\x12\x68\x33\x72\x4c\x15\xc0\x3f\x7f\xc3\x17\xa1\xc2\x42\xd4\x44\xe4\x0c\xa7\x87\xad\xdf\x6c\xd0\xbe"
"\x24\x4a\x6a\x91\xca\xf8\x11\xc8\x93\x2e\x5a\x9d\xf1\x68\xaa\xf3\x2c\x55\x49\x22\x35\xf3\x75\xfc\xb2\xaf\x8f\x43\x79\xa9\x2a\xc0"
"\xef\x8a\x36\x38\xe5\x60\x6b\x78\xe3\x59\x5d\xe7\x46\x6d\x4b\x8b\x44\xdf\x64\xc2\xa5\x4d\x6e\x42\xed\x5e\xa6\x3b\x87\x2a\xc9\x8e"
"\x33\x51\xa0\x8a\xc7\x70\x2a\x05\xeb\x74\x42\xd2\xf9\xac\x05\x1b\x31\x87\x09\x82\x1b\x2b\xe5\xd1\x58\x2a\xfc\xe3\x7a\x0e\xae\x10"
"\xed\x1d\x35\xa1\xfa\x3e\x17\x24\x27\x8e\x84\xea\x48\xa3\xa4\xb5\x6e\x82\xea\x7b\x19\xd3\x49\xa7\x75\x92\xa9\x3a\xa1\x3a\xaf\x95"
"\x8b\x4f\xe2\x53\xaa\xf1\x6e\xfe\x01\x6e\x79\xfa\xb4\xf1\xce\x43\x80\xca\xca\x4d\xa9\x3b\xb3\xa8\x24\x6d\x3c\x9c\x84\x87\x87\x5e"
"\x98\xcd\x26\x53\xfa\xd8\x05\x3d\xd0\xf5\xa9\xd1\x68\x6f\x97\x8d\x27\xb2\x1b\x9f\x78\xe3\x74\x16\xee\xf3\x27\x91\xa9\x04\xe2\x5a"
"\xa6\x90\xa3\xf1\x89\x2d\x23\x30\xbb\x3c\x28\xf8\x85\xdd\x8e\xc8\x3e\x8b\x58\xda\x17\x4f\xa4\x67\x14\xac\x81\xcc\xe8\x2d\xef\x37"
"\xa3\x1a\xdf\xaf\xd1\xcb\xa4\xb5\x88\x66\x55\x3f\x30\xf6\x9c\xa6\x36\x54\x89\xd8\xb9\x3d\xd0\x2f\x54\xa9\x29\x2d\x7e\xa4\x50\xe5"
"\x4a\x97\x5e\xe2\x7f\xfc\x83\xf3\x68\xff\x04\xbf\xd8\xa2\x67\xd4\xa8\xe0\x02\x55\x12\x90\xd9\xb3\xc8\x79\xc0\x94\x25\xf0\x1a\xaa"
"\x67\xb4\xe4\x3d\xc9\x85\xf4\x86\xdf\xf9\x37\xef\xf7\x95\xcf\xdc\xbe\x8a\x33\x13\x3f\x86\xdc\xed\x12\x33\xaa\xd8\x57\xa2\x68\x0f"
"\x48\x78\xdd\x21\x84\x65\x0b\x50\x14\xec\xeb\xb4\x1b\xb5\xba\x18\x23\xc3\x37\x66\x14\xac\x0d\x2d\x84\x2e\x58\x48\x3a\x0f\xa7\x68"
"\x14\xfd\x90\x79\xc3\xa9\x41\xdd\x02\x6f\x4d\xe6\xa0\x3c\x30\x1f\xcf\x17\x70\xdc\xf3\xc0\xab\xfa\x89\x43\x94\x41\x8b\x2e\x32\xb1"
"\x83\xaf\xbd\x6a\xa3\x64\x96\xec\xbf\xf6\xda\x43\x10\x7f\xee\x4c\xfd\xc4\x2b\xb0\x92\xb6\x83\x51\xb0\x38\x26\x04\xa5\xf0\x28\x1b"
"\xa5\x15\xd5\xe0\xda\xf9\xe3\x80\x82\xf3\xf5\xfb\x0a\x7f\x85\x33\x9a\x93\xd4\x88\x7b\x9c\x92\x97\x39\x6c\x8e\xe5\x18\x05\xbb\xbb"
"\x13\x16\x29\xe8\x43\x1c\x1e\x08\xee\x26\x1b\x4c\xac\x41\xd2\xd6\x48\xe0\x09\x39\x39\x6c\x94\x08\xe2\xc1\x94\xf8\x0b\x35\x23\x82"
"\x2a\xc9\xbb\xf9\x74\xc1\xbd\x56\x32\x0e\x3e\x73\xf4\x0c\x8b\x82\x89\x7d\x2c\xa4\x3e\x89\x07\x75\x76\x9e\x45\x51\x10\x27\x71\x83"
"\xbf\xa9\x03\x70\x86\xd7\xfb\x2b\x8e\xb0\xe1\xce\x1b\x96\x70\x9c\x8e\x59\x05\xf6\xef\xe1\x2d\x07\xe9\x48\x95\x73\x2a\xd9\xc3\x59"
"\x65\xf1\x0f\xf2\xfb\x6d\xce\x6b\xcd\xea\xfb\xae\x79\x62\x85\xc7\x1e\x32\xa8\x51\xb3\x37\xe1\x76\x26\x35\x37\x0f\xb4\x38\x46\x81"
"\x42\x61\x94\xf6\xb8\x35\x99\xf1\xfe\x9c\xc6\x68\x04\xcd\x50\x71\xe1\x36\xc7\xa7\x81\xc8\x18\x93\xa0\xf3\x1b\x34\x7e\xb7\xc3\x77"
"\x46\xce\xd1\xe9\x01\x6f\x54\x4a\xb9\xc1\x57\x33\xa2\x66\x39\x3d\x39\xa4\x13\xe9\x62\xab\x0a\xa2\x41\x6f\xff\x1f\x07\xe8\x49\x3f"
"\x29\x0c\x00\x00";
static const ArdAssetChunk Json0[] PROGMEM = {
  {Json0_0,sizeof(Json0_0)-1},
};
#else
static const char Json0_0[] PROGMEM =
"\x1f\x8b\x08\x00\x00\x00\x00\x00\x02\xff\x7d\x56\xdb\x6e\xe3\x36\x10\xfd\x95\x81\xfb\x92\x45\x53\x27\x72\x7c\x4d\x1f\x82\x5c\x1a"
"\x6c\x80\x6c\xe2\xae\x9d\xee\xcb\x02\x05\x23\x51\x16\x11\x89\x54\x45\x2a\x59\x43\x10\xd0\xaf\xe9\x2f\xf4\xbd\x9f\xd2\x2f\xe9\x0c"
"\xa5\x91\x65\x6f\xd0\x17\x41\x9c\xe1\x65\xe6\xcc\x99\x43\x56\x83\x52\xfd\x7e\x7a\x1a\x0c\xce\x07\x9f\xa5\x88\x94\xde\x80\x75\xc2"
"\x95\xf6\xdf\x3f\xff\x1a\x1c\x37\xce\x11\x3a\xef\x74\x6c\x78\x3c\xc1\xf1\x8d\x7c\x55\xa1\x64\xcb\xb4\xb3\x80\x16\x59\x67\x9e\xa1"
"\xf9\x72\xe9\x4d\xc7\x90\x18\xeb\xe8\x0f\x84\x8e\xe0\xd3\xaf\xeb\x35\xdc\xdd\x0c\xe1\x5e\x3a\x27\x0b\x7b\x0c\x91\xda\x28\x67\xbd"
"\x33\xd9\xe6\x89\xd4\xf6\x67\x08\x13\xa1\x37\xd2\x42\x21\x43\xa3\xb5\x0c\xdd\x90\x77\x9e\xe3\xce\x2b\xf1\xda\x9d\xb4\xc0\xf1\xad"
"\x08\x9d\x29\xb6\x38\xdb\x4a\xd7\x3a\x82\x53\x74\x5c\x0b\x1d\xca\x94\x2d\x94\xea\x17\xf5\xd3\xad\x02\x9c\x56\xe6\x6c\xa6\x24\x57"
"\xa1\xd0\xa0\xa5\x7b\x33\xc5\x8b\x65\xc7\x19\x25\xf1\x2a\x54\x2a\x9e\x53\xf9\x9d\x77\x4c\xfb\x27\xc6\x58\xcc\x8b\x9d\xec\x23\x9c"
"\x56\xab\xbb\x1b\x1e\x4f\xbb\x93\x73\x61\x2d\xce\x8c\xd8\x43\x40\xfd\x92\xe5\x6e\x0b\x2f\x52\xe6\x16\x5c\x22\xc1\x62\x7a\x51\x37"
"\x13\x62\x53\xa0\x59\x59\x3e\x84\xa1\x08\x08\x8a\xeb\x06\x1e\x8f\x5e\x0f\x96\x80\x60\xb9\x4e\xa5\x28\xc0\x9f\xdb\x9a\x47\xa7\x6c"
"\xb6\x8d\xdd\xaf\xc3\xb2\x17\x58\x80\xcb\xe5\x10\x1e\xf1\xfc\x82\xe0\x71\xc8\x07\x82\x3f\x13\x4a\xf3\x81\xa3\xa0\xa9\x6a\x1f\xbd"
"\xd1\xa8\xad\x74\x13\x5b\x9f\x04\x23\xc2\xef\x41\xbe\xe1\xc6\x87\x69\x8f\xc6\xef\xa4\xcd\x73\x86\xd0\x32\x07\x33\x4f\x53\xf3\x66"
"\xa1\x47\xb0\x21\x7c\x66\x4a\x80\x88\x91\x40\x4c\x95\x2e\xc8\x49\x4b\x10\xdc\x85\x4d\x04\xbf\xe7\xdd\x5e\xe4\x04\xfd\x55\x61\x5e"
"\x70\x0f\x11\x45\xc8\x1d\x2e\xed\x19\x05\xbe\x34\x05\x53\xe9\x8c\xa2\x7d\xb2\xb2\xe8\x25\x77\x36\xe1\x3d\x0f\x52\x3b\x9b\xfe\x4f"
"\x6a\xbb\x5a\x3e\xfb\x83\x4f\x4a\xdc\x75\x08\xcd\xf4\xc6\x84\xed\x60\x89\x6f\xd6\x77\x0a\x67\x35\x26\xe8\x6f\x55\x91\xbd\x89\x82"
"\x43\x18\x8f\x9b\xfa\x5b\x93\x76\x26\xa2\xc4\xda\xe4\x2a\x64\x03\xf1\xe0\x37\x91\x96\x3c\x63\x42\x0c\x58\x49\xcd\xe1\x4e\x7c\x4d"
"\xf5\x16\x1c\xad\x02\xf9\x2d\x94\xb9\x83\x1f\x4e\x7e\x1c\xb6\xa8\x9f\x43\x98\xe9\xe8\x84\x52\x3f\x09\x4d\x96\x21\x61\x8e\x61\x23"
"\xdd\x81\x85\xa4\x63\xcf\xc4\x91\x4f\x08\xcc\x8f\xa6\x03\x6e\x32\x6e\xdb\x4d\x23\xc3\x76\x52\x33\x99\x78\x1d\xc2\x02\x81\x48\xd3"
"\x8e\x81\x17\xec\x9e\x36\x55\xdd\x5f\x33\xdb\x35\x00\xc9\x97\x67\x74\xcf\x3d\xdf\x77\x13\x9e\x3d\xef\x41\x87\x5c\xf4\x88\xf5\xaa"
"\x04\x75\x43\x3b\x73\x4a\x19\xc0\x3f\x7f\xc3\x17\xa1\xfc\x46\x54\xc4\x87\x35\xb3\x6b\x3a\xee\x9a\x3b\x46\xad\x90\xc8\xdf\xeb\x44"
"\x86\x2f\x40\x02\x70\xd2\x91\x9a\x67\x53\x9e\x47\x89\x8a\x22\xa9\x3f\xb0\xed\x7d\x11\x9d\xfa\xf4\x12\x95\x83\xdb\xe6\x9d\x71\xce"
"\xc6\x4e\x5d\xa6\x8b\x26\xcf\x58\x6d\xca\x02\x85\x23\x4e\x85\x4d\x5a\xdf\x8c\xca\xbd\x4c\xb6\x56\x85\x22\xdd\xf7\x04\x9e\x2a\x0e"
"\xcd\x89\x14\xdc\x14\x33\x6a\xe7\x27\x2d\x58\xf5\xd8\x4c\x10\xdc\x16\x52\xee\xcd\xa5\xc4\x1f\xd7\x97\x60\x73\xd1\x5d\x08\x33\xca"
"\xef\x29\x77\xaa\x4b\x63\xe6\xb3\x13\xae\x91\xff\xbe\x83\xf2\x7b\x1f\xd3\x59\xaf\x74\x92\xa9\x3a\xa3\x3c\x6f\x94\x0d\x0f\xec\x73"
"\xca\xf1\xfe\xf2\x01\xee\x78\xf9\xbc\x15\xaa\x9d\x81\xd2\xca\x4c\xa9\x7b\xab\x28\x25\x6d\x1c\x1c\x98\xc7\xbb\x5a\x98\x38\x4e\x95"
"\xde\x97\x1c\x07\x74\x57\x69\x54\xb5\xbb\x65\x2b\x40\x2c\x7d\x07\x42\x34\x5f\xf8\xcb\xf3\x55\xa4\x2a\x82\xb0\x69\x53\xc8\x50\x65"
"\xc4\x86\x11\x58\x9c\xee\x3a\xf8\x9d\xd3\xf6\xc8\xbe\x08\xb8\xb5\x4f\x5e\xa9\x9f\xb1\x61\x0d\xa4\x46\x6f\xf8\xbc\x05\xe5\xf8\x71"
"\xbd\x5e\x82\x2c\x0a\x44\xb3\x6a\x6e\xf3\x9a\xdd\x54\x86\x2a\x12\x5b\x5b\x03\x7d\xa1\x4a\x4c\x59\xe0\x20\x81\x2a\x53\xba\x74\x12"
"\xff\xf1\x07\xd7\xd1\xf9\x11\x8e\x58\x0f\x17\x54\x28\xaf\x02\x55\xe4\x91\xa9\xb9\xc9\x79\xc2\x9c\x5b\xe0\x1c\xaa\x37\x15\xab\x9a"
"\xda\x85\xfa\x0d\xc7\xd9\x1f\xce\xd5\x95\x4b\x6d\x5d\x85\xa9\x09\x5f\xbc\xef\x6e\x89\x1e\x95\xd7\x95\xc8\xbb\x00\x09\xaf\x7b\x84"
"\xb0\xec\x00\x0a\xbc\x7c\x1d\x56\xa3\xe9\x2e\xc6\xc8\xf0\xf5\x14\x78\x69\x43\x09\xa1\xdb\x0c\xa2\xde\x2b\x25\x98\x04\xdf\x79\x2e"
"\xd8\x35\x6a\x4a\xe0\x0a\x93\x5a\x28\x77\xcc\xc7\xf8\x3c\x8e\x35\x4f\x3c\x6b\xde\x13\x44\x19\x94\xe8\x3c\x15\x5b\xf8\x3a\xa8\x62"
"\x25\xd3\xa8\xfe\x3a\xe8\x82\x20\xfe\xdc\x9b\xe6\x3d\x95\x63\x26\x5d\x05\x03\x2f\x71\x4c\x08\x72\x61\x28\xb1\xd2\x8a\x72\xb0\xdd"
"\xfa\xa9\x47\xc1\xba\xe6\x31\x83\x5f\x61\x8d\x66\x27\x15\xe2\x13\x2e\xc9\xca\x0c\xe2\xfd\x76\x0c\xbc\xdc\xdd\x8b\x02\x29\xe8\xbc"
"\x1d\x9e\x09\xee\xd6\xeb\x45\xac\x45\xb2\x68\x90\xc0\x08\xd9\x39\x6e\x3b\x11\xc4\xb3\x29\xf1\x0b\x0d\x23\x7c\x57\x92\x76\x73\x74"
"\x5e\xbd\x56\x32\xf4\x3a\xb3\xf7\xe6\x09\xbc\x88\x3d\xe6\x52\x1f\xd8\x7d\x77\xf6\xde\x20\x81\x6f\x4e\xe2\x06\x8f\xa9\x02\x70\xb4"
"\xbe\x5f\x7d\x60\x0b\x0b\xee\x65\xcb\x12\xb6\x53\x98\x95\x67\x7f\x0d\x57\x6c\xa4\x90\x2a\x6b\x55\x54\xc3\x51\x55\xe0\x0f\xf2\xfb"
"\x2a\xe3\xbd\x16\xcd\x7d\xd7\xbe\x67\xfc\xcb\x0a\x19\xd4\x76\xb3\x33\xfe\x76\xa6\x6e\x6e\x5f\x43\x61\x88\x0d\x0a\xb9\x51\xda\xe1"
"\xd1\x24\xc6\xf5\x31\xcd\xd1\x08\x9a\xa1\xe4\xfc\x6d\x8e\x4f\x03\x91\x32\x26\xbe\xcf\x6f\x51\xf8\xed\xd6\x3a\x99\xb1\x75\xbe\xc3"
"\x1b\x3b\xa5\x8c\xf1\x89\x8a\xa8\x15\xec\x9e\xed\xdc\x91\xb4\x61\xa1\x72\xa2\xc1\xa0\xfe\x0f\x6a\xff\x11\x31\x96\x0b\x00\x00";
static const ArdAssetChunk Json0[] PROGMEM = {
  {Json0_0,sizeof(Json0_0)-1},
};
#endif
#endif
#elif !ARDPORTAL_ENABLE_OTA && ARDPORTAL_ENABLE_MQTT && !ARDPORTAL_ENABLE_CONSOLE
#if ARDPORTAL_CONTROL_PROFILE_FULL
#if ARDPORTAL_ENABLE_MQTT_TLS
static const char Json0_0[] PROGMEM =
"\x1f\x8b\x08\x00\x00\x00\x00\x00\x02\xff\x7d\x57\xdb\x6e\xe3\x36\x10\xfd\x15\x22\x40\x81\x14\x48\xb3\x91\xef\xd9\x3e\x2c\xbc\xce"
"\x2e\xd6\x45\x2e\xee\xda\xbb\xfb\x52\xa0\x60\x24\xca\x22\x22\x91\x2a\x49\xc5\x30\x0c\x03\xfd\x9a\xfe\x42\xdf\xfb\x29\xfd\x92\xce"
"\x8c\x34\x92\x9c\xa6\x7d\x31\xcc\x33\x14\x39\x97\x33\x17\x1e\xce\x2a\xfd\xeb\xd5\x55\x74\xf6\xf6\xec\xb3\x92\x89\x36\x5b\xe1\x83"
"\x0c\x95\xff\xfb\xf7\x3f\xce\x2e\x6a\xe1\x00\x84\x4b\x93\x5a\x5e\x8f\x61\x7d\xa3\x9e\x75\xac\x18\x99\xb4\x88\x30\xb2\x68\xe1\x29"
"\xc0\xf3\x15\x41\x17\x22\xb3\x3e\xe0\x3f\x21\x4d\x22\xee\x7e\xde\x6c\xc4\xf2\xe6\x52\xdc\xaa\x10\x94\xf3\x17\x22\xd1\x5b\x1d\x3c"
"\x09\xb3\x7d\x99\x29\xe3\x7f\x14\x71\x26\xcd\x56\x79\xe1\x54\x6c\x8d\x51\x71\xb8\xe4\x93\x67\x70\xf2\x5a\x3e\xb7\x37\x5d\xc3\xfa"
"\xa3\x8c\x83\x75\x7b\xd8\xed\x55\x68\x04\xd1\x15\x08\x16\xd2\xc4\x2a\x67\x04\x4d\xfd\xa6\x7f\xf8\xa8\x05\x6c\xab\x4a\x86\xd1\xc8"
"\x75\x2c\x8d\x30\x2a\xec\xac\x7b\xf2\x2c\x18\xa2\x11\xcf\x52\xe7\xf2\x31\x57\xff\x92\x8e\xf0\xfc\xcc\x5a\x0f\x76\xb1\x90\x65\xe8"
"\xa7\xf5\x7a\x79\xc3\xeb\x49\x7b\x73\x29\xbd\x87\x9d\x09\x4b\xd0\x51\x1f\x8a\x32\xec\xc5\x93\x52\xa5\x17\x21\x53\xc2\x83\x79\x49"
"\xbb\x53\xa4\xd6\x01\xac\x3d\x5f\xc2\xae\x88\xd0\x15\x8b\xda\x3d\xe4\xbd\x9e\x5b\x22\x74\xcb\x22\x57\xd2\x09\xba\xb7\x81\x07\x57"
"\x0c\xfb\x1a\xa7\xef\x20\xec\x0e\x02\x30\x5f\x5d\x8a\x07\xb8\xdf\xa1\x7b\x02\xf0\x01\xdd\x5f\x48\x6d\xf8\xc2\x41\x54\x47\xb5\xef"
"\xbd\xc1\xa0\x89\x74\xad\x5b\x9f\x04\x03\xf4\xdf\xbd\xda\xc1\xc1\x2f\xcd\x1e\x8c\x5e\x31\x9b\xf7\x5c\x8a\x86\x39\x60\x79\x9e\xdb"
"\x9d\x17\x3d\x82\x5d\x8a\xcf\x4c\x09\x21\x53\x20\x10\x53\xa5\x55\x72\xdc\x10\x04\x4e\x61\x08\xdd\x4f\xbc\x3b\xd1\x1c\x5d\xff\xde"
"\xd9\x27\x38\x43\x26\x09\x70\x87\x43\x3b\x40\xc7\x6e\x9c\x34\xbe\xb4\x8e\xf9\x34\x40\x8f\x6e\x16\x7c\xe6\x10\x3d\xb9\xb9\x5d\xf3"
"\x12\x5d\xb3\x98\x8b\x58\xb9\xa0\x53\x1d\xcb\xa0\xc4\xf9\xea\xc3\xdd\xf7\x2c\x1f\x50\x9a\xfd\x56\x69\xb8\x47\x04\x57\xf9\x00\x21"
"\x5e\xcc\x2f\x44\x21\x43\x9c\x61\xf2\x9d\x64\xc9\xfd\x66\x25\x82\x06\x73\xf9\x7b\xf4\xe5\xaa\xd3\x66\x88\x0e\xfc\xe2\x95\xeb\xf9"
"\x7b\x38\x66\x33\x5f\x78\x7b\x38\xf9\x1f\x6f\x77\xf4\x7a\x24\x5f\xbc\xa9\xe0\xd4\x4b\x51\x6f\xaf\x21\xc8\x50\x8f\x29\xe0\x29\x79"
"\x59\xa5\x11\x9a\xfc\x51\xbb\x62\x27\x1d\xab\x30\x42\x27\x7d\x95\x79\xc5\xc0\x18\xdd\xb4\x56\x86\x55\x19\xa3\x1d\x9f\x6c\xab\xf3"
"\x78\xd4\x24\x9f\x01\x17\x74\x85\x67\x3c\x26\x77\x41\xb8\x84\xcc\xf3\x96\x8f\xef\x58\x3c\xa9\x63\x7c\xfa\xcd\xb4\x4b\x07\xf4\x27"
"\xf1\xbb\x27\x9e\x9d\x8a\xd1\x94\x9e\xf4\x45\xbe\xbc\xeb\xd1\xec\x59\x4b\xcc\x8d\x66\xe7\x04\x2d\x10\x7f\xfd\x29\xbe\x49\x4d\x07"
"\xa1\xff\x20\x5c\x2c\x1e\xb5\xa9\x9e\x42\xe5\x50\xc0\xe6\x45\xa6\xe2\x27\x81\xe5\xe0\x4d\x4b\x71\xde\x8d\x76\x9e\x67\x3a\x49\x94"
"\x61\xaa\x4c\x5e\x2f\xa9\x13\x32\x2f\xd3\xa5\x08\xfb\xb2\x05\x67\x0c\xb6\xb5\x66\x72\x5d\xdb\x99\xea\x6d\xe5\x80\x63\x69\x2e\x7d"
"\xd6\xc8\xa6\x18\x8d\x55\xb6\xf7\x40\xd0\xfc\x54\x82\xc1\xdc\xd8\x00\x70\xa6\x24\xa7\xc8\x14\x59\xfb\xc5\x48\xae\x81\x0c\xa3\x0b"
"\x3e\x3a\xa5\x4e\xf6\xa2\xe1\x0f\x9b\xb9\xf0\xa5\x6c\xdb\xc3\x14\xed\xfb\x52\x22\x93\x19\x21\xeb\x30\x3d\x90\xe6\x7d\x01\xda\xf7"
"\xba\x4f\xa7\xbd\xd0\x29\x66\xd2\x14\xed\xbc\xd1\x3e\x7e\x81\xcf\xd0\xc6\xdb\xf9\xbd\x58\xf2\xe7\xb3\xa6\x6c\x75\x00\x9a\x55\xd8"
"\xca\xf4\xbe\x42\x93\x8c\x0d\xe2\x05\x3c\xea\x62\x61\xd3\x34\xd7\xe6\xb4\x00\x05\x81\x9d\xcb\x40\x8d\x5b\xae\x9a\x72\xc4\x85\xf0"
"\x45\x59\xba\xc6\x3b\x3f\x6d\x20\xad\x95\x73\x60\xdd\xa1\xee\xb5\x47\x16\xa3\x5b\x0e\x89\xdc\xfb\xa3\xc0\x5f\x71\xc8\x6c\xe5\x60"
"\x91\x89\x43\xa1\x4d\x15\x14\xfc\x87\x3f\xf0\x1d\xde\x9e\xc0\x8a\xab\xd5\xf5\x8c\x19\xf7\x56\x1c\x76\x50\x7c\x8e\xc8\x4e\xa4\x37"
"\xac\x8b\xdf\x42\x38\x1e\x42\xee\x8f\x87\x38\xb7\xf1\x13\xc9\x96\x2b\x90\xe8\xf2\x78\x90\x65\x7b\x3f\x7a\xf3\x16\x34\xae\xe4\xb6"
"\x89\x48\x44\xa3\xc1\x46\xba\x2d\x64\x61\x50\x45\xa9\x1c\x68\xec\x5a\x29\x1a\xb4\xa8\x9c\x53\xe6\x55\x31\x3a\xf4\xce\x26\xed\x7a"
"\x44\x7d\xda\x80\x83\x3b\x0c\x43\xbe\xea\x0a\x6f\x44\xcd\x7d\x0e\xf9\xf9\x0c\x04\x61\x0c\x35\xbb\xb7\x4d\x55\xd5\xd6\x34\x38\xf5"
"\xf7\xe5\x67\xe1\xf5\xd6\x00\x6b\xcf\x7f\x5a\x3f\xdc\x7f\xcf\xb2\x88\xaa\xe5\x4e\x39\x06\x06\x54\xeb\xf5\x36\x0b\xa6\xbb\x8e\x1a"
"\xfc\xc2\xe6\xe0\x69\x46\xa8\x1c\x95\x0a\xf2\xe6\xfc\xbb\xf6\x34\x24\xf1\x83\x8f\x75\x9e\x9f\x28\x40\x4c\x86\x7a\x1e\xf7\x41\x34"
"\xe9\xa1\x54\xed\x9a\xa8\x9b\xc3\x90\xc0\x00\x9a\xb3\x0e\xb6\x49\x9b\x88\x3a\xf2\xca\x7a\x8d\x87\xf4\x2e\xa5\x5e\xbb\xd1\x79\xe8"
"\x63\x68\xc5\x2d\x44\x91\xd7\x43\x4a\xcf\xbc\x87\xa0\xfe\x73\x57\x40\x33\xe1\xc4\x8a\xa8\x21\x22\x26\x77\x72\xcf\xd8\xa4\xc1\x0c"
"\xba\x84\xc1\x69\x9d\x51\xd2\x15\x8c\xd4\x8d\x50\x6f\xb7\xd8\x23\xf3\x9e\xe0\xba\xa3\x46\x56\x15\x3a\xd1\xd0\x2c\x3a\x45\xeb\xe6"
"\x68\x0d\xab\x40\xdd\xf1\xa6\x72\xb2\x36\xd2\xb7\xfb\xd0\xa0\xaf\x36\xaf\x5a\x65\xa9\xcf\x61\x1d\x66\x07\x52\xa3\x5b\xc9\xaa\x75"
"\xe0\xb0\x6e\x0d\x40\x35\x23\x82\x15\x8f\xb2\x93\x4c\x6a\xf7\x74\xdc\x19\x4e\xf9\x34\xa8\x4a\x96\xed\x1c\xd6\xe5\xa4\x28\xb0\x02"
"\x9d\xf0\x66\x58\x07\x07\xa6\x21\xa0\xe9\x0e\x0a\x51\x83\x8f\x88\x6b\x06\x52\x16\x9a\x51\x55\x26\xdd\x0d\xd4\x04\x6f\x54\xec\x14"
"\xe8\xf1\x4a\x1a\x8c\xea\x09\xfa\xbf\xe5\x68\xef\x43\x9a\xf2\x12\xad\xfd\xa4\x24\xab\x3a\x1a\x93\xaa\x36\xe7\x35\xc5\xad\x0a\x96"
"\xd7\x14\x32\xc7\x61\x1d\xcd\x9a\x24\xb3\x26\x6f\xb1\xeb\x57\x4a\x58\xdd\x92\x9a\x32\x06\x31\x69\xaa\x54\x44\xed\x1a\xfa\x2e\xb9"
"\x20\xe9\x0d\xfa\xd1\x38\xfa\x97\xe4\x1d\x8b\x06\x75\x79\x0e\xce\xe6\x5e\x54\x5d\xbb\x80\x2a\x43\xc5\xee\xc8\x1b\x87\xf5\x48\x8e"
"\x75\x16\x46\x8a\x32\x97\x7b\xf1\xcb\xd9\x21\xd5\x2a\x4f\x8e\xbf\x9c\xb5\x4a\x8c\x28\x8e\xf5\x93\xa4\x84\x7a\xd4\xb6\xe9\x88\xe6"
"\x82\xa5\x79\x96\xb9\x4e\x48\x04\xaa\xa4\xda\x50\xf2\xf8\xf6\x7b\xe2\x81\xf4\xa1\x7e\x0f\x08\xf4\x7d\x9b\xa0\x34\x25\xdc\xc1\x27"
"\x45\x55\x88\xf4\xb4\x87\x45\x34\x23\xdc\x22\xad\xe1\x63\xc4\xc5\x63\x2f\xb9\xea\x19\xa1\xa9\x78\xcc\xfa\x46\x36\xb9\xe2\xca\xc5"
"\x0e\x9b\x44\xa4\xaa\x3c\xc1\xea\x7e\xfa\x64\xec\xce\xd0\x63\xab\x15\x0c\xbb\x20\xb9\xda\xc9\x1d\xfb\xea\x91\x02\x3a\xa3\x90\x8f"
"\xb6\x82\x5f\x51\x77\x04\xea\x92\x38\x4b\xb1\xe1\x34\x4d\xac\x55\x4c\x7d\xff\xe4\x45\x12\xd1\x50\x81\x75\xe9\x25\x8e\xee\x58\x26"
"\x79\xab\xc8\xac\x21\x60\xef\xfa\xeb\x86\x83\x1d\x44\x73\x04\xd0\xae\x87\x44\x35\xf3\x78\x39\xa8\x2b\x7b\x76\x72\xd2\xb4\xb6\x32"
"\x75\x30\xe9\xf6\xd0\x11\x15\x78\x57\x48\x66\x39\x4d\x0d\x1f\x62\x26\x39\x8d\x0c\x1f\x72\x60\xaa\xd3\x31\x63\xd4\x3a\x94\x4b\xf1"
"\x3b\xd3\xb2\x74\xca\xea\x8b\xb2\x2a\x38\xaa\x34\x29\x7c\x82\x42\x07\x64\xc1\x9c\x6f\x60\x1a\x14\x7a\x8f\xa3\x88\xe6\x04\xec\x9b"
"\xbc\x46\x23\xc4\x39\x0c\xf9\x5c\x1f\x66\x3c\xfb\xcd\x9b\x0e\xca\x38\x9a\x70\x78\xc6\xb9\xf7\x28\xde\x33\x88\x56\x1c\xbc\xd7\xc9"
"\x51\x9c\x1f\x1c\xfc\x81\xd6\xfe\xbe\x68\xcf\x9a\xf4\xa8\x8c\x45\x88\xa3\x78\x5d\x8f\xcc\xcd\x0b\x8c\xde\x82\x90\xb0\xcd\xc4\x01"
"\x15\x0f\x87\x77\x9c\x38\x9a\xf7\x5b\x1c\x43\x43\x13\xa5\xd5\x26\x80\x4e\x38\x30\x1e\x2f\x70\x8f\x01\x22\x59\x0c\x38\x0d\xfb\xf0"
"\x72\x90\x39\xdf\x30\xa3\x37\x33\x0c\xa7\x7e\x0f\xcf\x10\xae\xe9\xb3\x59\xc7\x41\x70\x53\x95\x02\x75\x81\x49\xdc\x1a\x67\xd3\x4e"
"\x9c\x28\x1f\x3b\x5d\x52\xdf\x3b\xfe\x03\xe7\x5e\x3d\xe6\x48\x10\x00\x00";
static const ArdAssetChunk Json0[] PROGMEM = {
  {Json0_0,sizeof(Json0_0)-1},
};
#else
static const char Json0_0[] PROGMEM =
"\x1f\x8b\x08\x00\x00\x00\x00\x00\x02\xff\x7d\x57\xdb\x6e\xdb\x46\x10\xfd\x95\x85\x81\x02\x2e\xe0\x3a\xa6\xee\x4a\x1f\x02\xc7\x8e"
"\x61\x15\x8e\xad\x46\x4a\xf2\x12\xa0\x58\x93\x4b\x71\x61\x72\x97\xdd\x5d\x5a\x10\x04\x01\xfd\x9a\xfe\x42\xdf\xfb\x29\xfd\x92\xce"
"\x0c\x39\x24\xe5\xb8\x7d\x11\xb4\x67\xf6\x32\x97\x33\x17\xee\x4f\x2a\xfd\xdb\xc5\x45\x74\xf2\xf6\xe4\x93\x92\x89\x36\x1b\xe1\x83"
"\x0c\x95\xff\xe7\x8f\x3f\x4f\xce\x6a\xe1\x00\x84\x0b\x93\x5a\x5e\x8f\x61\x7d\xad\x9e\x75\xac\x18\x99\xb4\x88\x30\xb2\x68\xe1\x29"
"\xc0\x97\x4b\x82\xce\x44\x66\x7d\xc0\x7f\x42\x9a\x44\x7c\xfc\x75\xbd\x16\x8b\xeb\x73\x71\xa7\x42\x50\xce\x9f\x89\x44\x6f\x74\xf0"
"\x24\xcc\x76\x65\xa6\x8c\xff\x59\xc4\x99\x34\x1b\xe5\x85\x53\xb1\x35\x46\xc5\xe1\x9c\x6f\x9e\xc1\xcd\x2b\xf9\xdc\xbe\x34\x87\xf5"
"\x8d\x8c\x83\x75\x3b\xd8\xed\x55\x68\x04\xd1\x05\x08\xae\xa4\x89\x55\xce\x08\x9a\xfa\x55\xff\x74\xa3\x05\x6c\xab\x4a\x86\xd1\xc8"
"\x55\x2c\x8d\x30\x2a\x6c\xad\x7b\xf2\x2c\x18\xa2\x11\xcf\x52\xe7\xf2\x31\x57\xdf\x49\x47\x78\x7f\x66\xad\x07\xbb\x58\xc8\x32\xf4"
"\xd3\x6a\xb5\xb8\xe6\xf5\xa4\x7d\xb9\x94\xde\xc3\xce\x84\x25\xe8\xa8\x0f\x45\x19\x76\xe2\x49\xa9\xd2\x8b\x90\x29\xe1\xc1\xbc\xa4"
"\xdd\x29\x52\xeb\x00\xd6\x9e\x1f\x61\x57\x44\xe8\x8a\xab\xda\x3d\xe4\xbd\x9e\x5b\x22\x74\xcb\x55\xae\xa4\x13\xf4\x6e\x03\x0f\x2e"
"\x18\xf6\x35\x4e\xe7\x20\xec\x0e\x02\x70\xb9\x3c\x17\x0f\xf0\xbe\x43\xf7\x04\xe0\x03\xba\xbf\x90\xda\xf0\x83\x83\xa8\x8e\x6a\xdf"
"\x7b\x83\x41\x13\xe9\x5a\xb7\x3e\x09\x06\xe8\xbf\x7b\xb5\x85\x8b\x5f\x9a\x3d\x18\xbd\x62\x36\xef\x39\x17\x0d\x73\xc0\xf2\x3c\xb7"
"\x5b\x2f\x7a\x04\x3b\x17\x9f\x98\x12\x42\xa6\x40\x20\xa6\x4a\xab\xe4\xb8\x21\x08\xdc\xc2\x10\xba\x9f\x78\x77\xa4\x39\xba\xfe\xbd"
"\xb3\x4f\x70\x87\x4c\x12\xe0\x0e\x87\x76\x88\x8a\x2f\xad\x63\x2a\x0d\x51\xdb\xcf\x5e\xb9\x9e\x71\xc3\x31\xdf\xf9\xc2\xb4\xe1\xe4"
"\x7f\x4c\xeb\x62\xf9\x48\x0f\xbf\xa9\xe0\xd6\x73\x51\x6f\xaf\x21\x48\x07\x8f\x7c\xf3\x94\x29\x6c\xd5\x08\x5d\x7f\xa3\x5d\xb1\x95"
"\x8e\x55\x18\x61\x8c\xbf\xc8\xbc\x62\x60\x8c\xd1\x5d\x29\xc3\xaa\x8c\xd1\x8e\x5b\xdb\xea\x3c\x1e\x35\x4c\x37\x10\xdc\x2e\xcb\xc7"
"\x63\x2a\x01\xe0\x1b\x21\xf3\xbc\x0d\xfe\x3b\x16\x4f\x6a\x87\x1e\x9f\x99\x76\xdc\xc3\xca\x41\x64\xea\x89\x67\xc7\x62\x34\xa5\x27"
"\x7d\x41\xce\x77\xbd\x98\x3e\x6b\x89\x44\x6c\x76\x4e\xd0\x02\xf1\xf7\x5f\xe2\xab\xd4\x74\x11\xfa\xef\x7e\xcd\x81\x9d\x8c\xda\xbc"
"\x4a\x21\x4d\x15\x50\xe7\x2a\x53\xf1\x93\xc0\xdc\x7b\xd3\xf2\x89\x77\xa3\x9d\xa7\x99\x4e\x12\x65\x7e\x64\xec\xf5\xfa\x35\x21\xf3"
"\x32\x5d\x8a\xb0\x2b\x5b\x70\xc6\x60\x9b\xd8\x93\x79\x6d\x67\xaa\x37\x95\x83\x9c\x4d\x73\xe9\xb3\x46\x36\xc5\x68\x2c\xb3\x9d\xd7"
"\xb1\xcc\x8f\x25\x18\xcc\xb5\x0d\x00\x67\x4a\x32\x1f\xa7\x98\x49\x9f\x8d\xe4\x82\xc3\x30\xba\xe0\xc6\x29\x75\xb4\x17\x0d\x7f\x58"
"\x5f\x0a\x5f\xca\xb6\x16\x4f\xd1\xbe\xcf\x65\xd0\xad\x19\x53\xb2\x4e\x86\xba\xf2\xf6\x05\x68\xdf\xeb\x3e\x9d\xf6\x42\xa7\x98\x49"
"\x53\xb4\xf3\x5a\xfb\xf8\x05\x3e\x43\x1b\xef\x2e\xef\xc5\x82\x8f\xcf\x9a\x1a\xd1\x01\x68\x56\x61\x2b\xd3\x3b\x85\x26\x19\x1b\xc4"
"\x0b\x78\xd4\xc5\xc2\xa6\x69\xae\xcd\x71\xb6\x07\x81\x6d\xc2\x40\x41\x59\x2c\x9b\xdc\xe7\xaa\xf3\xa2\x06\xcc\xf1\xcd\xdb\xf5\x7a"
"\x29\x94\x73\x60\xdd\xbe\x6e\x6c\x07\x16\xa3\x5b\xf6\x89\xdc\xf9\x83\xc0\x5f\xb1\xcf\x6c\xe5\x60\x91\x89\x7d\xa1\x4d\x15\x14\xfc"
"\x87\x3f\x70\x0e\x5f\x4f\x60\xc5\xa5\x61\x3e\x63\xc6\xbd\x15\xfb\xad\x4e\xf5\x01\xd9\x89\xf4\x86\x75\xf1\x7b\x08\x87\x7d\xc8\xfd"
"\x61\x1f\xe7\x36\x7e\x22\xd9\x62\x09\x12\x5d\x1e\xf6\xb2\x6c\xdf\x47\x6f\xde\x81\xc6\x95\xdc\x34\x11\x89\xa8\x0f\xaf\xa5\xdb\x40"
"\x16\x06\x55\x94\xca\x81\xc6\xae\x95\xa2\x41\x57\x95\x73\xca\xbc\x2a\x46\x87\x7e\xb4\x49\xbb\x1e\x51\x53\x34\xe0\xe0\x0e\xc3\x90"
"\x2f\xbb\x2a\x17\x51\x27\xbd\x84\xfc\x7c\x06\x82\x30\x86\x9a\xdd\xdb\x00\x86\xc5\x32\x68\x6b\x1a\x9c\x9a\xe9\xe2\x93\xf0\x7a\x63"
"\x80\xb5\xa7\xbf\xac\x1e\xee\x7f\x64\x59\x44\xd5\x72\xab\x1c\x03\x03\x2a\xac\x7a\x93\x05\xd3\x3d\x47\xdd\xf4\xca\xe6\xe0\x69\x46"
"\xa8\x1c\x95\x0a\xf2\xe6\xf4\x87\xf6\x36\x24\xf1\x83\x8f\x75\x9e\x1f\x29\x40\x4c\xd6\x0e\xeb\x49\x07\xa2\x49\x0f\xa5\x6a\xd7\x44"
"\xdd\x1c\x3a\x32\x03\x68\xce\x2a\xd8\x26\x6d\x22\x6a\x7f\x4b\xeb\x35\x5e\xd2\x7b\x94\x1a\xdb\x5a\xe7\xa1\x8f\xa1\x15\x77\x10\x45"
"\x5e\x0f\x29\x3d\xf3\x1e\x82\xfa\x5f\xba\x02\xe6\x1b\x4e\xac\x88\xba\x0f\x62\x72\x2b\x77\x8c\x4d\x1a\xcc\xa0\x4b\x18\x9c\xd6\x19"
"\x25\x5d\xc1\x08\x6a\xbf\x06\xb7\x6d\xb0\x21\xe5\x3d\xc1\xbc\xa3\x46\x56\x15\x3a\xd1\xd0\x2c\x3a\x45\x87\x17\x54\x4d\x0c\xab\x30"
"\x44\x63\xae\x2b\x27\x6b\x23\x7d\xbb\x0f\x0d\xfa\x62\xf3\xaa\x55\x96\xfa\x1c\xd6\x61\x76\x20\x35\xba\xa5\xac\x5a\x07\x0e\xeb\xd6"
"\x00\x54\x33\x22\x58\xf1\x28\x3b\xc9\xa4\x76\x4f\xc7\x9d\xe1\x94\x6f\x83\xaa\x64\xd9\xce\x61\x5d\x4e\x8a\x02\x2b\xd0\x11\x6f\x86"
"\x75\x70\x60\xf4\x00\x9a\x6e\xa1\x10\x35\xf8\x88\xb8\x66\x20\x65\xa1\x19\x55\x65\xd2\xbd\x40\x4d\xf0\x5a\xc5\x4e\x81\x1e\xaf\xa4"
"\xc1\xa8\x1e\x57\xff\x5b\x8e\xf6\x3e\xa4\x29\x2f\xd1\xda\x5b\x25\x59\xd5\xd1\x98\x54\xb5\x39\xaf\x29\x6e\x55\xb0\xbc\xa6\x90\x39"
"\x0e\xeb\x68\xd6\x24\x99\x35\x79\x8b\xcd\x5f\x29\x61\x75\x4b\x6a\xca\x18\xc4\xa4\xa9\x52\x11\xb5\x6b\xe8\xbb\xe4\x82\xa4\x37\x55"
"\x47\xe3\xe8\x3b\xc9\x3b\x16\x0d\xea\xf2\x1c\x9c\xcd\xbd\xa8\xba\x76\x01\x55\x86\x8a\xdd\x81\x37\x0e\xeb\xf9\x17\xeb\x2c\x8c\x14"
"\x65\x2e\x77\xe2\xdb\xc9\x3e\xd5\x2a\x4f\x0e\xdf\x4e\x5a\x25\x46\x14\xc7\x7a\xfe\x2f\xa1\x1e\xb5\x6d\x3a\xa2\xb9\x60\x61\x9e\x65"
"\xae\x13\x12\x81\x2a\xa9\x36\x94\x3c\xbe\x3d\x4f\x3c\x90\x3e\xd4\xc3\xb7\x40\xdf\xb7\x09\x4a\x53\xc2\x47\x38\x52\x54\x85\x48\x8f"
"\x7b\x58\x44\x33\xc2\x1d\xd2\x1a\x0e\x23\x2e\x1e\x7b\xc9\x55\xcf\x08\x4d\xc5\x63\xd6\x37\xb2\xc9\x05\x57\x2e\x76\xd8\x24\x22\x55"
"\xe5\x11\x56\xf7\xd3\x27\x63\xb7\x86\xbe\x6c\x5a\xc1\xb0\x0b\x92\xab\x9d\xdc\xb1\xaf\x1e\x29\xa0\x33\x0a\xf9\x68\x2b\xf8\x15\x75"
"\x47\xa0\x2e\x89\xb3\x14\x1b\x4e\xd3\xc4\x4a\xc5\xd4\xf7\x8f\xc6\xff\x88\x86\x0a\xac\x4b\x2f\x71\x74\xc7\x22\xc9\x5b\x45\x66\x0d"
"\x01\x7b\xcf\xcf\x1b\x0e\x76\x10\xcd\x11\x40\xbb\x1e\x12\xd5\xcc\xe3\xe5\xa0\xae\xec\xd9\xd1\x4d\xd3\xda\xca\xd4\xc1\xc7\x57\x0f"
"\x1d\x51\x81\x77\x85\x64\x96\xd3\xd4\xf0\x21\x66\x92\xd3\xc8\xf0\x21\x07\xa6\x3a\x1d\x33\x46\xad\x43\xb9\x14\xcf\x99\x96\xa5\x53"
"\x56\x5f\x94\x55\xc1\x51\xa5\x49\xe1\x16\x0a\x1d\x90\x05\x73\xbe\x81\x69\x50\xe8\x7d\x89\x44\x34\x27\x60\xdf\xe4\x35\x1a\x21\x4e"
"\xd7\x77\x2b\xae\x0f\x33\x9e\xfd\x2e\x9b\x0e\xca\x38\x9a\xb0\x7f\xc6\xb9\xf7\x20\xde\x33\x88\x56\xec\xbd\xd7\xc9\x41\x9c\xee\x1d"
"\xfc\x81\xd6\xfe\xbe\x68\xef\x9a\xf4\xa8\x8c\x45\x88\xa3\x38\xaf\x47\xe6\xe6\x73\x87\x3e\xbc\x20\x61\x9b\x89\x03\x2a\x1e\x0e\xef"
"\x38\x71\x34\x1f\x4b\x71\x0c\x0d\x4d\x94\x56\x9b\x00\x3a\xe1\xc0\x78\x38\xc3\x3d\x06\x88\x64\x31\xe0\x34\xec\xc3\x97\x83\xcc\xf9"
"\x85\x19\x7d\xa0\xc2\x70\xea\x77\x1e\x4a\x12\xa3\xb3\x8e\x83\xe0\xa6\x2a\x05\xea\x02\x93\xb8\x35\xce\xa6\x9d\x38\x51\x3e\x76\xba"
"\xa4\xbe\x77\xf8\x17\x34\xaa\xb9\x70\xb5\x0f\x00\x00";
static const ArdAssetChunk Json0[] PROGMEM = {
  {Json0_0,sizeof(Json0_0)-1},
};
#endif
#else
#if ARDPORTAL_ENABLE_MQTT_TLS
static const char Json0_0[] PROGMEM =
"\x1f\x8b\x08\x00\x00\x00\x00\x00\x02\xff\x7d\x56\xdb\x6e\xe3\x36\x10\xfd\x95\x81\x9f\xb2\x40\x9a\x8d\x1c\xdf\xb2\x7d\x08\x1c\x67"
"\x83\x35\x90\x8b\xbb\x71\xba\x2f\x0b\x14\x8c\x44\x45\x44\x24\x52\x4b\x52\x09\x0c\xc1\x40\xbf\xa6\xbf\xd0\xf7\x7e\x4a\xbf\xa4\x33"
"\x94\x46\x96\xbd\x41\x5f\x04\x71\x0e\x2f\x33\x67\xce\x0c\x59\x0f\x2a\xf5\xc7\xe9\x69\x34\xf8\x34\xf8\x2a\x45\xa2\xf4\x33\x38\x2f"
"\x7c\xe5\xfe\xfd\xf3\xaf\xc1\x71\x03\x0e\x11\x5c\xea\xd4\xf0\x78\x8c\xe3\x2b\xf9\xaa\x62\xc9\x96\x49\x67\x01\x2d\x8a\xce\x3c\x45"
"\xf3\x7c\x15\x4c\xc7\x90\x19\xe7\xe9\x0f\x84\x4e\xe0\xf6\xb7\xf5\x1a\x96\x57\x27\x70\x23\xbd\x97\xd6\x1d\x43\xa2\x9e\x95\x77\x01"
"\xcc\x36\x65\x26\xb5\xfb\x15\xe2\x4c\xe8\x67\xe9\xc0\xca\xd8\x68\x2d\x63\x7f\xc2\x3b\xcf\x70\xe7\x07\xf1\xda\x9d\x74\x8e\xe3\x6b"
"\x11\x7b\x63\x37\x38\xdb\x49\xdf\x02\xd1\x29\x02\x0b\xa1\x63\x99\xb3\x85\x42\xfd\xa6\x7e\xb9\x56\x80\xd3\xaa\x92\xcd\x14\xe4\x43"
"\x2c\x34\x68\xe9\xdf\x8c\x7d\x71\x0c\x9c\x51\x10\xaf\x42\xe5\xe2\x29\x97\x3f\xa1\x23\xda\x3f\x33\xc6\x61\x5c\x0c\x32\x46\x3c\x3d"
"\x3c\x2c\xaf\x78\x3c\xe9\x4e\x2e\x85\x73\x38\x33\x61\x84\x88\xfa\x5c\x94\x7e\x03\x2f\x52\x96\x0e\x7c\x26\xc1\x61\x78\x49\x37\x13"
"\x52\x63\xd1\xac\x1c\x1f\xc2\x54\x44\x44\xc5\xa2\xa1\x27\xb0\xd7\xa3\x25\x22\x5a\x16\xb9\x14\x16\xc2\xb9\xad\x79\x78\xca\x66\xd7"
"\xd8\xc3\x3a\x4c\xbb\xc5\x04\xcc\x57\x27\x70\x8f\xe7\x5b\xa2\xc7\xa3\x1e\x88\xfe\x42\x28\xcd\x07\x0e\xa3\x26\xab\x7d\xf6\x86\xc3"
"\x36\xd3\x8d\x6f\x7d\x11\x0c\x89\xbf\x3b\xf9\x86\x1b\x1f\x86\x3d\x1c\xbd\x13\x36\xcf\x39\x81\x56\x39\x18\x79\x9e\x9b\x37\x07\x3d"
"\x81\x9d\xc0\x57\x96\x04\x88\x14\x05\xc4\x52\xe9\x9c\x1c\xb7\x02\xc1\x5d\xd8\x44\xf4\x07\xdd\xed\x79\x4e\xd4\x5f\x5a\xf3\x82\x7b"
"\x88\x24\x41\xed\x70\x6a\x87\x44\xec\xda\x0a\xed\x4a\x63\x59\x4f\x43\x62\x74\xbd\xe0\x3d\xcf\x88\xc9\xf5\xcd\x03\x0f\x89\x9a\xc5"
"\x1c\x62\x69\xbd\x4a\x55\x2c\xbc\x84\xa3\xd5\xe7\xdb\x0f\x8c\x0f\x43\x99\xfd\xa8\x14\x9e\x03\xde\x56\xce\x63\x8a\x17\xf3\x63\x28"
"\x84\x8f\x33\x2a\xbe\xbd\x2a\xb9\x5b\xaf\xc0\x2b\x0c\x97\xd7\x13\x97\xab\x9d\x37\x67\x44\xe0\xa3\x93\xb6\xc7\xf7\xd9\x98\xc3\x3c"
"\x60\xfb\x6c\xf2\x3f\x6c\xef\xe4\xf5\x14\xb8\xf8\x58\xe1\xae\x27\xd0\x4c\x6f\x4c\x58\xa1\x8e\x4a\xc0\x85\xe2\x65\x97\x46\x14\xf2"
"\xb5\xb2\xc5\x9b\xb0\xec\xc2\x88\x48\xfa\x5d\xe4\x15\x1b\xc6\xe4\xf7\x17\xd3\xf9\x38\x1e\xb5\xc5\xa6\x31\xe4\x5d\xa3\x19\x8f\x03"
"\x3d\x98\x1e\x10\x79\xde\xe9\xef\x82\xe1\x49\x93\xd3\xfd\x35\xd3\x9d\xfc\x89\xbf\xa0\xe7\x1e\x3c\xdb\x87\xc9\xf5\x1e\x7a\x50\x1f"
"\x17\x3d\x59\xbd\x2a\x41\xb5\xd0\xce\x9c\x50\x04\xf0\xcf\xdf\xf0\x4d\xa8\xb0\x11\xf1\x85\xe9\x61\x78\xd4\x95\x76\x8a\x9d\x42\xa2"
"\x7a\x17\x99\x8c\x5f\x80\xca\xff\x63\x27\x69\x9e\x4d\x71\x1e\x65\x2a\x49\xa4\x66\x69\x4c\xde\x6f\xa1\x93\x10\x5e\xa6\x4a\xf0\x9b"
"\xb2\x33\xce\xd8\xd8\xf5\x96\xc9\x79\x13\x67\xaa\x9e\x2b\x8b\x9a\x4a\x73\xe1\xb2\x16\x9b\x92\x48\x57\xd9\xc6\xa1\x20\xf3\x7d\x84"
"\x92\xb7\x36\x1e\xcd\x99\x14\x5c\x12\x53\x52\xe9\xa3\x16\xdc\xf3\xd8\x4c\x14\x5c\x5b\x29\xf7\xe6\x52\xe0\xf7\xeb\x39\xb8\x52\x74"
"\xd7\xc1\x94\xe2\x7b\x2c\x49\xb9\x6c\x09\xd1\x51\x39\x90\xac\xfb\x00\xc5\xf7\x3e\xa7\xd3\x5e\xea\x24\x8b\x78\x4a\x71\x5e\x29\x17"
"\x1f\xd8\x67\x14\xe3\xcd\xfc\x0e\x96\xbc\x7c\xd6\xb6\xa9\x9d\x81\xc2\x2a\x4c\xa5\x7b\xab\x28\x24\x6d\x3c\x1c\x98\x47\xbb\x5c\x98"
"\x34\xcd\x95\xde\x6f\x38\x1e\xe8\xa6\xd2\xd8\xd3\x96\xab\xb6\xfd\x70\xe3\x3b\x68\x43\xe7\x74\xe6\x97\x35\x96\xb1\xb4\x16\xa3\xab"
"\x9b\xbb\x75\xcb\x30\xd1\x52\x27\x62\xe3\xb6\x40\x5f\xa8\x33\x53\x59\x1c\x64\x50\x17\x4a\x57\x5e\xe2\x3f\xfe\xe0\x3a\x3a\x3d\xc1"
"\x11\x77\xa7\xf3\x19\x2b\xee\x13\xd4\x6f\xd8\x6c\xb6\xa4\x4e\x92\x37\x8e\x8b\x1f\xde\x6f\x6b\x9f\xbb\x6d\x1d\xe7\x26\x7e\x09\xd8"
"\x72\x85\x88\x2a\xb7\xb5\x28\xbb\xf3\x89\xcd\x1b\xf4\xb8\x12\xcf\x6d\x46\xa2\x50\xbc\x87\xc1\x37\x62\x6e\x09\x50\x86\xef\x82\x68"
"\x7c\xda\x54\x2c\x5d\x1d\x90\xf4\x9e\x04\xd1\x38\xfa\x09\xb9\x60\x68\xd8\x24\xd6\x5b\x93\x3b\xa8\x76\x42\x43\xff\x02\x4d\x5b\x9e"
"\x78\xd6\x5c\xde\x94\x21\x6c\x3e\x65\x2e\x36\xf0\x7d\x50\xa7\x4a\xe6\xc9\xf6\xfb\xa0\x73\x82\xd2\x75\x63\x9a\xc7\x4b\x89\x91\x74"
"\x05\x1e\x85\x8e\xb2\xd4\xaf\x22\x57\x49\x80\xd0\x95\x54\x69\x45\x31\xb8\x6e\xfd\x24\xb0\xe0\x7c\xf3\x72\xc0\xaf\x70\x46\x33\x48"
"\x02\xbd\xc5\x25\x45\x55\x40\xba\xaf\xfe\x28\x74\x97\x1b\x61\x31\xe3\x3e\xd8\xe1\x89\xe8\x6e\xd1\xd0\x33\x5a\x26\x6d\xc3\x04\x7a"
"\xc8\xe0\xa8\x15\x3e\x88\x27\x53\xe1\x17\x9a\x84\x87\x22\xa0\x56\xc9\xde\x85\x66\xf1\x20\xe3\x50\xd6\x7b\x0f\x8c\x28\xf4\x8c\xfb"
"\x52\xea\x03\x7b\x28\x86\xde\x85\x1f\x85\x5a\x20\x6d\xf0\x98\x32\x00\x47\x78\x71\x7d\x60\x0b\xf7\xb7\x79\xab\x12\xb6\x93\x9b\xf5"
"\x2b\xf5\xf2\x2d\x5c\xb2\x91\x5c\xaa\x9d\x53\xc9\x16\x8e\x6a\x8b\x3f\x28\xdf\xcb\x82\xf7\x3a\x3f\x0d\x1e\xb7\x8f\x87\xf0\x8c\x41"
"\x05\xb5\xc5\xe3\x4d\xb8\x77\xa8\x78\xda\xa7\x47\x1c\xe3\x9d\x0b\xa5\x51\xda\xe3\xd1\xd4\xfb\xb6\xc7\x34\x47\x23\x69\x86\x82\x0b"
"\xf7\x14\x5e\x7a\x22\x67\x4e\x66\xe1\xb9\x87\x7d\xd6\x6d\xf0\x06\x2d\xd8\x3a\xdb\xf1\x5d\x08\x5d\xa5\xf8\x1e\x44\xd6\x2c\xc3\xd3"
"\x1d\x9c\x48\x17\x5b\x55\x92\x0c\x06\xdb\xff\x00\x54\x8d\x08\x85\x03\x0b\x00\x00";
static const ArdAssetChunk Json0[] PROGMEM = {
  {Json0_0,sizeof(Json0_0)-1},
};
#else
static const char Json0_0[] PROGMEM =
"\x1f\x8b\x08\x00\x00\x00\x00\x00\x02\xff\x7d\x56\xdb\x6e\xe3\x36\x10\xfd\x95\x81\x9f\xb2\x40\xea\xb5\x7c\xcf\xf6\x21\xc8\xa5\xc1"
"\x1a\xc8\x26\xee\xda\xe9\xbe\x2c\x50\x30\x12\x15\x11\x91\x48\x55\xa4\x1c\x18\x82\x80\x7e\x4d\x7f\xa1\xef\xfd\x94\x7e\x49\x67\x28"
"\x8d\x2c\x7b\x83\xbe\x08\xe2\x0c\x45\xce\x39\x73\x66\x46\xd5\xa0\x54\xbf\x8f\x46\xc1\xe0\xd3\xe0\xab\x14\x91\xd2\x2f\x60\x9d\x70"
"\xa5\xfd\xf7\xcf\xbf\x06\xe7\x8d\x73\x8c\xce\x95\x8e\x0d\xaf\x67\xb8\xbe\x95\x3b\x15\x4a\xb6\xcc\x3b\x0b\x68\x91\x75\xe6\x05\x9a"
"\xaf\xd6\xde\x74\x0e\x89\xb1\x8e\xde\x40\xe8\x08\xbe\xfc\xba\xdd\xc2\xea\x76\x08\xf7\xd2\x39\x59\xd8\x73\x88\xd4\x8b\x72\xd6\x3b"
"\x93\x7d\x9e\x48\x6d\x7f\x86\x30\x11\xfa\x45\x5a\x28\x64\x68\xb4\x96\xa1\x1b\xf2\xc9\x4b\x3c\x79\x23\x76\xdd\x4d\x17\xb8\xbe\x13"
"\xa1\x33\xc5\x1e\x77\x5b\xe9\x5a\x47\x30\x42\xc7\x8d\xd0\xa1\x4c\xd9\x42\x50\xbf\xa9\x9f\xee\x14\xe0\xb6\x32\x67\x33\x81\xdc\x84"
"\x42\x83\x96\xee\xcd\x14\xaf\x96\x1d\x13\x02\xb1\x13\x2a\x15\xcf\xa9\xfc\xc1\x3b\xa5\xf3\x13\x63\x2c\xe2\x62\x27\xfb\x88\xa7\xcd"
"\x66\x75\xcb\xeb\x79\x77\x73\x2e\xac\xc5\x9d\x11\x7b\x88\xa8\x5f\xb2\xdc\xed\xe1\x55\xca\xdc\x82\x4b\x24\x58\x84\x17\x75\x3b\x21"
"\x36\x05\x9a\x95\xe5\x4b\x98\x8a\x80\xa8\xb8\x69\xe8\xf1\xec\xf5\x68\x09\x88\x96\x9b\x54\x8a\x02\xfc\xbd\xad\x79\x3c\x62\xb3\x6d"
"\xec\xfe\x3b\x4c\x7b\x81\x09\xb8\x5a\x0f\xe1\x11\xef\x2f\x88\x1e\x87\x7a\x20\xfa\x33\xa1\x34\x5f\x38\x0e\x9a\xac\xf6\xd9\x1b\x8f"
"\xdb\x4c\x37\xb1\xf5\x45\x30\x26\xfe\x1e\xe4\x1b\x1e\x7c\x0a\x7b\x3c\x7d\x07\x36\xef\x19\x42\xab\x1c\x44\x9e\xa6\xe6\xcd\x42\x4f"
"\x60\x43\xf8\xca\x92\x00\x11\xa3\x80\x58\x2a\x5d\x90\xb3\x56\x20\x78\x0a\x9b\x88\x7e\xaf\xbb\xa3\xc8\x89\xfa\xeb\xc2\xbc\xe2\x19"
"\x22\x8a\x50\x3b\x9c\xda\x09\x05\xbe\x36\x05\x4b\x69\x42\xd1\x3e\x59\x59\xf4\xc0\x4d\x66\x7c\xe6\x09\xb4\xc9\xfc\x7f\xa0\x1d\x72"
"\xf9\xec\x2f\xfe\x58\xe2\xa9\x43\x68\xb6\x37\x26\x2c\x07\x4b\x7a\xb3\xbe\x52\x18\xd5\x94\xa8\xbf\x53\x45\xf6\x26\x0a\x0e\x61\x4a"
"\x39\xfe\x4d\xa4\x25\x1b\x66\x14\xf7\x67\xd3\xc5\x38\x9b\xb6\xca\xd6\x98\xcc\x43\x55\xcf\x66\xbe\xe4\x91\x0b\x10\x69\xda\x25\xfb"
"\x92\xdd\xf3\x86\xc0\xe3\x6f\x16\x07\xad\x51\xa7\xf0\xe2\xe9\xb9\x97\xc7\x6e\x0a\xbd\xe7\x3d\x11\xe3\x65\x2f\x87\x3b\x25\x48\x78"
"\xed\xce\x39\x21\x80\x7f\xfe\x86\x6f\x42\xf9\x83\x88\xaf\x87\x2d\x27\x72\x3e\xed\xea\x28\xc6\xb2\x94\x28\x95\x9b\x44\x86\xaf\x40"
"\xb5\xf6\xb1\xd3\x0f\xef\x26\x9c\x67\x89\x8a\x22\xa9\x3f\xb0\xed\xfd\x7e\x35\xf7\xf0\x12\x95\x83\xdb\xe7\x9d\x71\xc9\xc6\xae\x90"
"\xe7\x17\x0d\xce\x58\xbd\x94\x05\xd6\x68\x9c\x0a\x9b\xb4\xbe\x05\xd5\xd6\x3a\xd9\x5b\x15\x8a\xf4\xd8\x43\xc9\xdb\x1a\x87\xe6\x44"
"\x0a\xd6\xdf\x82\x2a\xe7\x49\x0b\x6e\x30\x6c\x26\x0a\xee\x0a\x29\x8f\xf6\x12\xf0\xc7\xed\x15\xd8\x5c\x74\xbd\x77\x41\xf8\x9e\x72"
"\xa7\x3a\x18\x0b\x8f\x4e\xb8\xa6\xd3\xf6\x1d\x84\xef\x7d\x4e\x17\xbd\xd4\x49\x16\xf1\x82\x70\xde\x2a\x1b\x9e\xd8\x97\x84\xf1\xfe"
"\xea\x01\x56\xfc\xf9\xb2\xed\x09\x07\x03\xc1\xca\x4c\xa9\x7b\x5f\x11\x24\x6d\x1c\x9c\x98\xa7\x87\x5c\x98\x38\x4e\x95\x3e\xae\x6e"
"\x07\x34\x16\x34\x36\x90\xd5\xba\xad\x75\xee\x32\x27\x35\x7f\x41\x77\x7e\xde\x6e\xd7\x20\x8b\x02\xd1\x55\xcd\x20\xab\xd9\x4d\xb4"
"\x54\x91\xd8\xdb\x1a\xe8\x09\x55\x62\xca\x02\x17\x09\x54\x99\xd2\xa5\x93\xf8\x8e\x2f\xf8\x1d\xdd\x1e\xe1\x8a\x5b\xc1\xc5\x92\x15"
"\xf7\x09\xaa\x37\x15\xab\x9a\xd4\x49\xf2\xc6\x75\xf6\x87\x73\x75\xe5\x52\x5b\x57\x61\x6a\xc2\x57\xef\x5b\xad\xd1\xa3\xf2\xba\x12"
"\x79\x77\x3f\xb1\x79\x8f\x11\x97\xe2\xa5\xcd\x48\xe0\x8b\xf7\x14\x7c\x23\xe6\x96\x00\x65\xb8\xf1\x06\xb3\x51\x53\xb1\xd4\xa7\x21"
"\xea\xcd\xdf\x60\x16\xfc\xe0\xb9\x64\xd7\xb8\x49\xac\x2b\x4c\x6a\xa1\x3c\x08\x0d\xe3\xf3\x34\xd5\xbc\x71\xd2\x4c\x4a\xca\x10\x36"
"\x9f\x3c\x15\x7b\xf8\x3e\xa8\x62\x25\xd3\xa8\xfe\x3e\xe8\x82\xa0\x74\xdd\x9b\xe6\x4f\x21\x47\x24\x5d\x81\x07\xbe\xa3\xac\xf4\x4e"
"\xa4\x2a\xf2\x2e\x0c\x25\x56\x5a\x11\x06\xdb\x7d\x3f\xf7\x2c\x58\xd7\x8c\x69\x7c\x0a\x6b\x34\x3b\x49\xa0\x5f\xf0\x93\xac\xcc\x20"
"\x3e\x56\x7f\xe0\xbb\xcb\xbd\x28\x30\xe3\xce\xdb\xe1\x99\xe8\x6e\xbd\xbe\x67\xb4\x4c\x16\x0d\x13\x18\x21\x3b\xa7\xad\xf0\x41\x3c"
"\x9b\x12\x9f\xd0\x24\xdc\x17\x01\xb5\x4a\x8e\xce\x37\x8b\x8d\x0c\x7d\x59\x1f\x4d\xf3\xc0\xf7\x8c\xc7\x5c\xea\x13\xbb\x2f\x86\xde"
"\x74\x0d\x7c\x2d\x90\x36\x78\x4d\x19\x80\xb3\xed\xfd\xe6\x03\x5b\xb8\xbf\x5d\xb5\x2a\x61\x3b\x85\x59\xed\xa8\x97\xd7\x70\xcd\x46"
"\x0a\xa9\xb2\x56\x45\x35\x9c\x55\x05\xbe\xa0\x7c\xaf\x33\x3e\xeb\x62\xe4\x23\x6e\x27\xb5\xff\x67\x40\x05\xb5\xc5\xe3\x8c\x9f\x3b"
"\x54\x3c\xed\x9c\x0f\x43\x1c\x70\x90\x1b\xa5\x1d\x5e\x4d\xbd\xaf\x3e\xa7\x3d\x1a\x49\x33\x04\xce\xcf\x29\x1c\x7a\x22\x65\x4e\x96"
"\xfe\xdf\x0a\xfb\xac\xdd\x5b\x27\x33\xb6\x2e\x0f\x7c\x67\x42\x97\x31\xfe\x7c\x21\x6b\x05\xbb\x17\x07\x77\x24\x6d\x58\xa8\x9c\x64"
"\x30\xa8\xff\x03\x3d\x0c\xb6\x31\x70\x0a\x00\x00";
static const ArdAssetChunk Json0[] PROGMEM = {
  {Json0_0,sizeof(Json0_0)-1},
};
#endif
#endif
#elif !ARDPORTAL_ENABLE_OTA && !ARDPORTAL_ENABLE_MQTT && !ARDPORTAL_ENABLE_CONSOLE
#if ARDPORTAL_CONTROL_PROFILE_FULL
#if ARDPORTAL_ENABLE_MQTT_TLS
static const char Json0_0[] PROGMEM =
"\x1f\x8b\x08\x00\x00\x00\x00\x00\x02\xff\x75\x57\xeb\x6e\xdb\x36\x14\x7e\x15\x22\xc0\x80\x14\xc8\xb2\xc8\x77\x77\x3f\x8a\x34\x69"
"\x10\x0f\x69\xe2\xd5\x6e\xfb\xa7\xc0\xc0\x48\x94\x45\x44\x22\x35\x92\x8a\x61\x18\x06\xfa\x34\x7b\x85\xfd\xdf\xa3\xec\x49\x76\x0e"
"\xa9\x43\xc9\x69\xf6\xc7\x30\xbf\xc3\xcb\xb9\x7c\xe7\xa2\xfd\x49\x23\xff\xb8\xb8\x48\x4e\xde\x9e\x7c\x12\x3c\x93\x6a\xc3\xac\xe3"
"\xae\xb1\xff\x7e\xff\xeb\xe4\x2c\x08\x07\x20\x5c\xa8\x5c\xd3\x7a\x0c\xeb\x6b\xf1\x2c\x53\x41\xc8\x24\x22\x4c\xf1\x2a\xc2\x53\x80"
"\x2f\x97\x1e\x3a\x63\x85\xb6\x0e\xff\x31\xae\x32\xf6\xf1\xf7\xf5\x9a\x2d\xae\xcf\xd9\x9d\x70\x4e\x18\x7b\xc6\x32\xb9\x91\xce\x7a"
"\x61\xb1\xab\x0b\xa1\xec\xaf\x2c\x2d\xb8\xda\x08\xcb\x8c\x48\xb5\x52\x22\x75\xe7\x74\xf3\x0c\x6e\x5e\xf1\xe7\xf8\xd2\x1c\xd6\x37"
"\x3c\x75\xda\xec\x60\xb7\x15\xae\x15\x24\x17\x20\xb8\xe2\x2a\x15\x25\x21\x68\xea\x57\xf9\xf3\x8d\x64\xb0\xad\xa9\x09\x46\x23\x57"
"\x29\x57\x4c\x09\xb7\xd5\xe6\xc9\x92\x60\x88\x46\x3c\x73\x59\xf2\xc7\x52\xfc\x20\x1d\xe1\xfd\x85\xd6\x16\xec\x22\x21\xc9\xd0\x4f"
"\xab\xd5\xe2\x9a\xd6\x93\xf8\x72\xcd\xad\x85\x9d\x19\x49\xd0\x51\x1f\xaa\xda\xed\xd8\x93\x10\xb5\x65\xae\x10\xcc\x82\x79\x59\xdc"
"\xc9\x72\x6d\x00\x96\x96\x1e\x21\x57\x24\xe8\x8a\xab\xe0\x1e\xef\xbd\x9e\x5b\x12\x74\xcb\x55\x29\xb8\x61\xfe\xdd\x16\x1e\x5c\x10"
"\x6c\x03\xee\xcf\x41\xd8\x0d\x04\xe0\x72\x79\xce\x1e\xe0\x7d\x83\xee\x71\xc0\x07\x74\x7f\xc5\xa5\xa2\x07\x07\x49\x88\x6a\xdf\x7b"
"\x83\x41\x1b\xe9\xa0\x5b\x9f\x04\x03\xf4\xdf\xbd\xd8\xc2\xc5\x2f\xcd\x1e\x8c\x5e\x31\x9b\xf6\x9c\xb3\x96\x39\x60\x79\x59\xea\xad"
"\x65\x3d\x82\x9d\xb3\x4f\x44\x09\xc6\x73\x20\x10\x51\x25\x2a\x39\x6e\x09\x02\xb7\xb4\xd0\x08\xf5\xbe\x91\xa6\xda\x72\x43\xca\x8d"
"\xd0\x41\x5f\x78\xd9\x10\x30\x46\xd7\xac\x84\x22\x15\xc7\xa8\xfd\xad\x8e\xd6\x8c\x47\x2d\x4d\x14\x78\xa6\x4b\x91\xf1\xd8\xe7\x0f"
"\xb8\x84\xf1\xb2\x8c\x9e\x7b\x47\xe2\x49\xd0\xe6\xf8\xcc\xb4\x0b\x1c\xa6\x9d\x8f\x44\x4f\xfc\x22\x76\xef\x7a\x26\x3f\x4b\x8e\x71"
"\x6a\x77\x4e\x50\x47\xf6\xcf\xdf\xec\x2b\x97\xfe\x26\xa4\xca\xfd\x9a\xec\x9e\x8c\x22\xed\x72\x60\xb1\x00\xcf\x5e\x15\x22\x7d\x62"
"\x48\xcd\x5f\xa2\xbb\x69\x37\x5a\x72\x5a\xc8\x2c\x13\xea\x0d\x61\xaf\xa7\xf7\xc4\x1b\x50\xc8\x9a\xb9\x5d\x1d\xc1\x19\x81\x91\xf7"
"\x93\x79\x30\x34\x97\x9b\xc6\x00\xa5\xf3\x92\xdb\xa2\x95\x4d\xd1\xdf\xcb\x62\x67\x65\xca\xcb\x63\x09\x86\x6b\xad\x1d\xc0\x85\xe0"
"\x44\xb4\x29\x12\xed\xb3\xe2\x94\x8f\x04\xa3\x0b\x6e\x8c\x10\x47\x7b\xd1\xf0\x87\xf5\x25\xb3\x35\x8f\xa5\x6a\x8a\xf6\x7d\xae\x9d"
"\x8c\x66\x4c\xbd\x75\xdc\x85\xc2\xd4\x17\xa0\x7d\xaf\xfb\x74\xda\x4b\x3a\x41\x5c\x99\xa2\x9d\xd7\xd2\xa6\x2f\xf0\x19\xda\x78\x77"
"\x79\xcf\x16\x74\x7c\xd6\xa6\x50\x07\xa0\x59\x95\x6e\x54\xef\x14\x9a\xa4\xb4\x63\x2f\xe0\x51\x17\x0b\x9d\xe7\xa5\x54\xc7\xc9\xe0"
"\x18\x56\x51\x05\xf9\xb6\x58\xb6\xa9\x41\x49\xf9\x22\x45\xe6\xf8\xe6\xed\x7a\xbd\x64\xc2\x18\xb0\x6e\x1f\xea\xfe\x81\xc4\xe8\x96"
"\x7d\xc6\x77\xf6\xc0\xf0\x97\xed\x0b\xdd\x18\x58\x14\x6c\x5f\x49\xd5\x38\x01\xff\xe1\x0f\x9c\xc3\xd7\x33\x58\x51\x51\x9c\xcf\x88"
"\x71\x6f\xd9\x7e\x2b\x73\x79\x40\x76\x62\xc9\x87\x75\xf5\xa7\x73\x87\xbd\x2b\xed\x61\x9f\x96\x3a\x7d\xf2\xb2\xc5\x12\x24\xb2\x3e"
"\xec\x79\x1d\xdf\x47\x6f\xde\x81\xc6\x0d\xdf\xb4\x11\x49\x7c\x9b\x5a\x73\xb3\x81\x3c\x73\xa2\xaa\x85\x01\x8d\x4d\x94\xa2\x41\x57"
"\x8d\x31\x42\xbd\x2a\x46\x87\x7e\xd4\x59\x5c\x8f\x7c\xcf\x50\xe0\xe0\x0e\xc3\x90\x2f\xa1\x81\x58\x02\xd0\x94\x4b\x48\xd0\x67\x20"
"\x08\x61\xa8\xd9\xbd\x76\x60\x58\xca\x9d\xd4\xaa\xc5\x7d\xaf\x59\x7c\x62\x56\x6e\x14\xb0\xf6\xf4\xb7\xd5\xc3\xfd\x1b\x92\xa1\xe6"
"\x4b\xbd\x15\x86\x00\x54\xf6\xbd\x91\x9b\xc2\xa9\xee\x39\xdf\x6c\xae\x74\x09\x9e\x26\xc4\x17\x9c\x5a\x40\xde\x9c\xfe\x14\x6f\x43"
"\x12\x3f\xd8\x54\x96\xe5\x91\x02\x9e\xc9\xd2\x60\x41\xe9\x40\x34\xe9\xa1\x16\x71\xed\xa9\x5b\x42\xc3\x22\x00\xcd\x59\x39\xdd\xa6"
"\x4d\xe2\xbb\xc3\x52\x5b\x89\x97\xf4\x1e\xf5\x75\x7f\x2d\x4b\xd7\xc7\xd0\x8a\x3b\x88\x22\xad\x87\x3e\x3d\xcb\x1e\x82\xfa\x5f\x9a"
"\x0a\xda\x3f\x25\x56\xe2\x8b\x33\x62\x7c\xcb\x77\x84\x4d\x5a\x4c\xa1\x4b\x08\x9c\x86\x8c\xe2\xa6\x22\x04\xb5\x5f\x83\xdb\x36\x40"
"\x6c\x5e\xf6\x04\xf3\x8e\x1a\x45\x53\xc9\x4c\x42\x57\xe9\x14\x1d\x5e\xf8\x6a\xa2\x48\x85\x21\x1a\x73\xdd\x18\x1e\x8c\xb4\x71\x1f"
"\x1a\xf4\x45\x97\x4d\x54\x76\x38\x6c\xeb\x30\x39\x70\x88\x16\x2d\x79\x13\x1d\x38\x0c\xc5\x1f\xa8\xa6\x98\xd3\xec\x91\x77\x92\x49"
"\x70\x4f\xc7\x9d\xe1\x94\x6e\x83\xaa\xa4\xc9\xce\x61\x28\x27\x55\x85\x15\xe8\x88\x37\xc3\x10\x1c\xe8\xcc\x40\xd3\x2d\x14\xa2\x16"
"\x1f\x79\xae\x29\x48\x59\x68\x37\x4d\x9d\x75\x2f\xf8\x36\x77\x2d\x52\x23\x40\x8f\x57\xd2\x60\x14\xa6\xb9\xff\x97\xa3\xbd\x0f\x79"
"\x4e\x4b\xb4\xf6\x56\x70\x52\x75\x34\xf6\xaa\xea\x92\xd6\x3e\x6e\x8d\xd3\xb4\xf6\x21\x33\x14\xd6\xd1\xac\x4d\x32\xad\xca\x88\xcd"
"\x5f\x29\x61\xa1\x25\xb5\x65\x0c\x62\xd2\x56\xa9\xc4\x37\x64\xe8\xac\xde\x05\x59\x6f\xe8\x4c\xc6\xc9\x0f\x92\x77\x24\x1a\x84\xf2"
"\xec\x8c\x2e\x2d\x6b\xba\x76\x01\x55\xc6\x17\xbb\x03\x6d\x1c\x86\xf1\x10\xeb\x6c\x26\x6d\x5d\xf2\x1d\xfb\x76\xb2\xcf\xa5\x28\xb3"
"\xc3\xb7\x93\xa8\xc4\xc8\xc7\x31\x8c\xc7\x35\xd4\xa3\xd8\xa6\x13\xdf\xf9\x17\xea\x99\x97\x32\xf3\x22\x50\x25\x97\xca\x27\x8f\x8d"
"\xe7\x3d\x0f\xb8\x75\x61\x36\x65\xe8\xfb\x98\xa0\x7e\x0e\xf8\x08\x47\xaa\xa6\x62\xf9\x71\x0f\x4b\xc6\x33\x7f\x12\x68\x0d\x87\x11"
"\x67\x8f\xbd\xe4\x0a\x33\x42\x5b\xf1\x88\xf5\xad\x6c\x72\x41\x95\x8b\x1c\x36\x49\xbc\xaa\xfc\x08\x0b\xfd\xf4\x49\xe9\xad\xf2\x83"
"\x7f\x14\x0c\xbb\x20\x99\xe0\xe4\x8e\x7d\x61\xa4\x80\xce\xc8\xf8\xa3\x6e\xe0\x97\x85\x8e\xe0\xbb\x24\x4e\x4b\x64\xb8\x9f\x26\x56"
"\x22\xf5\x7d\xff\x68\x3a\x4e\xfc\x50\x81\x75\xe9\x25\x8e\xee\x58\x64\x65\x54\x64\xd6\x12\xb0\xf7\xfc\xbc\xe5\x60\x07\xf9\x39\x02"
"\x68\xd7\x43\x92\xc0\x3c\x5a\x0e\x42\x65\x2f\x8e\x6e\x9a\x06\x2b\x73\x03\xdf\x26\x3d\x74\xe4\x0b\xbc\xa9\x38\xb1\xdc\x4f\x0d\x1f"
"\x52\x22\xb9\x1f\x19\x3e\x94\xc0\x54\x23\x53\xc2\x7c\xeb\x10\x26\xc7\x73\x2a\xb2\x74\x4a\xea\xb3\xba\xa9\x28\xaa\x7e\x52\xb8\x85"
"\x42\x07\x64\xc1\x9c\x6f\x61\x3f\x28\xf4\x06\xf5\xc4\xcf\x09\xd8\x37\x69\x8d\x46\xb0\xd3\xf5\xdd\x8a\xea\xc3\x8c\x66\xbf\xcb\xb6"
"\x83\x12\x8e\x26\xec\x9f\x71\xb2\x3d\xb0\xf7\x04\xa2\x15\x7b\x6b\x65\x76\x60\xa7\x7b\x03\x7f\xa0\xb5\xbf\xaf\xe2\x5d\x93\x1e\x95"
"\xb1\x08\x51\x14\xe7\x61\x28\x6e\xbf\x06\xfc\x77\x09\x24\x6c\x3b\x71\x40\xc5\xc3\xb1\x1d\x27\x8e\xf6\x5b\x22\x4d\xa1\xa1\xb1\x5a"
"\x4b\xe5\x40\x27\x1c\x18\x0f\x67\xb8\x47\x01\x91\x34\x06\xdc\x8f\xf9\xda\x40\xed\xa2\x17\x66\xfe\xfb\x0d\x86\x53\xbb\xb3\x50\x92"
"\x08\x9d\x75\x1c\x04\x37\x35\x39\x50\x17\x98\x44\xad\x71\x36\xed\xc4\x99\xb0\xa9\x91\xb5\xef\x7b\x87\xff\x00\x03\xeb\xce\xcd\xd4"
"\x0e\x00\x00";
static const ArdAssetChunk Json0[] PROGMEM = {
  {Json0_0,sizeof(Json0_0)-1},
};
#else
static const char Json0_0[] PROGMEM =
"\x1f\x8b\x08\x00\x00\x00\x00\x00\x02\xff\x75\x57\xeb\x6e\xdb\x36\x14\x7e\x15\x22\xc0\x80\x14\xc8\xb2\xc8\x77\x77\x3f\x8a\x34\x69"
"\x10\x0f\x69\xe2\xd5\x6e\xfb\xa7\xc0\xc0\x48\x94\x45\x44\x22\x35\x92\x8a\x61\x18\x06\xfa\x34\x7b\x85\xfd\xdf\xa3\xec\x49\x76\x0e"
"\xa9\x43\xc9\x69\xf6\xc7\x30\xbf\xc3\xcb\xb9\x7c\xe7\xa2\xfd\x49\x23\xff\xb8\xb8\x48\x4e\xde\x9e\x7c\x12\x3c\x93\x6a\xc3\xac\xe3"
"\xae\xb1\xff\x7e\xff\xeb\xe4\x2c\x08\x07\x20\x5c\xa8\x5c\xd3\x7a\x0c\xeb\x6b\xf1\x2c\x53\x41\xc8\x24\x22\x4c\xf1\x2a\xc2\x53\x80"
"\x2f\x97\x1e\x3a\x63\x85\xb6\x0e\xff\x31\xae\x32\xf6\xf1\xf7\xf5\x9a\x2d\xae\xcf\xd9\x9d\x70\x4e\x18\x7b\xc6\x32\xb9\x91\xce\x7a"
"\x61\xb1\xab\x0b\xa1\xec\xaf\x2c\x2d\xb8\xda\x08\xcb\x8c\x48\xb5\x52\x22\x75\xe7\x74\xf3\x0c\x6e\x5e\xf1\xe7\xf8\xd2\x1c\xd6\x37"
"\x3c\x75\xda\xec\x60\xb7\x15\xae\x15\x24\x17\x20\xb8\xe2\x2a\x15\x25\x21\x68\xea\x57\xf9\xf3\x8d\x64\xb0\xad\xa9\x09\x46\x23\x57"
"\x29\x57\x4c\x09\xb7\xd5\xe6\xc9\x92\x60\x88\x46\x3c\x73\x59\xf2\xc7\x52\xfc\x20\x1d\xe1\xfd\x85\xd6\x16\xec\x22\x21\xc9\xd0\x4f"
"\xab\xd5\xe2\x9a\xd6\x93\xf8\x72\xcd\xad\x85\x9d\x19\x49\xd0\x51\x1f\xaa\xda\xed\xd8\x93\x10\xb5\x65\xae\x10\xcc\x82\x79\x59\xdc"
"\xc9\x72\x6d\x00\x96\x96\x1e\x21\x57\x24\xe8\x8a\xab\xe0\x1e\xef\xbd\x9e\x5b\x12\x74\xcb\x55\x29\xb8\x61\xfe\xdd\x16\x1e\x5c\x10"
"\x6c\x03\xee\xcf\x41\xd8\x0d\x04\xe0\x72\x79\xce\x1e\xe0\x7d\x83\xee\x71\xc0\x07\x74\x7f\xc5\xa5\xa2\x07\x07\x49\x88\x6a\xdf\x7b"
"\x83\x41\x1b\xe9\xa0\x5b\x9f\x04\x03\xf4\xdf\xbd\xd8\xc2\xc5\x2f\xcd\x1e\x8c\x5e\x31\x9b\xf6\x9c\xb3\x96\x39\x60\x79\x59\xea\xad"
"\x65\x3d\x82\x9d\xb3\x4f\x44\x09\xc6\x73\x20\x10\x51\x25\x2a\x39\x6e\x09\x02\xb7\xb4\xd0\x08\xf5\xbe\x91\xa6\xda\x72\x43\xca\x8d"
"\xd0\x41\x5f\x78\xd9\x10\x30\x46\xd7\xac\x84\x22\x15\xc7\xa8\xfd\xad\x8e\xd6\x8c\x47\x2d\x4d\x14\x78\xa6\x4b\x91\xf1\xd8\xe7\x0f"
"\xb8\x84\xf1\xb2\x8c\x9e\x7b\x47\xe2\x49\xd0\xe6\xf8\xcc\xb4\x0b\x1c\xa6\x9d\x8f\x44\x4f\xfc\x22\x76\xef\x7a\x26\x3f\x4b\x8e\x71"
"\x6a\x77\x4e\x50\x47\xf6\xcf\xdf\xec\x2b\x97\xfe\x26\xa4\xca\xfd\x9a\xec\x9e\x8c\x22\xed\x72\x60\xb1\x00\xcf\x5e\x15\x22\x7d\x62"
"\x48\xcd\x5f\xa2\xbb\x69\x37\x5a\x72\x5a\xc8\x2c\x13\xea\x0d\x61\xaf\xa7\xf7\xc4\x1b\x50\xc8\x9a\xb9\x5d\x1d\xc1\x19\x81\x91\xf7"
"\x93\x79\x30\x34\x97\x9b\xc6\x00\xa5\xf3\x92\xdb\xa2\x95\x4d\xd1\xdf\xcb\x62\x67\x65\xca\xcb\x63\x09\x86\x6b\xad\x1d\xc0\x85\xe0"
"\x44\xb4\x29\x12\xed\xb3\xe2\x94\x8f\x04\xa3\x0b\x6e\x8c\x10\x47\x7b\xd1\xf0\x87\xf5\x25\xb3\x35\x8f\xa5\x6a\x8a\xf6\x7d\xae\x9d"
"\x8c\x66\x4c\xbd\x75\xdc\x85\xc2\xd4\x17\xa0\x7d\xaf\xfb\x74\xda\x4b\x3a\x41\x5c\x99\xa2\x9d\xd7\xd2\xa6\x2f\xf0\x19\xda\x78\x77"
"\x79\xcf\x16\x74\x7c\xd6\xa6\x50\x07\xa0\x59\x95\x6e\x54\xef\x14\x9a\xa4\xb4\x63\x2f\xe0\x51\x17\x0b\x9d\xe7\xa5\x54\xc7\xc9\xe0"
"\x18\x56\x51\x05\xf9\xb6\x58\xb6\xa9\x41\x49\xf9\x22\x45\xe6\xf8\xe6\xed\x7a\xbd\x64\xc2\x18\xb0\x6e\x1f\xea\xfe\x81\xc4\xe8\x96"
"\x7d\xc6\x77\xf6\xc0\xf0\x97\xed\x0b\xdd\x18\x58\x14\x6c\x5f\x49\xd5\x38\x01\xff\xe1\x0f\x9c\xc3\xd7\x33\x58\x51\x51\x9c\xcf\x88"
"\x71\x6f\xd9\x7e\x2b\x73\x79\x40\x76\x62\xc9\x87\x75\xf5\xa7\x73\x87\xbd\x2b\xed\x61\x9f\x96\x3a\x7d\xf2\xb2\xc5\x12\x24\xb2\x3e"
"\xec\x79\x1d\xdf\x47\x6f\xde\x81\xc6\x0d\xdf\xb4\x11\x49\x7c\x9b\x5a\x73\xb3\x81\x3c\x73\xa2\xaa\x85\x01\x8d\x4d\x94\xa2\x41\x57"
"\x8d\x31\x42\xbd\x2a\x46\x87\x7e\xd4\x59\x5c\x8f\x7c\xcf\x50\xe0\xe0\x0e\xc3\x90\x2f\xa1\x81\x58\x02\xd0\x94\x4b\x48\xd0\x67\x20"
"\x08\x61\xa8\xd9\xbd\x76\x60\x58\xca\x9d\xd4\xaa\xc5\x7d\xaf\x59\x7c\x62\x56\x6e\x14\xb0\xf6\xf4\xb7\xd5\xc3\xfd\x1b\x92\xa1\xe6"
"\x4b\xbd\x15\x86\x00\x54\xf6\xbd\x91\x9b\xc2\xa9\xee\x39\xdf\x6c\xae\x74\x09\x9e\x26\xc4\x17\x9c\x5a\x40\xde\x9c\xfe\x14\x6f\x43"
"\x12\x3f\xd8\x54\x96\xe5\x91\x02\x9e\xc9\xd2\x60\x41\xe9\x40\x34\xe9\xa1\x16\x71\xed\xa9\x5b\x42\xc3\x22\x00\xcd\x59\x39\xdd\xa6"
"\x4d\xe2\xbb\xc3\x52\x5b\x89\x97\xf4\x1e\xf5\x75\x7f\x2d\x4b\xd7\xc7\xd0\x8a\x3b\x88\x22\xad\x87\x3e\x3d\xcb\x1e\x82\xfa\x5f\x9a"
"\x0a\xda\x3f\x25\x56\xe2\x8b\x33\x62\x7c\xcb\x77\x84\x4d\x5a\x4c\xa1\x4b\x08\x9c\x86\x8c\xe2\xa6\x22\x04\xb5\x5f\x83\xdb\x36\x40"
"\x6c\x5e\xf6\x04\xf3\x8e\x1a\x45\x53\xc9\x4c\x42\x57\xe9\x14\x1d\x5e\xf8\x6a\xa2\x48\x85\x21\x1a\x73\xdd\x18\x1e\x8c\xb4\x71\x1f"
"\x1a\xf4\x45\x97\x4d\x54\x76\x38\x6c\xeb\x30\x39\x70\x88\x16\x2d\x79\x13\x1d\x38\x0c\xc5\x1f\xa8\xa6\x98\xd3\xec\x91\x77\x92\x49"
"\x70\x4f\xc7\x9d\xe1\x94\x6e\x83\xaa\xa4\xc9\xce\x61\x28\x27\x55\x85\x15\xe8\x88\x37\xc3\x10\x1c\xe8\xcc\x40\xd3\x2d\x14\xa2\x16"
"\x1f\x79\xae\x29\x48\x59\x68\x37\x4d\x9d\x75\x2f\xf8\x36\x77\x2d\x52\x23\x40\x8f\x57\xd2\x60\x14\xa6\xb9\xff\x97\xa3\xbd\x0f\x79"
"\x4e\x4b\xb4\xf6\x56\x70\x52\x75\x34\xf6\xaa\xea\x92\xd6\x3e\x6e\x8d\xd3\xb4\xf6\x21\x33\x14\xd6\xd1\xac\x4d\x32\xad\xca\x88\xcd"
"\x5f\x29\x61\xa1\x25\xb5\x65\x0c\x62\xd2\x56\xa9\xc4\x37\x64\xe8\xac\xde\x05\x59\x6f\xe8\x4c\xc6\xc9\x0f\x92\x77\x24\x1a\x84\xf2"
"\xec\x8c\x2e\x2d\x6b\xba\x76\x01\x55\xc6\x17\xbb\x03\x6d\x1c\x86\xf1\x10\xeb\x6c\x26\x6d\x5d\xf2\x1d\xfb\x76\xb2\xcf\xa5\x28\xb3"
"\xc3\xb7\x93\xa8\xc4\xc8\xc7\x31\x8c\xc7\x35\xd4\xa3\xd8\xa6\x13\xdf\xf9\x17\xea\x99\x97\x32\xf3\x22\x50\x25\x97\xca\x27\x8f\x8d"
"\xe7\x3d\x0f\xb8\x75\x61\x36\x65\xe8\xfb\x98\xa0\x7e\x0e\xf8\x08\x47\xaa\xa6\x62\xf9\x71\x0f\x4b\xc6\x33\x7f\x12\x68\x0d\x87\x11"
"\x67\x8f\xbd\xe4\x0a\x33\x42\x5b\xf1\x88\xf5\xad\x6c\x72\x41\x95\x8b\x1c\x36\x49\xbc\xaa\xfc\x08\x0b\xfd\xf4\x49\xe9\xad\xf2\x83"
"\x7f\x14\x0c\xbb\x20\x99\xe0\xe4\x8e\x7d\x61\xa4\x80\xce\xc8\xf8\xa3\x6e\xe0\x97\x85\x8e\xe0\xbb\x24\x4e\x4b\x64\xb8\x9f\x26\x56"
"\x22\xf5\x7d\xff\x68\x3a\x4e\xfc\x50\x81\x75\xe9\x25\x8e\xee\x58\x64\x65\x54\x64\xd6\x12\xb0\xf7\xfc\xbc\xe5\x60\x07\xf9\x39\x02"
"\x68\xd7\x43\x92\xc0\x3c\x5a\x0e\x42\x65\x2f\x8e\x6e\x9a\x06\x2b\x73\x03\xdf\x26\x3d\x74\xe4\x0b\xbc\xa9\x38\xb1\xdc\x4f\x0d\x1f"
"\x52\x22\xb9\x1f\x19\x3e\x94\xc0\x54\x23\x53\xc2\x7c\xeb\x10\x26\xc7\x73\x2a\xb2\x74\x4a\xea\xb3\xba\xa9\x28\xaa\x7e\x52\xb8\x85"
"\x42\x07\x64\xc1\x9c\x6f\x61\x3f\x28\xf4\x06\xf5\xc4\xcf\x09\xd8\x37\x69\x8d\x46\xb0\xd3\xf5\xdd\x8a\xea\xc3\x8c\x66\xbf\xcb\xb6"
"\x83\x12\x8e\x26\xec\x9f\x71\xb2\x3d\xb0\xf7\x04\xa2\x15\x7b\x6b\x65\x76\x60\xa7\x7b\x03\x7f\xa0\xb5\xbf\xaf\xe2\x5d\x93\x1e\x95"
"\xb1\x08\x51\x14\xe7\x61\x28\x6e\xbf\x06\xfc\x77\x09\x24\x6c\x3b\x71\x40\xc5\xc3\xb1\x1d\x27\x8e\xf6\x5b\x22\x4d\xa1\xa1\xb1\x5a"
"\x4b\xe5\x40\x27\x1c\x18\x0f\x67\xb8\x47\x01\x91\x34\x06\xdc\x8f\xf9\xda\x40\xed\xa2\x17\x66\xfe\xfb\x0d\x86\x53\xbb\xb3\x50\x92"
"\x08\x9d\x75\x1c\x04\x37\x35\x39\x50\x17\x98\x44\xad\x71\x36\xed\xc4\x99\xb0\xa9\x91\xb5\xef\x7b\x87\xff\x00\x03\xeb\xce\xcd\xd4"
"\x0e\x00\x00";
static const ArdAssetChunk Json0[] PROGMEM = {
  {Json0_0,sizeof(Json0_0)-1},
};
#endif
#else
#if ARDPORTAL_ENABLE_MQTT_TLS
static const char Json0_0[] PROGMEM =
"\x1f\x8b\x08\x00\x00\x00\x00\x00\x02\xff\x6d\x56\xdb\x6e\xe3\x36\x10\xfd\x95\x81\x9f\xb2\x40\x9a\x5a\x5e\xdf\xb2\x7d\x08\xb2\x49"
"\x83\x35\x90\x4d\xdc\xb5\xb7\xfb\xb2\x40\xc1\x48\x54\x44\x44\x22\x55\x92\x72\x60\x08\x02\xfa\x35\xfd\x85\xbe\xf7\x53\xfa\x25\x9d"
"\xa1\x34\xb2\xec\xcd\x8b\x21\x9d\x21\xc5\x39\x67\xce\x0c\x5d\x8f\x2a\xf5\xc7\x78\x1c\x8d\x3e\x8c\xbe\x48\x91\x28\xfd\x0c\xce\x0b"
"\x5f\xb9\xff\xfe\xfa\x7b\x74\xde\x06\x27\x18\x5c\xe9\xd4\xf0\xfb\x0c\xdf\x6f\xe5\x4e\xc5\x92\x91\x79\x8f\x80\x16\x45\x0f\x2f\x10"
"\xbe\x5e\x07\xe8\x1c\x32\xe3\x3c\x3d\x81\xd0\x09\x7c\xfe\x6d\xbb\x85\xd5\xed\x05\xdc\x4b\xef\xa5\x75\xe7\x90\xa8\x67\xe5\x5d\x08"
"\x66\xfb\x32\x93\xda\xfd\x02\x71\x26\xf4\xb3\x74\x60\x65\x6c\xb4\x96\xb1\xbf\xe0\x2f\x2f\xf1\xcb\x1b\xb1\xeb\x4f\xba\xc4\xf7\x3b"
"\x11\x7b\x63\xf7\xb8\xda\x49\xdf\x05\xa2\x31\x06\x6e\x84\x8e\x65\xce\x08\x51\xfd\xa6\x7e\xba\x53\x80\xcb\xaa\x92\x61\x22\xb9\x89"
"\x85\x06\x2d\xfd\xab\xb1\x2f\x8e\x03\xef\x89\xc4\x4e\xa8\x5c\x3c\xe5\xf2\x87\xe8\x94\xbe\x9f\x19\xe3\x90\x17\x07\x39\x46\x3a\x6d"
"\x36\xab\x5b\x7e\x9f\xf7\x27\x97\xc2\x39\x5c\x99\x70\x84\x84\xfa\xb5\x28\xfd\x1e\x5e\xa4\x2c\x1d\xf8\x4c\x82\x43\x7a\x49\xbf\x12"
"\x52\x63\x11\x56\x8e\x0f\x61\x29\x22\x92\xe2\xa6\x95\x27\xa8\x37\x90\x25\x22\x59\x6e\x72\x29\x2c\x84\x73\x3b\x78\x32\x66\xd8\xb5"
"\x78\xd8\x87\x65\xb7\x58\x80\xeb\xf5\x05\x3c\xe2\xf9\x96\xe4\xf1\xe8\x07\x92\xbf\x10\x4a\xf3\x81\x93\xa8\xad\xea\x50\xbd\xc9\xa4"
"\xab\x74\x9b\xdb\xd0\x04\x13\xd2\xef\x41\xbe\xe2\x87\x4f\x69\x4f\xa6\x6f\xd0\xe6\x35\x17\xd0\x39\x07\x99\xe7\xb9\x79\x75\x30\x30"
"\xd8\x05\x7c\x61\x4b\x80\x48\xd1\x40\x6c\x95\x3e\xc9\x59\x67\x10\xfc\x4a\x07\x4d\x29\xef\x3b\x65\x8b\x57\x61\x39\xb9\x29\x09\xf4"
"\xbb\xc8\x2b\x06\x66\x94\xed\x27\xd3\x67\x3f\x9b\x76\xb6\xd0\xa8\xc4\xa1\x25\x66\xb3\xd0\x2f\x28\x01\x88\x3c\xef\x95\xba\xe2\xf0"
"\xbc\x3d\xfd\x78\xcf\xe2\x50\x28\x6a\xb3\xa0\xfc\x20\x7c\x52\xab\xab\x01\xc5\x9d\x12\x54\x97\x6e\xe5\x9c\x72\x84\x7f\xff\x81\x6f"
"\x42\x85\x2f\x91\x35\x1e\xb6\xcc\x73\x3e\xed\x6d\x96\xa2\x6b\x25\x2a\x79\x93\xc9\xf8\x05\xc8\x8a\x3f\xf7\xf2\xf2\x6a\x62\x72\x96"
"\xa9\x24\x91\xfa\x1d\x63\x6f\xb7\xf3\x3c\x10\xc8\x54\x09\x7e\x5f\xf6\xe0\x92\xc1\xde\xe7\xf3\xcb\x96\x68\xaa\x9e\x2b\x8b\x16\x4e"
"\x73\xe1\xb2\x2e\xb6\x20\xeb\xad\xb3\xbd\x53\xb1\xc8\x8f\x23\x54\x9e\xad\xf1\x08\x67\x52\xb0\xb1\x16\x64\xac\xaf\x5a\x70\xff\x31"
"\x4c\x12\xdc\x59\x29\x8f\xd6\x12\xf1\xc7\xed\x35\xb8\x52\xf4\xa3\x69\x41\xfc\xbe\x96\x5e\xf5\x34\x16\x81\x9d\xf0\xed\x20\x1a\x06"
"\x88\xdf\xdb\x9a\x2e\x06\x4d\x26\xd9\xbe\x0b\xe2\x79\xab\x5c\x7c\x82\x2f\x89\xe3\xfd\xf5\x03\xac\x78\xfb\xb2\x6b\x99\x03\x40\xb4"
"\x0a\x53\xe9\xc1\x2e\xa2\xa4\x8d\x87\x13\x78\x7a\xa8\x85\x49\xd3\x5c\xe9\x63\xf3\x7b\xa0\xa9\xa9\xb1\xbf\x56\xeb\xae\x15\xb8\x09"
"\x4f\x5a\xe2\x92\xce\xfc\xb4\xdd\xae\x41\x5a\x8b\xec\xea\x76\xce\x37\x1c\x26\x59\xea\x44\xec\x5d\x03\xf4\x0b\x75\x66\x2a\x8b\x2f"
"\x19\xd4\x85\xd2\x95\x97\xf8\x8c\x0f\xb8\x8f\x4e\x4f\xf0\x8d\x87\xe0\xe5\x92\x1d\xf7\x01\xea\x57\x95\xaa\x86\xdc\x49\x23\x1e\xdf"
"\x8b\x3f\xbd\x6f\x6a\x9f\xbb\xa6\x8e\x73\x13\xbf\x84\xd8\x6a\x8d\x11\x55\x36\xb5\x28\xfb\xf3\x49\xcd\x7b\xcc\xb8\x12\xcf\x5d\x45"
"\xa2\xd0\x9e\xa7\xe4\x5b\x33\x77\x02\x28\xc3\x73\x29\x9a\x8d\xdb\x9e\xa4\x31\x06\xc9\xe0\x7a\x8a\x66\xd1\x0f\x91\x2b\x0e\x4d\xda"
"\xc2\x7a\x6b\x72\x07\xd5\xc1\x68\x98\x5f\x90\xa9\xe1\x85\xef\xdb\x8b\x84\x2a\x94\x28\x57\xe6\x62\x0f\xdf\x47\x75\xaa\x64\x9e\x34"
"\xdf\x47\x7d\x12\x54\xae\x7b\xd3\x5e\xa4\x25\x32\xe9\x1b\x3c\x0a\x33\x63\xa5\x77\x22\x57\x49\x08\x61\x2a\xa9\xd2\x8a\x38\xb8\x7e"
"\xff\x3c\xa8\xe0\x7c\x7b\x8b\xe1\xaf\x70\x46\x73\x90\x0c\xfa\x19\xb7\x14\x55\x01\xe9\xb1\xfb\xa3\xd9\x32\xec\xb4\x58\x71\x1f\x70"
"\x78\x22\xb9\xbb\x68\x98\x19\x9d\x92\xb6\x55\x02\x33\xe4\xe0\xb4\x33\x3e\x88\x27\x53\xe1\x2f\xb4\x05\x0f\x4d\x40\xc3\x90\xb3\x0b"
"\xc3\x62\x23\xe3\xd0\xd6\x47\x97\x5d\x14\x66\xc6\x63\x29\xf5\x09\x1e\x9a\x61\x70\xf9\x44\xa1\x17\xc8\x1b\xfc\x4e\x15\x80\xb3\xed"
"\xfd\xe6\x1d\x23\x3c\xdf\xae\x3b\x97\x30\x4e\x69\xd6\x3b\x9a\xd6\x0d\x7c\x64\x90\x52\xaa\x9d\x53\x49\x03\x67\xb5\xc5\x07\xb4\xef"
"\xc7\x82\xbf\x75\x39\x0e\x19\x77\x17\x59\xb8\x52\xd1\x41\x5d\xf3\x78\x13\x6e\x1c\x6a\x9e\xee\x1a\x8c\x63\xe9\x1c\x94\x46\x69\x8f"
"\x47\xd3\xec\x6b\xce\x69\x8d\x46\xd1\x0c\x91\x0b\x37\x94\xb1\x38\xa5\x58\x93\x65\xf8\xeb\x81\x73\xd6\xed\x9d\x97\x05\xa3\xcb\x83"
"\xde\x85\xd0\x55\x8a\xff\x4d\x50\x35\xcb\xe1\xc5\x21\x9c\x48\x17\x5b\x55\x92\x0d\x46\xcd\xff\xe9\x7f\xf7\xcc\x8f\x09\x00\x00";
static const ArdAssetChunk Json0[] PROGMEM = {
  {Json0_0,sizeof(Json0_0)-1},
};
#else
static const char Json0_0[] PROGMEM =
"\x1f\x8b\x08\x00\x00\x00\x00\x00\x02\xff\x6d\x56\xdb\x6e\xe3\x36\x10\xfd\x95\x81\x9f\xb2\x40\x9a\x5a\x5e\xdf\xb2\x7d\x08\xb2\x49"
"\x83\x35\x90\x4d\xdc\xb5\xb7\xfb\xb2\x40\xc1\x48\x54\x44\x44\x22\x55\x92\x72\x60\x08\x02\xfa\x35\xfd\x85\xbe\xf7\x53\xfa\x25\x9d"
"\xa1\x34\xb2\xec\xcd\x8b\x21\x9d\x21\xc5\x39\x67\xce\x0c\x5d\x8f\x2a\xf5\xc7\x78\x1c\x8d\x3e\x8c\xbe\x48\x91\x28\xfd\x0c\xce\x0b"
"\x5f\xb9\xff\xfe\xfa\x7b\x74\xde\x06\x27\x18\x5c\xe9\xd4\xf0\xfb\x0c\xdf\x6f\xe5\x4e\xc5\x92\x91\x79\x8f\x80\x16\x45\x0f\x2f\x10"
"\xbe\x5e\x07\xe8\x1c\x32\xe3\x3c\x3d\x81\xd0\x09\x7c\xfe\x6d\xbb\x85\xd5\xed\x05\xdc\x4b\xef\xa5\x75\xe7\x90\xa8\x67\xe5\x5d\x08"
"\x66\xfb\x32\x93\xda\xfd\x02\x71\x26\xf4\xb3\x74\x60\x65\x6c\xb4\x96\xb1\xbf\xe0\x2f\x2f\xf1\xcb\x1b\xb1\xeb\x4f\xba\xc4\xf7\x3b"
"\x11\x7b\x63\xf7\xb8\xda\x49\xdf\x05\xa2\x31\x06\x6e\x84\x8e\x65\xce\x08\x51\xfd\xa6\x7e\xba\x53\x80\xcb\xaa\x92\x61\x22\xb9\x89"
"\x85\x06\x2d\xfd\xab\xb1\x2f\x8e\x03\xef\x89\xc4\x4e\xa8\x5c\x3c\xe5\xf2\x87\xe8\x94\xbe\x9f\x19\xe3\x90\x17\x07\x39\x46\x3a\x6d"
"\x36\xab\x5b\x7e\x9f\xf7\x27\x97\xc2\x39\x5c\x99\x70\x84\x84\xfa\xb5\x28\xfd\x1e\x5e\xa4\x2c\x1d\xf8\x4c\x82\x43\x7a\x49\xbf\x12"
"\x52\x63\x11\x56\x8e\x0f\x61\x29\x22\x92\xe2\xa6\x95\x27\xa8\x37\x90\x25\x22\x59\x6e\x72\x29\x2c\x84\x73\x3b\x78\x32\x66\xd8\xb5"
"\x78\xd8\x87\x65\xb7\x58\x80\xeb\xf5\x05\x3c\xe2\xf9\x96\xe4\xf1\xe8\x07\x92\xbf\x10\x4a\xf3\x81\x93\xa8\xad\xea\x50\xbd\xc9\xa4"
"\xab\x74\x9b\xdb\xd0\x04\x13\xd2\xef\x41\xbe\xe2\x87\x4f\x69\x4f\xa6\x6f\xd0\xe6\x35\x17\xd0\x39\x07\x99\xe7\xb9\x79\x75\x30\x30"
"\xd8\x05\x7c\x61\x4b\x80\x48\xd1\x40\x6c\x95\x3e\xc9\x59\x67\x10\xfc\x4a\x07\x4d\x29\xef\x3b\x65\x8b\x57\x61\x39\xb9\x29\x09\xf4"
"\xbb\xc8\x2b\x06\x66\x94\xed\x27\xd3\x67\x3f\x9b\x76\xb6\xd0\xa8\xc4\xa1\x25\x66\xb3\xd0\x2f\x28\x01\x88\x3c\xef\x95\xba\xe2\xf0"
"\xbc\x3d\xfd\x78\xcf\xe2\x50\x28\x6a\xb3\xa0\xfc\x20\x7c\x52\xab\xab\x01\xc5\x9d\x12\x54\x97\x6e\xe5\x9c\x72\x84\x7f\xff\x81\x6f"
"\x42\x85\x2f\x91\x35\x1e\xb6\xcc\x73\x3e\xed\x6d\x96\xa2\x6b\x25\x2a\x79\x93\xc9\xf8\x05\xc8\x8a\x3f\xf7\xf2\xf2\x6a\x62\x72\x96"
"\xa9\x24\x91\xfa\x1d\x63\x6f\xb7\xf3\x3c\x10\xc8\x54\x09\x7e\x5f\xf6\xe0\x92\xc1\xde\xe7\xf3\xcb\x96\x68\xaa\x9e\x2b\x8b\x16\x4e"
"\x73\xe1\xb2\x2e\xb6\x20\xeb\xad\xb3\xbd\x53\xb1\xc8\x8f\x23\x54\x9e\xad\xf1\x08\x67\x52\xb0\xb1\x16\x64\xac\xaf\x5a\x70\xff\x31"
"\x4c\x12\xdc\x59\x29\x8f\xd6\x12\xf1\xc7\xed\x35\xb8\x52\xf4\xa3\x69\x41\xfc\xbe\x96\x5e\xf5\x34\x16\x81\x9d\xf0\xed\x20\x1a\x06"
"\x88\xdf\xdb\x9a\x2e\x06\x4d\x26\xd9\xbe\x0b\xe2\x79\xab\x5c\x7c\x82\x2f\x89\xe3\xfd\xf5\x03\xac\x78\xfb\xb2\x6b\x99\x03\x40\xb4"
"\x0a\x53\xe9\xc1\x2e\xa2\xa4\x8d\x87\x13\x78\x7a\xa8\x85\x49\xd3\x5c\xe9\x63\xf3\x7b\xa0\xa9\xa9\xb1\xbf\x56\xeb\xae\x15\xb8\x09"
"\x4f\x5a\xe2\x92\xce\xfc\xb4\xdd\xae\x41\x5a\x8b\xec\xea\x76\xce\x37\x1c\x26\x59\xea\x44\xec\x5d\x03\xf4\x0b\x75\x66\x2a\x8b\x2f"
"\x19\xd4\x85\xd2\x95\x97\xf8\x8c\x0f\xb8\x8f\x4e\x4f\xf0\x8d\x87\xe0\xe5\x92\x1d\xf7\x01\xea\x57\x95\xaa\x86\xdc\x49\x23\x1e\xdf"
"\x8b\x3f\xbd\x6f\x6a\x9f\xbb\xa6\x8e\x73\x13\xbf\x84\xd8\x6a\x8d\x11\x55\x36\xb5\x28\xfb\xf3\x49\xcd\x7b\xcc\xb8\x12\xcf\x5d\x45"
"\xa2\xd0\x9e\xa7\xe4\x5b\x33\x77\x02\x28\xc3\x73\x29\x9a\x8d\xdb\x9e\xa4\x31\x06\xc9\xe0\x7a\x8a\x66\xd1\x0f\x91\x2b\x0e\x4d\xda"
"\xc2\x7a\x6b\x72\x07\xd5\xc1\x68\x98\x5f\x90\xa9\xe1\x85\xef\xdb\x8b\x84\x2a\x94\x28\x57\xe6\x62\x0f\xdf\x47\x75\xaa\x64\x9e\x34"
"\xdf\x47\x7d\x12\x54\xae\x7b\xd3\x5e\xa4\x25\x32\xe9\x1b\x3c\x0a\x33\x63\xa5\x77\x22\x57\x49\x08\x61\x2a\xa9\xd2\x8a\x38\xb8\x7e"
"\xff\x3c\xa8\xe0\x7c\x7b\x8b\xe1\xaf\x70\x46\x73\x90\x0c\xfa\x19\xb7\x14\x55\x01\xe9\xb1\xfb\xa3\xd9\x32\xec\xb4\x58\x71\x1f\x70"
"\x78\x22\xb9\xbb\x68\x98\x19\x9d\x92\xb6\x55\x02\x33\xe4\xe0\xb4\x33\x3e\x88\x27\x53\xe1\x2f\xb4\x05\x0f\x4d\x40\xc3\x90\xb3\x0b"
"\xc3\x62\x23\xe3\xd0\xd6\x47\x97\x5d\x14\x66\xc6\x63\x29\xf5\x09\x1e\x9a\x61\x70\xf9\x44\xa1\x17\xc8\x1b\xfc\x4e\x15\x80\xb3\xed"
"\xfd\xe6\x1d\x23\x3c\xdf\xae\x3b\x97\x30\x4e\x69\xd6\x3b\x9a\xd6\x0d\x7c\x64\x90\x52\xaa\x9d\x53\x49\x03\x67\xb5\xc5\x07\xb4\xef"
"\xc7\x82\xbf\x75\x39\x0e\x19\x77\x17\x59\xb8\x52\xd1\x41\x5d\xf3\x78\x13\x6e\x1c\x6a\x9e\xee\x1a\x8c\x63\xe9\x1c\x94\x46\x69\x8f"
"\x47\xd3\xec\x6b\xce\x69\x8d\x46\xd1\x0c\x91\x0b\x37\x94\xb1\x38\xa5\x58\x93\x65\xf8\xeb\x81\x73\xd6\xed\x9d\x97\x05\xa3\xcb\x83"
"\xde\x85\xd0\x55\x8a\xff\x4d\x50\x35\xcb\xe1\xc5\x21\x9c\x48\x17\x5b\x55\x92\x0d\x46\xcd\xff\xe9\x7f\xf7\xcc\x8f\x09\x00\x00";
static const ArdAssetChunk Json0[] PROGMEM = {
  {Json0_0,sizeof(Json0_0)-1},
};
#endif
#endif
#endif
#else
static const char Json0_0[] PROGMEM =
"\x6c\x56\xdb\x6e\xdb\x38\x10\xfd\x95\x81\x9f\x52\x20\xeb\x5a\x5e\xdf\xd2\x7d\x08\xdc\x64\x83\x1a\x48\x13\x6f\xed\x6e\x1f\x17\x8c"
"\x44\x59\x44\x24\x52\x4b\x52\x09\x0c\xc1\x40\xbf\x66\x7f\x61\xdf\xf7\x53\xfa\x25\x3b\x43\x69\x64\xd9\xcd\x8b\x21\x9e\x21\x39\x3c"
"\x87\x67\x86\xae\x07\x95\xfa\x6b\x34\x8a\x06\x1f\x06\x5f\xa4\x48\x94\xde\x81\xf3\xc2\x57\xee\xc7\xf7\x7f\x06\x97\x4d\x70\x8c\xc1"
"\x95\x4e\x0d\x8f\xa7\x38\xbe\x95\x2f\x2a\x96\x8c\xcc\x3a\x04\xb4\x28\x3a\x78\x8e\xf0\x72\x1d\xa0\x4b\xc8\x8c\xf3\xf4\x05\x42\x27"
"\xf0\xf9\x8f\xed\x16\x56\xb7\x43\xb8\x97\xde\x4b\xeb\x2e\x21\x51\x3b\xe5\x5d\x08\x66\xfb\x32\x93\xda\xfd\x06\x71\x26\xf4\x4e\x3a"
"\xb0\x32\x36\x5a\xcb\xd8\x0f\x79\xe7\x05\xee\xbc\x11\x2f\x5d\xa6\x2b\x1c\xdf\x89\xd8\x1b\xbb\xc7\xd9\x4e\xfa\x36\x10\x8d\x30\x70"
"\x23\x74\x2c\x73\x46\x88\xea\x37\xf5\xcb\x9d\x02\x9c\x56\x95\x0c\x13\xc9\x4d\x2c\x34\x68\xe9\x5f\x8d\x7d\x76\x1c\xf8\x95\x48\xbc"
"\x08\x95\x8b\xa7\x5c\xfe\x14\x9d\xd0\xfe\x99\x31\x0e\x79\x71\x90\x63\xa4\xd3\x66\xb3\xba\xe5\xf1\xac\xcb\x5c\x0a\xe7\x70\x66\xc2"
"\x11\x12\xea\xf7\xa2\xf4\x7b\x78\x96\xb2\x74\xe0\x33\x09\x0e\xe9\x25\xdd\x4c\x48\x8d\x45\x58\x39\x4e\xc2\x52\x44\x24\xc5\x4d\x23"
"\x4f\x50\xaf\x27\x4b\x44\xb2\xdc\xe4\x52\x58\x08\x79\x5b\x78\x3c\x62\xd8\x35\x78\x58\x87\xd7\x6e\xf1\x02\x96\xeb\x21\x3c\x62\x7e"
"\x4b\xf2\x78\xf4\x03\xc9\x5f\x08\xa5\x39\xe1\x38\x6a\x6e\xb5\xaf\xde\x78\xdc\xde\x74\x73\xb6\xbe\x09\xc6\xa4\xdf\x83\x7c\xc5\x8d"
"\xcf\x69\x8f\x27\x6f\xd0\xe6\x39\x43\x68\x9d\x83\xcc\xf3\xdc\xbc\x3a\xe8\x19\x6c\x08\x5f\xd8\x12\x20\x52\x34\x10\x5b\xa5\x3b\xe4"
"\xb4\x35\x08\xee\xd2\x42\x13\x3a\xf7\x9d\xb2\xc5\xab\xb0\x7c\xb8\x09\x09\xf4\xa7\xc8\x2b\x06\xa6\x74\xda\x4f\xa6\x3b\xfd\x74\xd2"
"\xda\x42\xa3\x12\xc7\x92\x98\x4e\x43\xbd\xa0\x04\x20\xf2\xbc\x53\xea\x9a\xc3\xb3\x26\xfb\xe9\x9a\xf9\xf1\xa2\xa8\xcc\x82\xf2\xbd"
"\xf0\xd9\x5d\x5d\xf7\x28\xbe\x28\x41\xf7\xd2\xce\x9c\xd1\x19\xe1\xbf\x7f\xe1\x9b\x50\x61\x27\xb2\xc6\xc3\x96\x79\xce\x26\x9d\xcd"
"\x52\x74\xad\x44\x25\x6f\x32\x19\x3f\x03\x59\xf1\x7d\x27\x2f\xcf\x26\x26\x17\x99\x4a\x12\xa9\xdf\x31\xf6\x76\x39\xcf\x02\x81\x4c"
"\x95\xe0\xf7\x65\x07\x2e\x18\xec\x7c\x3e\xbb\x6a\x88\xa6\x6a\x57\x59\xb4\x70\x9a\x0b\x97\xb5\xb1\x39\x59\x6f\x9d\xed\x9d\x8a\x45"
"\x7e\x1a\xa1\xeb\xd9\x1a\x8f\x70\x26\x05\x1b\x6b\x4e\xc6\xfa\xaa\x05\xd7\x1f\xc3\x24\xc1\x9d\x95\xf2\x64\x2e\x11\x7f\xdc\x2e\xc1"
"\x95\xa2\x6b\x4d\x73\xe2\xf7\xb5\xf4\xaa\xa3\x31\x0f\xec\x84\x6f\x1a\x51\x3f\x40\xfc\xde\xd6\x74\xde\x2b\x32\xc9\xf6\x9d\x13\xcf"
"\x5b\xe5\xe2\x33\x7c\x41\x1c\xef\x97\x0f\xb0\xe2\xe5\x8b\xb6\x64\x8e\x00\xd1\x2a\x4c\xa5\x7b\xab\x88\x92\x36\x1e\xce\xe0\xc9\xf1"
"\x2e\x4c\x9a\xe6\x4a\x9f\x9a\xdf\x03\x75\x4d\x8d\xf5\xb5\x5a\xb7\xa5\xc0\x45\x78\x56\x12\x57\x94\xf3\xd3\x76\xbb\x06\x69\x2d\xb2"
"\xab\x9b\x3e\x7f\xe0\x30\xc9\x52\x27\x62\xef\x0e\x40\xbf\x50\x67\xa6\xb2\x38\xc8\xa0\x2e\x94\xae\xbc\xc4\x6f\xfc\xc0\x75\x94\x3d"
"\xc1\x11\x37\xc1\xab\x05\x3b\xee\x03\xd4\xaf\x2a\x55\x07\x72\x27\xb5\x78\x1c\x17\x7f\x7b\x7f\xa8\x7d\xee\x0e\x75\x9c\x9b\xf8\x39"
"\xc4\x56\x6b\x8c\xa8\xf2\x50\x8b\xb2\xcb\x4f\x6a\xde\xe3\x89\x2b\xb1\x6b\x6f\x24\x0a\xe5\x79\x4e\xbe\x31\x73\x2b\x80\x32\xdc\x97"
"\xa2\xe9\xa8\xa9\x49\x6a\x63\x90\xf4\x9e\xa7\x68\x1a\xfd\x14\xb9\xe6\xd0\x2c\x64\x75\xbe\x79\x35\xf0\x57\x38\xa3\x39\x48\x86\xf8"
"\xac\xb4\x2a\xaa\x02\xd2\x53\xb7\x45\xd3\x45\x58\x69\x51\x61\x1f\x70\x78\x22\x7a\x6d\x34\xd4\x68\x7b\x72\xdb\x64\x46\x57\x71\x70"
"\xd2\x1a\x0d\xc4\x93\xa9\xf0\x17\x1a\x81\x83\xe9\xa8\xf9\x30\xa5\x50\x9c\x1b\x19\x87\x32\x3a\x79\x5c\xa2\x50\xa3\x8f\xa5\xd4\x67"
"\x78\x30\x5f\xaf\xd9\x47\xc1\x7b\x74\x17\x3c\x26\x1b\xc0\xc5\xf6\x7e\xf3\x8e\x11\xee\x27\xcb\xf6\x56\x18\xa7\x63\xd6\x2f\xd4\x1d"
"\x0f\xf0\x91\x41\x3a\x52\xed\x9c\x4a\x0e\x70\x51\x5b\xfc\x40\xbb\x7c\x2c\x78\xaf\xab\x51\x38\x71\xfb\x70\x84\x27\x0c\x6f\xac\x35"
"\xab\x37\xa1\xc3\x93\x59\xdb\x67\x27\x8e\xa5\x73\x50\x1a\xa5\x3d\xa6\xa6\x5e\x73\xb8\xa4\x39\x1a\x45\x33\x44\x2e\xbc\x08\xc6\x62"
"\x57\x60\x4d\x16\xe1\xa9\xc7\xbe\xe6\xf6\xce\xcb\x82\xd1\xc5\x51\xef\x42\xe8\x2a\xc5\xff\x02\xa8\x9a\xe5\xf0\xfc\x18\x4e\xa4\x8b"
"\xad\x2a\xc9\x3a\x83\xff\x01\x00\x00\xff\xff";
#if ARDPORTAL_ENABLE_MQTT
static const char Json0_1[] PROGMEM =
"\x3c\x8d\x4d\x0a\xc2\x30\x10\x85\xaf\x32\x64\x5d\xaa\x58\xab\xe2\x52\x71\x29\x28\xd4\xb5\xa4\x66\xd4\x50\x9b\x84\x99\x04\x71\xe7"
"\x69\x3c\x98\x27\x31\xfd\x89\xcb\xf7\xbd\xc7\xf7\x32\x11\xf4\x79\x3a\x5b\x88\xb5\xd8\x1f\xab\x0a\x18\x7d\x70\x22\x1b\xe8\x32\xd2"
"\x0d\xd9\x06\x09\xa4\x52\x84\xcc\x63\x53\x14\xb1\x39\x58\xf2\x29\xcf\x63\x3e\x31\x92\x91\x2d\x26\x56\x26\xa7\x93\xcc\x4f\x4b\x2a"
"\x15\xdd\xd9\xae\x75\xfe\x05\x0d\xa2\x63\xf0\x77\xfc\x6f\xe0\x6a\x29\x02\xcd\x50\xf7\xc7\x93\x10\xad\x39\x0c\xf3\x01\x81\xd2\x2c"
"\xeb\x07\x32\x74\xf6\x7c\xb4\x96\xab\x68\xdd\x5a\x63\xf0\xe2\xb5\xb9\xf5\xdd\xf7\xfd\x11\x3f\x00\x00\x00\xff\xff";
#endif
#if ARDPORTAL_ENABLE_MQTT_TLS
static const char Json0_2[] PROGMEM =
"\x34\xc9\xb1\x0e\x82\x30\x10\x80\xe1\x57\xb9\xdc\xa4\x49\x63\x10\x17\x75\x23\x8d\x9b\x98\x46\xd9\xcd\xa5\x9c\x72\x43\x8b\xb4\xd7"
"\xf7\x17\xa2\x8c\xdf\xff\x1b\x2c\xf2\xac\xea\x23\x9e\xb1\x4b\x14\xf3\x67\x4c\x8a\xe6\x17\x4f\x4b\xb4\xee\xcf\x43\xb5\xf0\xfa\x58"
"\xb9\x9f\x69\x1b\xf0\x9c\x54\x5e\xe2\x49\x19\x36\xee\xd2\x6e\xd7\x5f\xcf\xff\xce\x53\x91\xc4\x19\x34\x95\xac\xdc\x83\x6d\x0c\x04"
"\x52\x3f\x48\x7c\xc3\x30\x66\x8d\x14\x18\x28\xf6\x70\xeb\x1c\xa8\x04\xde\xe1\x17\x00\x00\xff\xff";
#endif
#if ARDPORTAL_ENABLE_OTA
static const char Json0_3[] PROGMEM =
"\x54\x51\xcb\x4e\xc3\x30\x10\xfc\x95\x55\xce\x55\xd4\xf4\x01\x6d\x39\x20\x54\x40\x42\x20\x15\xb5\xf4\x8c\xdc\x78\x43\xac\x3a\xb6"
"\x65\x3b\x8d\xaa\xaa\x12\x5f\xc3\x87\xf1\x25\x6c\x1e\x4e\xcb\x75\x66\x77\x76\x66\x76\x10\x95\xe2\x73\x38\x9e\x45\x8b\x68\xf5\xf1"
"\x00\xa5\xe1\xcc\x63\x34\x68\xd1\x39\xa1\xcb\x5c\x6b\x87\x90\x09\x5b\x54\xcc\x06\x6a\x32\x24\x2a\xd3\x16\x7c\x2e\x1c\xec\x34\xb3"
"\x1c\x98\xe2\x90\x49\xe6\x72\x90\xec\xa8\x4b\x1f\xc3\xd3\xe6\x7d\x3c\x5a\x00\x33\x46\x8a\x94\x79\xa1\x15\xc4\x3b\xa1\x40\x2b\x79"
"\x8c\x83\xd2\x88\x94\xb6\x46\x6a\xc6\xff\x5f\x9f\x8c\x89\x78\x45\x34\x60\x74\x85\x96\x96\x62\x58\xa3\xf3\xcc\x7a\x07\x55\x8e\x0a"
"\x52\x5d\x18\x89\x1e\xef\xc0\xa1\xf7\x42\x7d\x39\xb0\x58\x30\xa1\x82\xf6\xb4\xd5\xbe\x12\x9d\x4d\xfb\x6b\x34\xff\xfb\xfd\x13\xf0"
"\x9b\x3a\xaa\x56\x0a\xd3\xc6\xa6\xd4\x8e\xfc\x2f\x73\x4c\xf7\xc0\xf1\x20\x52\x0c\x9a\xb3\xdb\xae\x2a\x2f\x0a\xe4\x50\xe7\xec\x98"
"\xf9\xe4\x92\xe4\xa4\x58\x81\xe7\xa6\x12\xdb\x7a\xa6\xa6\xb0\x93\xba\x0f\x0b\xd3\x4e\x0a\xad\xa5\x2a\x4f\x34\xe7\x4b\x77\x6e\xd9"
"\x64\x9e\x10\xfb\xdc\xd5\x0e\xdb\xf5\x5b\xc0\x2f\xa1\x20\xb3\xba\xb8\xa6\xea\xca\x5e\xd4\x81\x49\xc1\xfb\x8f\xd5\x3c\x90\x3c\x16"
"\xc6\x1f\x09\x95\x21\x4a\xd2\x18\x7e\xd4\x95\xea\xea\xe8\x57\xfa\x5e\x92\xc6\x62\x18\x81\x8c\xd1\x36\x0f\xbd\xd4\x81\x48\x7b\x00"
"\x3b\xab\x2b\x47\x1f\x52\xe8\x2b\x6d\xf7\xc0\xd2\x14\x9d\x6b\xc2\x13\x7c\x20\x66\xb9\x5a\x6f\xfa\x27\xc5\xd1\x1f\x00\x00\x00\xff"
"\xff";
#endif
#if ARDPORTAL_ENABLE_CONSOLE
static const char Json0_4[] PROGMEM =
"\x5c\x8f\x4d\x0a\xc2\x30\x14\x84\xaf\xf2\x88\x4b\x4b\x7f\xa0\x62\xeb\x4e\x74\xe3\x56\xdc\x4b\x48\x5e\x43\xa0\x79\x29\x24\x2d\x8a"
"\x08\x9e\xc6\x83\x79\x12\x63\xdb\x20\xba\xfd\x18\x66\xbe\x49\x58\xaf\xcf\x79\x59\xb2\x0d\xdb\x59\x72\xb6\x45\x96\x4c\xa8\x0a\xe8"
"\x64\x3b\x2d\x66\xb0\x2a\x02\xd8\xd2\x15\xfc\x07\x02\x5e\x04\x76\x1e\x16\xd9\x32\x85\x3d\x0e\x5a\xe0\x06\x84\x21\x99\x11\x37\x98"
"\x09\x6b\x0c\x27\x99\x80\x42\xff\x47\x9c\xe7\xbf\x28\x9d\x07\xaa\x3a\x0c\x1c\x68\xe0\xad\x96\x20\x26\x19\x30\xe8\x1c\x57\x51\xaa"
"\xce\xbf\x9e\x60\x9b\xa6\xd5\x84\x29\x1c\x31\xa4\x09\x85\xd7\xa4\x5e\x8f\x67\xcc\x16\xf1\x40\x16\x2a\x7b\x0c\xde\x16\x5a\x4b\x2a"
"\xee\xd5\xeb\x10\x18\x95\x6f\x72\x3c\x70\x8f\x46\xec\x0d\x00\x00\xff\xff";
#endif
#if ARDPORTAL_ENABLE_CONTROL_INFRARED || ARDPORTAL_ENABLE_CONTROL_NOTIFY || ARDPORTAL_ENABLE_CONTROL_VACUUM || ARDPORTAL_ENABLE_CONSOLE
static const char Json0_5[] PROGMEM =
"\xd2\x51\x2a\xcd\x8c\x37\x30\x35\x50\xb2\x52\x0a\x4e\xcd\x4b\x51\x02\x00\x00\x00\xff\xff";
#endif
#if ARDPORTAL_ENABLE_CONTROL_CLIMATE || ARDPORTAL_ENABLE_CONTROL_HUMIDIFIER || ARDPORTAL_ENABLE_CONTROL_WATER_HEATER
static const char Json0_6[] PROGMEM =
"\xd2\x51\x2a\xcd\x8c\x37\x34\x30\x54\xb2\x52\x0a\x49\x2c\x4a\x4f\x2d\x51\x28\x49\xcd\x2d\x48\x2d\x4a\x2c\x29\x2d\x4a\x55\xd2\x81"
"\xc8\x1a\x01\x65\x9d\x4b\x8b\x8a\x52\xf3\xb0\x4a\x1b\x03\xa5\x7d\xf3\x53\x60\x7c\x13\x90\x61\x2e\xa9\xc9\x45\xa9\x89\xc5\xa9\x58"
"\xd4\x9b\x80\x8c\xf3\xcc\xc3\x2d\x0f\x32\xcf\x3f\x2d\x4d\x09\x00\x00\x00\xff\xff";
#endif
#if ARDPORTAL_ENABLE_CONTROL_CLIMATE || ARDPORTAL_ENABLE_CONTROL_VACUUM
static const char Json0_7[] PROGMEM =
"\xd2\x51\x2a\xcd\x8c\x37\x34\x30\x51\xb2\x52\x72\x4b\xcc\x53\xc8\xcd\x4f\x49\x55\x02\x00\x00\x00\xff\xff";
#endif
#if ARDPORTAL_ENABLE_CONTROL_BUTTON
static const char Json0_8[] PROGMEM =
"\xd2\x51\x2a\xcd\x8c\x37\x34\x30\x57\xb2\x52\x0a\x28\x4a\x2d\x2e\x56\x02\x00\x00\x00\xff\xff";
#endif
#if ARDPORTAL_ENABLE_CONTROL_SCENE
static const char Json0_9[] PROGMEM =
"\xd2\x51\x2a\xcd\x8c\x37\x34\xb0\x50\xb2\x52\x72\x4c\x2e\xc9\x2c\x4b\x2c\x49\x55\x02\x00\x00\x00\xff\xff";
#endif
#if ARDPORTAL_ENABLE_CONTROL_NOTIFY
static const char Json0_10[] PROGMEM =
"\xd2\x51\x2a\xcd\x8c\x37\x34\xb0\x54\xb2\x52\xf2\xcb\x2f\xc9\x4c\xcb\x4c\x4e\x2c\xc9\xcc\xcf\x53\x02\x00\x00\x00\xff\xff";
#endif
#if ARDPORTAL_ENABLE_CONTROL_INFRARED
static const char Json0_11[] PROGMEM =
"\xd2\x51\x2a\xcd\x8c\x37\x34\x34\x50\xb2\x52\xf2\x0c\x52\x28\xce\x4c\xcf\x4b\xcc\x51\xd0\xf0\x0a\xf6\xf7\xd3\x54\x02\x00\x00\x00"
"\xff\xff";
#endif
#if ARDPORTAL_ENABLE_CONTROL_FAN || ARDPORTAL_ENABLE_CONTROL_HUMIDIFIER || ARDPORTAL_ENABLE_CONTROL_LIGHT || ARDPORTAL_ENABLE_CONTROL_SIREN
static const char Json0_12[] PROGMEM =
"\xd2\x51\x2a\xcd\x8c\x37\x34\x34\x54\xb2\x52\x0a\xc8\x2f\x4f\x2d\x52\x02\x00\x00\x00\xff\xff";
#endif
#if ARDPORTAL_ENABLE_CONTROL_LIGHT
static const char Json0_13[] PROGMEM =
"\xd2\x51\x2a\xcd\x8c\x37\x34\x34\x52\xb2\x52\x72\x2a\xca\x4c\xcf\x28\xc9\x4b\x2d\x2e\x56\xd2\x81\x88\x1a\x03\x45\x9d\xf3\x73\xf2"
"\x4b\x8b\x94\x00\x00\x00\x00\xff\xff";
#endif
#if ARDPORTAL_ENABLE_CONTROL_FAN
static const char Json0_14[] PROGMEM =
"\xd2\x51\x2a\xcd\x8c\x37\x34\x34\x51\xb2\x52\x0a\x2e\x48\x4d\x4d\x51\xd0\x50\xd5\x54\xd2\x81\x08\x9a\x02\x05\xfd\x8b\x93\x33\x73"
"\x72\x12\x4b\x32\xf3\xf3\x60\xc2\x66\x40\x61\x97\xcc\xa2\xd4\x64\xb0\x20\x00\x00\x00\xff\xff";
#endif
#if ARDPORTAL_ENABLE_CONTROL_COVER || ARDPORTAL_ENABLE_CONTROL_LOCK || ARDPORTAL_ENABLE_CONTROL_VALVE
static const char Json0_15[] PROGMEM =
"\xd2\x51\x2a\xcd\x8c\x37\x34\x34\x57\xb2\x52\xf2\x2f\x48\xcd\x53\x02\x00\x00\x00\xff\xff";
#endif
#if ARDPORTAL_ENABLE_CONTROL_COVER || ARDPORTAL_ENABLE_CONTROL_VALVE
static const char Json0_16[] PROGMEM =
"\xd2\x51\x2a\xcd\x8c\x37\x34\xb4\x50\xb2\x52\x72\xce\xc9\x2f\x4e\x55\xd2\x01\x0b\x18\x19\x00\x05\x02\xf2\x8b\x33\x4b\x32\xf3\xf3"
"\x14\x34\x54\x35\x95\x00\x00\x00\x00\xff\xff";
#endif
#if ARDPORTAL_ENABLE_CONTROL_COVER || ARDPORTAL_ENABLE_CONTROL_VACUUM
static const char Json0_17[] PROGMEM =
"\xd2\x51\x2a\xcd\x8c\x37\x34\xb4\x54\xb2\x52\x0a\x2e\xc9\x2f\x50\x02\x00\x00\x00\xff\xff";
#endif
#if ARDPORTAL_ENABLE_CONTROL_COVER
static const char Json0_18[] PROGMEM =
"\xd2\x51\x2a\xcd\x8c\x37\x34\x32\x54\xb2\x52\x0a\xc9\xcc\x29\x51\xd0\x50\xd5\x54\x02\x00\x00\x00\xff\xff";
#endif
#if ARDPORTAL_ENABLE_CONTROL_LOCK
static const char Json0_19[] PROGMEM =
"\xd2\x51\x2a\xcd\x8c\x37\x34\x32\x52\xb2\x52\xf2\xc9\x4f\xce\x56\xd2\x81\xf0\x8d\x81\xfc\xd0\xbc\x1c\x90\x08\x00\x00\x00\xff\xff";
#endif
#if ARDPORTAL_ENABLE_CONTROL_ALARM_CONTROL_PANEL
static const char Json0_20[] PROGMEM =
"\xd2\x51\x2a\xcd\x8c\x37\x34\x32\x51\xb2\x52\x72\x2c\xca\x55\xc8\xc8\xcf\x4d\x55\xd2\x81\x88\x99\x42\xc5\x12\xcb\x13\x2b\x61\x62"
"\x66\x50\xb1\xbc\xcc\xf4\x8c\x12\x98\xa0\x39\x50\xd0\x25\xb3\x38\xb1\x28\x17\x26\x62\x01\x14\x09\x29\xca\x4c\x4f\x4f\x2d\x52\x48"
"\xcc\x01\x49\x00\x00\x00\x00\xff\xff";
#endif
#if ARDPORTAL_ENABLE_CONTROL_HUMIDIFIER
static const char Json0_21[] PROGMEM =
"\xd2\x51\x2a\xcd\x8c\x37\x34\xb2\x54\xb2\x52\x0a\x49\x2c\x4a\x4f\x2d\x51\xc8\x28\xcd\xcd\x4c\xc9\x2c\xa9\x54\xd0\x50\xd5\x54\xd2"
"\x01\x4b\x9b\x82\xa4\x9d\x4b\x8b\x8a\x52\xf3\x10\xf2\x4a\x00\x00\x00\x00\xff\xff";
#endif
#if ARDPORTAL_ENABLE_CONTROL_SIREN
static const char Json0_22[] PROGMEM =
"\xd2\x51\x2a\xcd\x8c\x37\x34\x36\x50\xb2\x52\x0a\xc9\xcf\x4b\x55\xd2\x81\xf0\x0d\x81\x7c\x97\xd2\xa2\xc4\x92\xcc\xfc\x3c\x05\x8d"
"\x62\x4d\x98\xb8\x11\x50\x3c\x2c\x3f\xa7\x34\x37\x55\x09\x00\x00\x00\xff\xff";
#endif
#if ARDPORTAL_ENABLE_CONTROL_VACUUM
static const char Json0_23[] PROGMEM =
"\xd2\x51\x2a\xcd\x8c\x37\x34\x36\x56\xb2\x52\x72\xce\x49\x4d\xcc\x53\xd2\x81\x08\x98\x01\x05\x7c\xf2\x93\x13\x4b\x52\x61\x22\xe6"
"\x30\x25\x0a\xc5\x05\xf9\x25\x30\x51\x0b\x90\x68\x7e\x6e\x6e\x62\x5e\x8a\x82\x86\x57\xb0\xbf\x9f\xa6\x12\x00\x00\x00\xff\xff";
#endif
#if ARDPORTAL_ENABLE_CONTROL_LAWN_MOWER || ARDPORTAL_ENABLE_CONTROL_VACUUM
static const char Json0_24[] PROGMEM =
"\xd2\x51\x2a\xcd\x8c\x37\x34\x36\x51\xb2\x52\x0a\x48\x2c\x2d\x4e\x55\xd2\x81\x08\x98\x02\x05\x82\x52\x4b\x4a\x8b\xf2\x14\x4a\xf2"
"\x15\x92\x12\x81\x32\x00\x00\x00\x00\xff\xff";
#endif
#if ARDPORTAL_ENABLE_CONTROL_LAWN_MOWER
static const char Json0_25[] PROGMEM =
"\xd2\x51\x2a\xcd\x8c\x37\x34\xb6\x54\xb2\x52\x0a\x2e\x49\x2c\x2a\x51\xc8\xcd\x2f\xcf\xcc\x4b\x57\x02\x00\x00\x00\xff\xff";
#endif
#if ARDPORTAL_ENABLE_CONTROL_UPDATE
static const char Json0_26[] PROGMEM =
"\xd2\x51\x2a\xcd\x8c\x37\x34\x31\x50\xb2\x52\xf2\xcc\x2b\x2e\x49\xcc\xc9\x51\x28\x2d\x48\x49\x2c\x49\x55\x02\x00\x00\x00\xff\xff";
#endif
#if ARDPORTAL_ENABLE_CONTROL_CLIMATE || ARDPORTAL_ENABLE_CONTROL_WATER_HEATER
static const char Json0_27[] PROGMEM =
"\xd2\x51\x2a\xcd\x8c\x37\x34\x31\x51\xb2\x52\xf2\x48\x4d\x2c\x51\x02\x00\x00\x00\xff\xff";
#endif
#if ARDPORTAL_ENABLE_CONTROL_CLIMATE
static const char Json0_28[] PROGMEM =
"\xd2\x51\x2a\xcd\x8c\x37\x34\x31\x55\xb2\x52\x72\xce\xcf\xcf\x51\xd2\x81\xf0\xcd\x81\x7c\x97\xa2\x4a\x18\xd7\x02\xc8\x75\x4b\xcc"
"\x53\xc8\xcf\xcb\x81\x89\x99\x81\x94\x78\xa6\xe4\xa4\xc2\xf8\x20\x35\x1e\xa9\x89\x25\x99\x79\xe9\x30\x21\x4b\xa8\xa9\x08\x21\x73"
"\x03\x88\xc1\x48\x22\x86\x10\xb3\x61\x5c\x23\x20\x37\xa0\x28\x35\x03\xc5\x24\x73\x63\x90\xb6\xd4\xb4\xa2\xfc\x62\xb0\x28\x00\x00"
"\x00\xff\xff";
#endif
#if ARDPORTAL_ENABLE_CONTROL_CLIMATE || ARDPORTAL_ENABLE_CONTROL_HUMIDIFIER
static const char Json0_29[] PROGMEM =
"\xd2\x51\x2a\xcd\x8c\x37\x34\x31\x53\xb2\x52\x72\x2c\x2d\xc9\x57\x02\x00\x00\x00\xff\xff";
#endif
#if ARDPORTAL_ENABLE_DYNAMIC_PAGES
static const char Json0_30[] PROGMEM =
"\x34\xca\x41\x0a\x83\x40\x0c\x00\xc0\xaf\x84\x9c\x45\x68\xab\x17\xaf\x3d\x15\xfa\x04\xa1\xa4\x64\x95\x40\x48\x64\x77\x15\x44\x84"
"\xbe\xc6\x87\xf5\x25\xb5\x2d\x9e\x67\x0a\x1c\xe5\x71\xaa\xcf\xd8\xe0\xd5\x2d\x47\xd7\x04\xa3\xd1\x44\xa2\xf4\xd4\xd0\xc0\x12\x62"
"\xf4\xb8\x62\xf1\x8f\x97\x6f\x24\x33\xcf\xc0\x92\x06\xa5\x19\x5a\x5c\x3a\x09\xca\x6b\x8b\xe5\xd1\xaa\xbd\xdd\x9d\x58\xac\x87\x81"
"\xfa\xf0\x7e\x6d\x07\xd5\x3b\xdd\x6c\x22\x15\xfe\x11\x70\xe8\xc4\x24\x8b\x5b\x2a\xf1\x03\x00\x00\xff\xff";
#endif
#if ARDPORTAL_ENABLE_CONTROL_BINARY_SENSOR
static const char Json0_31[] PROGMEM =
"\xd2\x51\x2a\xcd\x8c\x37\x34\x33\x50\xb2\x52\x72\x4c\x2e\xc9\x2c\x4b\x55\xd2\x81\x88\x18\x02\x45\x3c\xf3\x12\x51\xc4\x8c\x80\x62"
"\xa1\x79\xd9\x79\xf9\xe5\x79\x0a\xc5\x25\x89\x25\xa9\x4a\x00\x00\x00\x00\xff\xff";
#endif
#if ARDPORTAL_ENABLE_CONTROL_HUMIDIFIER || ARDPORTAL_ENABLE_CONTROL_WATER_HEATER
static const char Json0_32[] PROGMEM =
"\xd2\x51\x2a\xcd\x8c\x37\x34\x37\x51\xb2\x52\xf2\xcb\x2f\xca\x4d\xcc\x51\xd2\x81\x88\x98\x02\x45\x5c\x93\xf3\x95\x00\x00\x00\x00"
"\xff\xff";
#endif
#if ARDPORTAL_ENABLE_CONTROL_WATER_HEATER
static const char Json0_33[] PROGMEM =
"\xd2\x51\x2a\xcd\x8c\x37\x34\x37\x53\xb2\x52\x72\xcd\x49\x4d\x2e\x29\xca\x4c\x56\xd2\x81\x88\x99\x03\xc5\x02\x52\x8b\xd2\xf2\x8b"
"\x72\x13\xf3\x92\x53\x61\xc2\x16\x40\x61\x8f\xd4\xc4\x12\x85\x82\xd2\xdc\x02\x98\xa0\x25\x48\x30\x33\x3d\x43\x21\x25\x15\xa8\x38"
"\x45\x09\x00\x00\x00\xff\xff";
#endif
#if ARDPORTAL_ENABLE_CONTROL_INFRARED || ARDPORTAL_ENABLE_CONTROL_VACUUM
static const char Json0_34[] PROGMEM =
"\xd2\x51\x2a\xcd\x8c\x37\xb4\x30\x53\xb2\x52\xf2\xcc\x2b\x4b\xcc\xc9\x4c\x51\xf0\x0a\xf6\xf7\xd3\x53\x02\x00\x00\x00\xff\xff";
#endif
static const char Json0_35[] PROGMEM =
"\xaa\x05\x00\x00\x00\xff\xff";
static const ArdAssetChunk Json0[] PROGMEM = {
  {ARD_ASSET_GZIP_HEAD,sizeof(ARD_ASSET_GZIP_HEAD)-1,0,UINT32_MAX},
  {Json0_0,sizeof(Json0_0)-1,489199417U,2302U},
#if ARDPORTAL_ENABLE_MQTT
  {Json0_1,sizeof(Json0_1)-1,3599814044U,225U},
#endif
#if ARDPORTAL_ENABLE_MQTT_TLS
  {Json0_2,sizeof(Json0_2)-1,3616967351U,147U},
#endif
#if ARDPORTAL_ENABLE_OTA
  {Json0_3,sizeof(Json0_3)-1,904957871U,629U},
#endif
#if ARDPORTAL_ENABLE_CONSOLE
  {Json0_4,sizeof(Json0_4)-1,4226342088U,278U},
#endif
#if ARDPORTAL_ENABLE_CONTROL_INFRARED || ARDPORTAL_ENABLE_CONTROL_NOTIFY || ARDPORTAL_ENABLE_CONTROL_VACUUM || ARDPORTAL_ENABLE_CONSOLE
  {Json0_5,sizeof(Json0_5)-1,1173808883U,16U},
#endif
#if ARDPORTAL_ENABLE_CONTROL_CLIMATE || ARDPORTAL_ENABLE_CONTROL_HUMIDIFIER || ARDPORTAL_ENABLE_CONTROL_WATER_HEATER
  {Json0_6,sizeof(Json0_6)-1,2023664090U,156U},
#endif
#if ARDPORTAL_ENABLE_CONTROL_CLIMATE || ARDPORTAL_ENABLE_CONTROL_VACUUM
  {Json0_7,sizeof(Json0_7)-1,1817129721U,20U},
#endif
#if ARDPORTAL_ENABLE_CONTROL_BUTTON
  {Json0_8,sizeof(Json0_8)-1,304179104U,17U},
#endif
#if ARDPORTAL_ENABLE_CONTROL_SCENE
  {Json0_9,sizeof(Json0_9)-1,3498117954U,20U},
#endif
#if ARDPORTAL_ENABLE_CONTROL_NOTIFY
  {Json0_10,sizeof(Json0_10)-1,3351132354U,24U},
#endif
#if ARDPORTAL_ENABLE_CONTROL_INFRARED
  {Json0_11,sizeof(Json0_11)-1,3103255142U,28U},
#endif
#if ARDPORTAL_ENABLE_CONTROL_FAN || ARDPORTAL_ENABLE_CONTROL_HUMIDIFIER || ARDPORTAL_ENABLE_CONTROL_LIGHT || ARDPORTAL_ENABLE_CONTROL_SIREN
  {Json0_12,sizeof(Json0_12)-1,3177310851U,17U},
#endif
#if ARDPORTAL_ENABLE_CONTROL_LIGHT
  {Json0_13,sizeof(Json0_13)-1,588966537U,40U},
#endif
#if ARDPORTAL_ENABLE_CONTROL_FAN
  {Json0_14,sizeof(Json0_14)-1,1017957587U,65U},
#endif
#if ARDPORTAL_ENABLE_CONTROL_COVER || ARDPORTAL_ENABLE_CONTROL_LOCK || ARDPORTAL_ENABLE_CONTROL_VALVE
  {Json0_15,sizeof(Json0_15)-1,3718196933U,16U},
#endif
#if ARDPORTAL_ENABLE_CONTROL_COVER || ARDPORTAL_ENABLE_CONTROL_VALVE
  {Json0_16,sizeof(Json0_16)-1,2007237796U,41U},
#endif
#if ARDPORTAL_ENABLE_CONTROL_COVER || ARDPORTAL_ENABLE_CONTROL_VACUUM
  {Json0_17,sizeof(Json0_17)-1,3875119754U,16U},
#endif
#if ARDPORTAL_ENABLE_CONTROL_COVER
  {Json0_18,sizeof(Json0_18)-1,1248425039U,20U},
#endif
#if ARDPORTAL_ENABLE_CONTROL_LOCK
  {Json0_19,sizeof(Json0_19)-1,3317553071U,34U},
#endif
#if ARDPORTAL_ENABLE_CONTROL_ALARM_CONTROL_PANEL
  {Json0_20,sizeof(Json0_20)-1,2500599954U,104U},
#endif
#if ARDPORTAL_ENABLE_CONTROL_HUMIDIFIER
  {Json0_21,sizeof(Json0_21)-1,3537049537U,59U},
#endif
#if ARDPORTAL_ENABLE_CONTROL_SIREN
  {Json0_22,sizeof(Json0_22)-1,3591447637U,58U},
#endif
#if ARDPORTAL_ENABLE_CONTROL_VACUUM
  {Json0_23,sizeof(Json0_23)-1,2734630163U,83U},
#endif
#if ARDPORTAL_ENABLE_CONTROL_LAWN_MOWER || ARDPORTAL_ENABLE_CONTROL_VACUUM
  {Json0_24,sizeof(Json0_24)-1,1092039706U,43U},
#endif
#if ARDPORTAL_ENABLE_CONTROL_LAWN_MOWER
  {Json0_25,sizeof(Json0_25)-1,3926358738U,24U},
#endif
#if ARDPORTAL_ENABLE_CONTROL_UPDATE
  {Json0_26,sizeof(Json0_26)-1,338267248U,26U},
#endif
#if ARDPORTAL_ENABLE_CONTROL_CLIMATE || ARDPORTAL_ENABLE_CONTROL_WATER_HEATER
  {Json0_27,sizeof(Json0_27)-1,1626927358U,16U},
#endif
#if ARDPORTAL_ENABLE_CONTROL_CLIMATE
  {Json0_28,sizeof(Json0_28)-1,702988501U,182U},
#endif
#if ARDPORTAL_ENABLE_CONTROL_CLIMATE || ARDPORTAL_ENABLE_CONTROL_HUMIDIFIER
  {Json0_29,sizeof(Json0_29)-1,2698790807U,16U},
#endif
#if ARDPORTAL_ENABLE_DYNAMIC_PAGES
  {Json0_30,sizeof(Json0_30)-1,1751767695U,144U},
#endif
#if ARDPORTAL_ENABLE_CONTROL_BINARY_SENSOR
  {Json0_31,sizeof(Json0_31)-1,3071260812U,63U},
#endif
#if ARDPORTAL_ENABLE_CONTROL_HUMIDIFIER || ARDPORTAL_ENABLE_CONTROL_WATER_HEATER
  {Json0_32,sizeof(Json0_32)-1,4114600400U,33U},
#endif
#if ARDPORTAL_ENABLE_CONTROL_WATER_HEATER
  {Json0_33,sizeof(Json0_33)-1,414153894U,87U},
#endif
#if ARDPORTAL_ENABLE_CONTROL_INFRARED || ARDPORTAL_ENABLE_CONTROL_VACUUM
  {Json0_34,sizeof(Json0_34)-1,2097316234U,25U},
#endif
  {Json0_35,sizeof(Json0_35)-1,4239843852U,1U},
  {ARD_ASSET_DEFLATE_END,sizeof(ARD_ASSET_DEFLATE_END)-1},
};
#endif
static const char code0[] PROGMEM = "en";
static const char name0[] PROGMEM = "English";
static const char locale0[] PROGMEM = "en-GB";
struct Language { const char *code, *name, *locale; const ArdAssetChunk* json; size_t count; };
static const Language Languages[] PROGMEM = {
  {code0, name0, locale0, Json0, sizeof(Json0) / sizeof(Json0[0])},
};
enum class Key : uint16_t { s_101 = 101, s_102 = 102, s_103 = 103, s_104 = 104, s_105 = 105, s_106 = 106, s_107 = 107, s_108 = 108, s_109 = 109, s_116 = 116, s_117 = 117, s_120 = 120, s_124 = 124, s_128 = 128, s_129 = 129, s_131 = 131, s_132 = 132, s_142 = 142, s_144 = 144, s_145 = 145, s_146 = 146, s_147 = 147, s_148 = 148, s_149 = 149, s_151 = 151, s_152 = 152, s_153 = 153, s_155 = 155, s_157 = 157, s_164 = 164, s_166 = 166, s_167 = 167, s_168 = 168, s_169 = 169, s_170 = 170, s_171 = 171, s_174 = 174, s_175 = 175, s_176 = 176, s_177 = 177, s_178 = 178, s_179 = 179, s_180 = 180, s_181 = 181, s_182 = 182, s_183 = 183, s_184 = 184, s_185 = 185, s_186 = 186, s_187 = 187, s_188 = 188, s_190 = 190, s_191 = 191, s_192 = 192, s_194 = 194, s_195 = 195, s_196 = 196, s_198 = 198, s_199 = 199, s_200 = 200, s_204 = 204, s_207 = 207, s_209 = 209, s_210 = 210, s_211 = 211 };
static const char Value0_0[] PROGMEM = "AP: ";
static const char Value1_0[] PROGMEM = "Wi-Fi IP: ";
static const char Value2_0[] PROGMEM = "AP stopped.";
static const char Value3_0[] PROGMEM = "Wi-Fi lost.";
static const char Value4_0[] PROGMEM = "Wi-Fi timeout; starting AP.";
static const char Value5_0[] PROGMEM = "Scan failed.";
static const char Value6_0[] PROGMEM = "Save failed.";
#if ARDPORTAL_ENABLE_MQTT
static const char Value7_0[] PROGMEM = "MQTT failed. Check broker, credentials and TLS.";
#endif
static const char Value8_0[] PROGMEM = "Request too large.";
#if ARDPORTAL_ENABLE_OTA
static const char Value9_0[] PROGMEM = "No OTA space or invalid image size.";
#endif
#if ARDPORTAL_ENABLE_OTA
static const char Value10_0[] PROGMEM = "OTA started.";
#endif
static const char Value11_0[] PROGMEM = "Invalid request.";
static const char Value12_0[] PROGMEM = "Confirmation required.";
static const char Value13_0[] PROGMEM = "Formatted. Restarting.";
static const char Value14_0[] PROGMEM = "Format failed.";
static const char Value15_0[] PROGMEM = "Page not found";
static const char Value16_0[] PROGMEM = "Busy. Retry.";
static const char Value17_0[] PROGMEM = "Invalid settings.";
#if ARDPORTAL_ENABLE_MQTT
static const char Value18_0[] PROGMEM = "Connect Wi-Fi first.";
#endif
#if ARDPORTAL_ENABLE_MQTT
static const char Value19_0[] PROGMEM = "Connecting MQTT…";
#endif
#if ARDPORTAL_ENABLE_MQTT
static const char Value20_0[] PROGMEM = "TX queued";
#endif
#if ARDPORTAL_ENABLE_MQTT
static const char Value21_0[] PROGMEM = "MQTT disconnected.";
#endif
#if ARDPORTAL_ENABLE_MQTT
static const char Value22_0[] PROGMEM = "MQTT connected.";
#endif
#if ARDPORTAL_ENABLE_MQTT
static const char Value23_0[] PROGMEM = "MQTT topic ignored.";
#endif
#if ARDPORTAL_ENABLE_MQTT
static const char Value24_0[] PROGMEM = "MQTT transport/DNS failed.";
#endif
#if ARDPORTAL_ENABLE_OTA
static const char Value25_0[] PROGMEM = "Invalid firmware .bin.";
#endif
#if ARDPORTAL_ENABLE_OTA
static const char Value26_0[] PROGMEM = "OTA error: ";
#endif
#if ARDPORTAL_ENABLE_OTA
static const char Value27_0[] PROGMEM = "Updated. Restarting.";
#endif
#if ARDPORTAL_ENABLE_CONSOLE
static const char Value28_0[] PROGMEM = "MQTT RX: ";
#endif
#if ARDPORTAL_ENABLE_CONSOLE
static const char Value29_0[] PROGMEM = "Topic/value too long.";
#endif
static const char Value30_0[] PROGMEM = "Invalid config.";
static const char Value31_0[] PROGMEM = "Config recovered.";
static const char Value32_0[] PROGMEM = "Config ready.";
static const char Value33_0[] PROGMEM = "RAM/JSON limit.";
static const char Value34_0[] PROGMEM = "Storage not mounted.";
#if ARDPORTAL_ENABLE_MQTT
static const char Value35_0[] PROGMEM = "MQTT connected; saved.";
#endif
static const char Value36_0[] PROGMEM = "Reset complete. Reconnect via default AP.";
static const char Value37_0[] PROGMEM = "Saved.";
static const char Value38_0[] PROGMEM = "Save failed: ";
#if ARDPORTAL_ENABLE_DYNAMIC_PAGES
static const char Value39_0[] PROGMEM = "Invalid field value/definition.";
#endif
#if ARDPORTAL_ENABLE_CONSOLE
static const char Value40_0[] PROGMEM = "Binary bytes: ";
#endif
static const char Value41_0[] PROGMEM = "Restarting…";
static const char Value42_0[] PROGMEM = "Power on";
static const char Value43_0[] PROGMEM = "External reset";
static const char Value44_0[] PROGMEM = "Software restart";
static const char Value45_0[] PROGMEM = "Watchdog";
static const char Value46_0[] PROGMEM = "Exception";
static const char Value47_0[] PROGMEM = "Deep sleep wake";
static const char Value48_0[] PROGMEM = "Brownout";
static const char Value49_0[] PROGMEM = "Unknown";
static const char Value50_0[] PROGMEM = "Reset: ";
#if ARDPORTAL_ENABLE_DYNAMIC_PAGES
static const char Value51_0[] PROGMEM = "Invalid page JSON.";
#endif
#if ARDPORTAL_ENABLE_DYNAMIC_PAGES
static const char Value52_0[] PROGMEM = "Unsupported control: ";
#endif
#if ARDPORTAL_ENABLE_DYNAMIC_PAGES
static const char Value53_0[] PROGMEM = "Page missing: ";
#endif
#ifdef ARDUI_DEFINE_STORAGE_MESSAGES
static const char Value54_0[] PROGMEM = "Flash size mismatch.";
#endif
#ifdef ARDUI_DEFINE_STORAGE_MESSAGES
static const char Value55_0[] PROGMEM = "Storage format failed.";
#endif
#ifdef ARDUI_DEFINE_STORAGE_MESSAGES
static const char Value56_0[] PROGMEM = "Storage mount failed.";
#endif
#ifdef ARDUI_DEFINE_STORAGE_MESSAGES
static const char Value57_0[] PROGMEM = "Storage RAM/JSON limit.";
#endif
#ifdef ARDUI_DEFINE_STORAGE_MESSAGES
static const char Value58_0[] PROGMEM = "Storage read failed.";
#endif
#ifdef ARDUI_DEFINE_STORAGE_MESSAGES
static const char Value59_0[] PROGMEM = "Invalid stored config.";
#endif
#ifdef ARDUI_DEFINE_STORAGE_MESSAGES
static const char Value60_0[] PROGMEM = "Storage write/verify failed.";
#endif
#if ARDPORTAL_ENABLE_DEPENDENCIES
static const char Value61_0[] PROGMEM = "Field unavailable.";
#endif
static const char Value62_0[] PROGMEM = "Wi-Fi start (ms): ";
static const char Value63_0[] PROGMEM = "Wi-Fi elapsed (ms): ";
static const char Value64_0[] PROGMEM = "MQTT TLS disabled.";
struct Message { uint16_t id; const char* values[Count]; };
static const Message Messages[] PROGMEM = {
  {101, {Value0_0}},
  {102, {Value1_0}},
  {103, {Value2_0}},
  {104, {Value3_0}},
  {105, {Value4_0}},
  {106, {Value5_0}},
  {107, {Value6_0}},
#if ARDPORTAL_ENABLE_MQTT
  {108, {Value7_0}},
#endif
  {109, {Value8_0}},
#if ARDPORTAL_ENABLE_OTA
  {116, {Value9_0}},
#endif
#if ARDPORTAL_ENABLE_OTA
  {117, {Value10_0}},
#endif
  {120, {Value11_0}},
  {124, {Value12_0}},
  {128, {Value13_0}},
  {129, {Value14_0}},
  {131, {Value15_0}},
  {132, {Value16_0}},
  {142, {Value17_0}},
#if ARDPORTAL_ENABLE_MQTT
  {144, {Value18_0}},
#endif
#if ARDPORTAL_ENABLE_MQTT
  {145, {Value19_0}},
#endif
#if ARDPORTAL_ENABLE_MQTT
  {146, {Value20_0}},
#endif
#if ARDPORTAL_ENABLE_MQTT
  {147, {Value21_0}},
#endif
#if ARDPORTAL_ENABLE_MQTT
  {148, {Value22_0}},
#endif
#if ARDPORTAL_ENABLE_MQTT
  {149, {Value23_0}},
#endif
#if ARDPORTAL_ENABLE_MQTT
  {151, {Value24_0}},
#endif
#if ARDPORTAL_ENABLE_OTA
  {152, {Value25_0}},
#endif
#if ARDPORTAL_ENABLE_OTA
  {153, {Value26_0}},
#endif
#if ARDPORTAL_ENABLE_OTA
  {155, {Value27_0}},
#endif
#if ARDPORTAL_ENABLE_CONSOLE
  {157, {Value28_0}},
#endif
#if ARDPORTAL_ENABLE_CONSOLE
  {164, {Value29_0}},
#endif
  {166, {Value30_0}},
  {167, {Value31_0}},
  {168, {Value32_0}},
  {169, {Value33_0}},
  {170, {Value34_0}},
#if ARDPORTAL_ENABLE_MQTT
  {171, {Value35_0}},
#endif
  {174, {Value36_0}},
  {175, {Value37_0}},
  {176, {Value38_0}},
#if ARDPORTAL_ENABLE_DYNAMIC_PAGES
  {177, {Value39_0}},
#endif
#if ARDPORTAL_ENABLE_CONSOLE
  {178, {Value40_0}},
#endif
  {179, {Value41_0}},
  {180, {Value42_0}},
  {181, {Value43_0}},
  {182, {Value44_0}},
  {183, {Value45_0}},
  {184, {Value46_0}},
  {185, {Value47_0}},
  {186, {Value48_0}},
  {187, {Value49_0}},
  {188, {Value50_0}},
#if ARDPORTAL_ENABLE_DYNAMIC_PAGES
  {190, {Value51_0}},
#endif
#if ARDPORTAL_ENABLE_DYNAMIC_PAGES
  {191, {Value52_0}},
#endif
#if ARDPORTAL_ENABLE_DYNAMIC_PAGES
  {192, {Value53_0}},
#endif
#if ARDPORTAL_ENABLE_DEPENDENCIES
  {207, {Value61_0}},
#endif
  {209, {Value62_0}},
  {210, {Value63_0}},
  {211, {Value64_0}},
};
extern const Message StorageMessages[7] PROGMEM;
#ifdef ARDUI_DEFINE_STORAGE_MESSAGES
const Message StorageMessages[] PROGMEM = {
  {194, {Value54_0}},
  {195, {Value55_0}},
  {196, {Value56_0}},
  {198, {Value57_0}},
  {199, {Value58_0}},
  {200, {Value59_0}},
  {204, {Value60_0}},
};
#endif
} // namespace ArdUILanguageData
