// Author: Radoslaw Kubera (rkubera on GitHub).
// SPDX-License-Identifier: MIT
// Generated by tools/generate_languages.py. Edit languages/*.json instead.
#pragma once
#include <Arduino.h>
#include "ArdPortalFeatures.h"
#include "ArdAsset.h"
namespace ArdUILanguageData {
static constexpr size_t Count = 1;
static const char Manifest[] PROGMEM = "{\"default\":\"en\",\"languages\":[{\"code\":\"en\",\"name\":\"English\",\"locale\":\"en-GB\"}]}";
#if !ARDPORTAL_ENABLE_DYNAMIC_PAGES
#if ARDPORTAL_ENABLE_OTA && ARDPORTAL_ENABLE_MQTT && ARDPORTAL_ENABLE_CONSOLE
#if ARDPORTAL_ENABLE_MQTT_TLS
static const char Json0_0[] PROGMEM =
"\x1f\x8b\x08\x00\x00\x00\x00\x00\x02\xff\x7d\x57\xcd\x72\xdb\x36\x10\x7e\x95\x1d\xf7\xe2\x4c\x1d\xd9\xfa\x97\x9c\x43\x46\x91\xe3"
"\x89\xa7\x4e\xac\x5a\x72\x73\xec\xc0\x24\x24\x62\x4c\x02\x0c\x01\x4a\x55\x35\x9a\xe9\xd3\xf4\x15\x7a\xef\xa3\xf4\x49\xba\x0b\x62"
"\x29\x4a\x71\x7b\x91\xcd\x5d\x10\xd8\xfd\xf0\xed\xb7\xcb\xdd\x59\xa9\x7e\xbd\xba\x6a\x9f\x5d\x9f\x3d\x4a\x11\x2b\xbd\x02\xeb\x84"
"\x2b\xed\x3f\x7f\xfc\x79\x76\x51\x39\x3b\xe8\xbc\xd3\x4b\xc3\xcf\x7d\x7c\xbe\x91\x6b\x15\x49\xb6\x0c\x6a\x0b\x68\x91\xd5\xe6\x21"
"\x9a\xef\xa5\x73\xb2\xb0\x20\x74\x0c\xb1\x5a\x29\x67\x61\x59\x98\x0c\x9f\xb7\x90\x0a\xbd\x2a\xc5\x4a\x5e\x80\xcd\x45\x24\xed\x05"
"\x24\xdb\x3c\x91\xba\x5a\x5d\xea\x18\x5f\x8c\x4c\x21\xed\x3b\x28\x73\x70\x06\xba\x1d\x78\x5a\xdc\xbe\x1d\xc1\xf3\xd6\x49\xdb\x82"
"\xc9\xcc\xaf\xfc\xfc\xf3\x62\x01\x85\xcc\x53\xdc\x24\x6c\x05\x1b\xe5\x12\xde\xee\x1d\x44\x09\x1e\x85\xd6\x42\x46\x46\x6b\x19\xb9"
"\x16\xc7\x38\xc2\x18\xe7\x62\x5d\xc7\x3c\xc6\xe7\x5b\x11\x39\x53\x6c\x71\xb5\x95\x2e\x38\xda\x57\xe8\x98\x0a\x1d\xc9\x94\x2d\x04"
"\xda\x57\xf5\xf6\x56\x01\x2e\x2b\x73\x36\x13\x5c\xf3\x48\x68\xd0\xd2\x6d\x4c\xf1\x62\xd9\xd1\x45\xc7\x64\x2d\x54\x2a\x9e\x53\xf9"
"\x9d\xb7\x47\xfb\x27\xc6\x58\x09\x82\x9d\xec\x23\xc4\xe7\xf3\xbb\x1b\x7e\x1e\xd4\x27\xe7\xc2\x5a\x5c\x19\xb3\x87\x20\xff\x98\xe5"
"\x6e\x0b\x2f\x52\xe6\x16\x5c\x82\x88\x60\x7a\x71\xbd\x12\x96\xa6\x40\xb3\xb2\x7c\x08\x43\xd1\x26\x28\xa6\x15\x3c\x1e\xd6\x06\x2c"
"\x6d\x82\x65\x9a\x4a\x51\x80\x3f\x37\x98\x3b\x57\x6c\xb6\x95\xdd\xbf\x87\x04\x2a\xf0\x9a\x27\xb3\x16\x3c\xe0\xf9\x05\xc1\xe3\x90"
"\x59\x04\x7f\x26\x94\xe6\x03\x3b\x04\x20\x5e\x61\x13\xbd\x4e\xa7\xb2\x85\xd8\x9a\x74\xea\x10\x7e\x5f\xe4\x86\x6e\xfd\x24\xed\x4e"
"\xef\x95\xb4\x79\x8d\xa7\x09\xed\x83\x99\xa7\xa9\xd9\x58\x68\x50\xb5\x05\x8f\x4c\x09\x10\x4b\x64\x2a\x53\xa5\x0e\xb2\x1f\x08\x82"
"\xbb\xb0\x89\xe0\xf7\x9c\x3b\x8a\x9c\xa0\xff\x50\x98\x17\xdc\x43\xc4\x31\x72\x87\xaf\xb6\x43\xc0\x2e\x0a\xa1\x6d\x6e\x0a\xe6\x53"
"\x87\x10\x5d\x4c\x79\xcf\x2e\x21\xb9\xb8\x9f\xf3\x23\x41\x33\x9d\x40\x24\x0b\xa7\x96\x2a\x12\x4e\xc2\xf9\xec\xe3\xe7\x37\xec\xef"
"\xf8\x82\xfd\x56\x2a\x3c\x07\x5c\x51\x5a\x87\x57\x3c\x9d\x5c\x40\x26\x5c\x94\x50\x19\x27\xc6\x3a\x9f\x35\x5d\xc9\x97\xc5\x0c\x9c"
"\xc2\x74\xf9\x7d\xc2\x72\x76\x88\xa6\x4b\x00\x3e\x59\x59\x34\xf0\xee\xf6\x39\xcd\x13\xb4\xbb\x83\xff\x41\xfb\x40\xaf\x67\x8f\xc5"
"\x65\x89\xbb\xb6\xa0\x5a\x5e\x99\x50\x07\x2c\x95\x80\xf5\x85\x5b\x87\x44\x28\x3d\x2c\x26\x58\xea\x31\xa6\xcb\xd6\xf1\xa1\x2c\x96"
"\xaa\xc8\x36\xa2\x60\x57\x8f\x20\x3b\x9c\x66\x04\x1e\x4e\xb9\x2e\x53\x61\x13\xd4\x96\xad\x29\x1d\x1e\x3c\x9f\x8d\x3a\x83\xc1\x35"
"\xb4\x9e\x95\x06\x5c\x4d\x7f\x5b\xab\xdf\xbd\xa7\xdb\xb9\x06\x91\xe7\x29\x01\xac\x8c\x0e\x6b\x74\xba\xe5\xa0\x7a\x74\x0f\xb7\x27"
"\xe7\x12\xf6\x4f\x79\x6a\x44\x7c\x1c\x6b\x8f\x40\xfd\x09\x11\x81\xdc\x6c\x30\x4d\xa3\x89\x5d\xa1\x1a\x36\x28\x44\x10\x99\x2c\x4f"
"\xa5\x93\xef\xfe\xab\x24\x7a\xbd\xaa\x06\xad\x49\xeb\x5d\x3d\x7b\x4c\xae\x22\x36\x10\x24\xbf\x88\xb4\xe4\x15\x7d\x02\x62\x2e\x35"
"\xdf\x4f\xdf\xd7\x15\xea\xab\xa3\xb7\x40\xfe\x16\xc9\xdc\xc1\x0f\x97\x3f\xb6\x02\xf3\xaf\x21\xca\x74\x7c\x49\x77\x7d\x89\x21\x65"
"\x88\xda\x05\xac\xa4\x3b\xb1\x50\x23\x38\x32\x71\x94\xfd\x0a\x81\x46\xea\x7d\x4a\xfd\x93\xa9\xb9\xd3\xef\x05\x11\xd4\x98\xe4\xa1"
"\x95\xf4\xfb\x9e\xb6\x98\x3c\x88\x34\xad\x41\x78\xcf\xee\x41\x55\x6b\xc7\xef\x0c\x0f\xb2\x44\xbc\xf6\x3a\xd3\x70\x8f\x8e\xdd\x44"
"\xa9\x86\xf7\x44\xb7\xde\x37\xca\x7d\xad\x04\x69\x54\x58\x39\xa0\x0c\xe0\xef\xbf\xe0\xab\x50\x7e\x23\x62\x16\x96\x0d\xbb\x7b\xb5"
"\xe4\x2e\x51\xc1\x25\xaa\xca\x34\x91\xd1\x0b\x90\x2c\x5f\xd6\x52\xc3\xab\x29\xcf\xf3\x44\xc5\xb1\xd4\x5c\xb2\x83\xd7\x9b\xe4\xc0"
"\xa7\x97\x28\xec\x6f\xdb\xbc\x36\x8e\xd8\x58\x6b\xfe\x60\x5c\xe5\xb9\x54\xab\xb2\x90\x81\xe5\xc1\x37\x24\x02\xcc\x92\xad\x45\x1e"
"\xa7\xc7\x9e\xb6\x27\x8f\x43\x73\x22\x05\x4b\xd5\xd0\xdf\x9f\x16\xdc\x8b\xd8\x4c\x10\xdc\x16\x52\x1e\xad\xed\x85\xb2\xf4\x7d\x95"
"\x8d\x7d\x4f\x00\x52\x14\xb6\xf8\xec\x48\xa6\xa8\x04\x9b\x0e\xca\xef\x75\x4c\x87\x8d\xab\x93\x4c\xde\x21\xe5\x79\xa3\x6c\x74\x62"
"\x1f\x51\x8e\xf7\x93\x2f\x70\xc7\xaf\x8f\x42\xfb\x38\x18\x28\xad\xcc\x94\xba\xf1\x16\xa5\xa4\x8d\x83\x13\x73\xef\x70\x17\x66\xb9"
"\x4c\x95\x3e\x6e\x04\x0e\x68\x4e\xd1\xd8\x6b\xee\x66\xa1\x2d\x70\x43\x3a\x69\x0f\xa3\x7e\x2d\x06\x47\xac\x1d\x0d\x1a\xb4\x44\x65"
"\x49\x51\x8d\x99\x32\xb1\x3f\xb8\xde\x61\x18\x00\x26\xd0\x62\x20\xd1\x62\xcf\xd8\x0f\x5e\x6b\x91\xaa\x18\xa5\xc3\x8b\x02\x64\xd8"
"\x57\x70\x64\x0a\x4b\xc6\x57\x07\xbd\x78\x25\x93\xa3\x90\xc6\x6d\x16\x92\xcb\x35\xa9\x07\xca\x83\xc1\xb8\xf4\x8a\xcf\x1b\x13\x7e"
"\x9f\x16\xd8\x2a\x64\x51\xe0\x4d\xed\xaa\x49\x70\xcf\xee\xde\x41\xf7\x76\xc4\xe0\xbd\xbf\xeb\xa2\x52\x38\xdf\x04\xaa\xcc\xb8\x9c"
"\xc7\xfd\x90\xd9\xeb\xdb\x11\x42\xbb\x58\x6c\xed\x1e\xe8\x17\x76\x89\x29\x0b\x7c\x48\x60\x97\x29\x5d\xe2\x80\xb7\x07\xfc\x07\xdf"
"\xa3\x74\x62\x7c\xe2\x86\x3a\x26\xc8\xbc\x84\xed\xaa\x13\xf7\xac\x50\xbc\x60\xc4\xd5\x7a\x0d\xbb\x0d\x36\xd0\x3d\x55\x36\x49\x03"
"\x3e\x67\xdf\x9c\xdb\xef\x5c\x6a\xf7\xbb\x28\x35\xd1\x8b\xf7\xdd\xcd\xd0\xa3\xf2\xfd\x4e\xe4\x75\x80\x04\xff\x7d\x18\x51\x2b\x5b"
"\xdb\x6b\xef\x29\x71\xaa\x5b\x8d\xea\xcb\x0e\x78\xb6\xbd\x2e\x87\x06\x10\xa0\x61\x4f\xfb\x3b\xcf\x7b\x76\x0d\xfc\xa9\xd6\x55\xd3"
"\x27\xfe\x0a\x6b\x34\x3b\x29\xf1\xcf\x4a\xab\xac\xcc\x70\x8c\x3e\xaa\xd4\xb6\x57\xc2\x7b\x51\x20\x3b\x9d\xb7\xc3\x33\xa5\x17\xbc"
"\x5e\xdf\x42\xe4\xe1\xca\x90\x1d\xec\xec\x85\x22\x05\xf1\x8c\x04\xc4\x01\xb4\xba\x01\x5f\xb0\x24\xeb\x9c\x92\x17\xb6\xb9\x8c\xbc"
"\x04\x1d\x0d\xa9\x6d\xaf\x6f\x0f\xb9\xd4\x27\x76\x5f\xb8\x8d\xa1\xb1\xed\xeb\x96\xee\x82\x9f\x89\x76\x70\x8e\xc3\xcf\x1b\xb6\xb0"
"\x16\x4f\xc2\xad\xb0\x9d\xc2\xdc\x79\xf2\xee\xe1\x03\x1b\x29\xa4\x9d\xb5\x2a\xde\xc3\xf9\xae\xc0\x7f\x90\x4f\x1f\x32\xde\x6b\x5c"
"\x35\xc7\xd0\x6d\xfd\x28\x8c\x37\x16\x0a\x1d\x3f\x29\x88\xb6\x54\xe8\x61\x7c\x8d\xf0\xdb\xc1\x62\xff\x56\xda\x5d\x07\x96\x5f\xd0"
"\x1a\x8d\xa0\x19\x4a\xce\xcf\x3a\x38\x38\x89\x94\x31\xf1\x65\x7a\x8b\x3d\xc1\x6e\x71\x0a\xcb\xd8\x3a\x3a\xe0\x8d\xcc\x2c\x97\xf8"
"\x4d\x81\xa8\x15\xec\x1e\x1e\xdc\xb1\xb4\x51\xa1\x72\xa2\x0e\x07\xdd\x1c\x3b\xe0\xe9\xf1\x9e\xed\x87\xc6\x5b\x7d\x45\x35\x5c\xdd"
"\x86\x58\x2c\x1b\xaf\xd2\xcc\x23\xfd\xf4\xb5\xc4\x18\x39\x68\x5f\xcc\x37\x66\xa3\x83\x72\xd5\xaf\xd4\x7a\xd1\xf6\xe5\xcb\x4b\x4e"
"\xba\x1e\xa1\x80\x7b\x5f\xd0\x44\xb7\xb1\x0d\x79\x0c\x00\xfa\xcf\x00\x59\xac\xd1\x33\x7d\x78\x9c\xd7\x9d\xbe\x75\xb6\xff\x17\xb5"
"\x56\xd6\x3a\x72\x0e\x00\x00";
static const ArdAssetChunk Json0[] PROGMEM = {
  {Json0_0,sizeof(Json0_0)-1},
};
#else
static const char Json0_0[] PROGMEM =
"\x1f\x8b\x08\x00\x00\x00\x00\x00\x02\xff\x7d\x57\xdb\x72\xdb\x36\x10\xfd\x95\x1d\xf7\x25\x99\x3a\xb2\x75\x97\x9c\x87\x8c\x63\xd7"
"\x13\x4f\x9d\x58\xb5\xe4\xe6\xb1\x03\x93\xa0\x88\x31\x09\xb0\x04\x68\x55\xe5\x68\xa6\x5f\xd3\x5f\xe8\x7b\x3f\xa5\x5f\xd2\x5d\x10"
"\x4b\x51\x8a\xdb\x17\xdb\xdc\xc5\x65\xf7\xec\xd9\x83\x75\x7d\x52\xa9\x5f\xce\xcf\xfb\x27\x17\x27\x0f\x52\xc4\x4a\xaf\xc1\x3a\xe1"
"\x2a\xfb\xcf\x1f\x7f\x9e\x9c\x36\xce\x01\x3a\x6f\x75\x62\xf8\x7b\x8c\xdf\xd7\xf2\x45\x45\x92\x2d\x93\xd6\x02\x5a\xe4\xad\x79\x8a"
"\xe6\x3b\xe9\x9c\x2c\x2d\x08\x1d\x43\xac\xd6\xca\x59\x48\x4a\x93\xe3\xf7\x16\x32\xa1\xd7\x95\x58\xcb\x53\xb0\x85\x88\xa4\x3d\x85"
"\x74\x5b\xa4\x52\x37\xab\x2b\x1d\xe3\xc6\xc8\x94\xd2\xbe\x87\xaa\x00\x67\x60\x38\x80\xc7\xd5\xcd\xbb\x19\x3c\x6d\x9d\xb4\x3d\xb8"
"\x5c\xf8\x95\x9f\x7f\x5a\xad\xa0\x94\x45\x86\x87\x84\xa3\x60\xa3\x5c\xca\xc7\xbd\x87\x28\xc5\xab\xd0\x5a\xca\xc8\x68\x2d\x23\xd7"
"\xe3\x18\x67\x18\xe3\x52\xbc\xb4\x31\xcf\xf1\xfb\x46\x44\xce\x94\x5b\x5c\x6d\xa5\x0b\x8e\xfe\x39\x3a\xae\x84\x8e\x64\xc6\x16\x02"
"\xed\xab\x7a\x77\xa3\x00\x97\x55\x05\x9b\x09\xae\x65\x24\x34\x68\xe9\x36\xa6\x7c\xb6\xec\x18\xa2\xe3\xf2\x45\xa8\x4c\x3c\x65\xf2"
"\x1b\xef\x88\xce\x4f\x8d\xb1\x12\x04\x3b\xd9\x47\x88\x2f\x97\xb7\xd7\xfc\x3d\x69\x6f\x2e\x84\xb5\xb8\x32\x66\x0f\x41\xfe\x43\x5e"
"\xb8\x2d\x3c\x4b\x59\x58\x70\x29\x22\x82\xe9\xc5\xed\x4a\x48\x4c\x89\x66\x65\xf9\x12\x86\xa2\x4f\x50\x5c\x35\xf0\x78\x58\x3b\xb0"
"\xf4\x09\x96\xab\x4c\x8a\x12\xfc\xbd\xc1\x3c\x38\x67\xb3\x6d\xec\x7e\x1f\x12\xa8\xc4\x32\x5f\x2e\x7a\x70\x8f\xf7\x97\x04\x8f\x43"
"\x66\x11\xfc\xb9\x50\x9a\x2f\x1c\x10\x80\x58\xc2\x2e\x7a\x83\x41\x63\x0b\xb1\x75\xe9\x34\x20\xfc\xbe\xc8\x0d\x55\xfd\x28\xed\xc1"
"\xe8\x95\xb4\x79\x8d\xa7\x09\x9d\x83\x99\x67\x99\xd9\x58\xe8\x50\xb5\x07\x0f\x4c\x09\x10\x09\x32\x95\xa9\xd2\x06\x39\x0e\x04\xc1"
"\x53\xd8\x44\xf0\x7b\xce\x1d\x44\x4e\xd0\x7f\x2c\xcd\x33\x9e\x21\xe2\x18\xb9\xc3\xa5\x1d\x52\xe0\x0b\x53\x32\x95\x86\x14\xed\xa3"
"\x95\x65\x27\xb9\xe1\x98\xcf\x3c\x4a\x6d\x38\xf9\x9f\xd4\xf6\xb5\x7c\xf2\x17\x9f\x55\x78\x6a\x0f\x9a\xe5\x8d\x09\x9b\xce\x12\xdf"
"\xac\xef\x12\xce\x6a\x48\xb5\xbe\x5f\x5d\x62\x5f\xc5\xc2\xb5\x41\xcc\xf7\x1c\x4c\x54\x99\x6f\x44\xc9\xae\x11\x55\x7a\x7f\x9b\x11"
"\x78\x39\xd5\x3a\xc9\x84\x4d\xb1\x91\xb7\xa6\x72\x78\xf1\x72\x31\x1b\x4c\x26\x17\xd0\x7b\x52\x1a\x70\x35\xfd\xee\xad\x7f\xf7\x9e"
"\xe1\xe0\x02\x44\x51\x64\x2a\x12\x4e\x19\x1d\xd6\xe8\x6c\xcb\x41\x8d\x88\x0f\x37\x47\xf7\x12\x1f\x1e\x8b\xcc\x88\xf8\x30\xd6\x11"
"\x81\xfa\x23\x22\x02\x85\xd9\x60\x9a\x46\x53\x29\x03\xf5\x36\xd8\xf5\x10\x99\xbc\xc8\xa4\x93\xef\xff\x8b\x7f\xa3\x51\x43\x78\x6b"
"\xb2\xf6\x54\xc2\x65\x65\x0a\x15\xb1\x81\x20\xf9\x59\x64\x15\xaf\x18\x13\x10\x4b\xa9\xb9\x3e\x63\x4f\x62\x14\x33\x47\xbb\x40\xfe"
"\x16\xc9\xc2\xc1\x77\x67\xdf\xf7\x02\xcd\x2e\x20\xca\x75\x7c\x46\xb5\x3e\xc3\x90\x72\x44\xed\x14\xd6\xd2\x1d\x59\x48\x75\x0f\x4c"
"\x1c\xe5\xb8\x41\xa0\x93\xfa\x98\x52\xff\x64\x5a\xee\x8c\x47\x41\x71\x34\x26\xb9\xd7\xed\xf1\xd8\x8b\x3a\x26\x0f\x22\xcb\x5a\x10"
"\x3e\xb0\x7b\xd2\x10\xfb\x70\xcf\x74\xaf\x01\xf4\x16\xf8\xa6\xee\xb8\x67\x87\x6e\xa2\x54\xc7\x7b\x24\x12\x1f\x3a\xbd\xf5\xa2\x04"
"\x09\x42\x58\x39\xa1\x0c\xe0\xef\xbf\xe0\xab\x50\xfe\x20\x62\xd6\x97\x15\x37\xd8\x64\xd4\xea\x5b\x82\x72\x29\xb1\x85\xaf\x52\x19"
"\x3d\x03\x69\xe0\x59\xdb\xd7\xbc\x9a\xf2\x7c\x93\xaa\x38\x96\xfa\x2d\xdb\x5e\x7f\x91\x26\x3e\xbd\x54\xe1\x63\xb2\x2d\x5a\xe3\x8c"
"\x8d\xad\xc0\x4e\xe6\x4d\x9e\x89\x5a\x57\xa5\x0c\x2c\x0f\xbe\x29\x11\x60\x91\x6e\x2d\xf2\x38\x3b\xf4\xf4\x3d\x79\x1c\x9a\x53\x29"
"\x58\x17\xa6\xbe\x7e\x5a\xb0\xf0\xb3\x99\x20\xb8\x29\xa5\x3c\x58\x3b\x0a\x6d\xe9\x1f\x31\x36\x8e\x3d\x01\x9c\x6a\xd3\x98\xfa\xec"
"\x90\x10\xbe\x05\xbb\x0e\xca\xef\x75\x4c\xa7\x9d\xd2\x49\x26\xef\x94\xf2\xbc\x56\x36\x3a\xb2\xcf\x28\xc7\xbb\xcb\x2f\x70\xcb\xdb"
"\x67\x41\xab\xf7\x06\x4a\x2b\x37\x95\xee\xec\xa2\x94\xb4\x71\x70\x64\x1e\xed\x6b\x61\x92\x24\x53\xfa\x50\x75\x1d\xd0\x50\xa0\x51"
"\xd8\x6f\x17\x41\x83\x59\xfd\x8f\xb4\x78\x36\x6e\xc5\xe0\x80\xb5\xb3\x49\x87\x96\xa8\x2c\x99\xb1\x8e\x29\x13\xfb\x8b\xdb\x13\xa6"
"\x01\x60\x02\x2d\x06\x12\x2d\xf6\xcc\xfd\x94\xf3\x22\x32\x15\xa3\x74\x78\x51\x80\x1c\x45\x1c\xe7\x93\xb0\x64\x7e\xbe\xd7\x8b\x57"
"\x32\x39\x08\x69\xde\x67\x21\x39\x7b\x21\xf5\x40\x79\x30\x18\x97\x5e\xf3\x7d\x73\xc2\xef\xd3\x6a\xb5\x00\x59\x96\x58\xa9\xba\x19"
"\xbb\x76\xec\x1e\xed\x75\xaf\x26\x06\xef\x7c\xad\xcb\x46\xe1\xfc\x23\xd0\x64\xc6\xed\x3c\x1f\x87\xcc\x5e\x3f\x8e\x10\xaa\x63\xb1"
"\xb5\x3b\xa0\x9f\x50\xa7\xa6\x2a\xf1\x23\x85\x3a\x57\xba\xc2\x69\x6a\x07\xf8\x07\xee\xa3\x74\x62\xfc\xe2\xd7\x6b\x4e\x90\x79\x09"
"\xab\x9b\x1b\x77\xac\x50\xbc\x60\xc6\xdd\x7a\x01\xf5\x46\x25\x6a\x47\x9d\x4d\xd2\x80\xdf\xf9\xaf\xce\xed\x6a\x97\xd9\x5d\x1d\x65"
"\x26\x7a\xf6\xbe\xdb\x05\x7a\x54\xb1\xab\x45\xd1\x06\x48\xf0\xdf\x85\x79\xb0\xb1\xf5\xbd\xf6\x1e\x13\xa7\xa9\x6a\xd4\x16\x3b\xe0"
"\xd9\xf7\xba\x1c\x1e\x80\x00\x0d\x7b\xfa\xdf\x78\x3e\xb0\x6b\xe2\x6f\xb5\xae\x19\xf5\xf0\xa7\xb0\x46\xb3\x93\x12\xff\xac\xb4\xca"
"\xab\x1c\x67\xd6\x83\x4e\xed\x7b\x25\xbc\x13\x25\xb2\xd3\x79\x3b\x3c\x51\x7a\xc1\xeb\xf5\x2d\x44\x1e\x4a\x86\xec\x60\xe7\x28\x34"
"\x29\x88\x27\x24\x20\x4e\x7b\x4d\x05\x7c\xc3\x92\xac\x73\x4a\x5e\xd8\x96\x32\xf2\x12\x74\x30\x11\xf6\xbd\xbe\xdd\x17\x52\x1f\xd9"
"\x7d\xe3\x76\x26\xb4\xbe\xef\x5b\xaa\x05\x7f\x13\xed\xe0\xcd\xea\x6e\xf9\x96\x2d\xac\xc5\x97\xa1\x2a\x6c\xa7\x30\x6b\x4f\xde\x1d"
"\x7c\x64\x23\x85\x54\x5b\xab\xe2\x1d\xbc\xa9\x4b\xfc\x03\xf9\xf4\x31\xe7\xb3\xe6\xcd\xe3\x18\x5e\x5b\x3f\x77\x62\xc5\x42\xa3\xe3"
"\xfc\x4e\xb4\xa5\x46\x0f\xb3\x62\x84\x83\xba\xc5\xf7\x5b\x69\x77\x11\x58\x7e\x4a\x6b\x34\x82\x66\x28\x39\x3f\xeb\xe0\xe0\x24\x32"
"\xc6\xc4\xb7\xe9\x0d\xbe\x09\x76\x6b\x9d\xcc\xd9\x3a\xdb\xe3\x8d\xcc\xac\x12\x1c\xe0\x11\xb5\x92\xdd\xd3\xbd\x3b\x96\x36\x2a\x55"
"\x41\xd4\xe1\xa0\xbb\x63\x07\x3c\x3e\xdc\xb1\x7d\xff\xf0\x36\xff\xb2\x74\x5c\xc3\x8e\x58\x24\x9d\xad\x34\xf3\x48\x3f\x7d\x25\x18"
"\x23\x07\xed\x9b\xf9\xda\x6c\x74\x50\xae\x76\x4b\xab\x17\x7d\xdf\xbe\xbc\xe4\xe8\xd5\x23\x14\xf0\xec\x53\x9a\xe8\x36\xb6\x23\x8f"
"\x01\x40\x3f\x73\xcb\xf2\x05\x3d\x57\xf7\x0f\xcb\xf6\xa5\xef\x9d\xec\xfe\x05\x62\x56\xae\x18\xdf\x0d\x00\x00";
static const ArdAssetChunk Json0[] PROGMEM = {
  {Json0_0,sizeof(Json0_0)-1},
};
#endif
#elif ARDPORTAL_ENABLE_OTA && ARDPORTAL_ENABLE_MQTT && !ARDPORTAL_ENABLE_CONSOLE
#if ARDPORTAL_ENABLE_MQTT_TLS
static const char Json0_0[] PROGMEM =
"\x1f\x8b\x08\x00\x00\x00\x00\x00\x02\xff\x7d\x57\xcd\x6e\x1b\x37\x10\x7e\x95\x81\x4f\x0e\xe0\x28\xd6\xbf\xec\x1c\x02\x45\x8e\x11"
"\xa3\x4e\xac\x5a\x72\x73\x2c\xe8\x5d\xca\x4b\x78\x97\xdc\x90\x5c\x0b\x8a\x20\xa0\x4f\xd3\x57\xe8\xbd\x8f\xd2\x27\xe9\x0c\x97\xb3"
"\x5a\x29\x6e\x2f\xb6\x39\xc3\xe5\x70\xbe\xf9\xe6\xe3\x78\x7b\x52\xa9\xdf\xcf\xcf\xbb\x27\x97\x27\xf7\x52\xa4\x4a\x3f\x81\xf3\xc2"
"\x57\xee\x9f\x3f\xfe\x3c\x39\xab\x9d\x3d\x74\xde\xe8\x95\xe1\xf5\x10\xd7\x57\xf2\x45\x25\x92\x2d\xa3\xc6\x02\x5a\x14\x8d\x79\x8c"
"\xe6\x5b\xe9\xbd\xb4\x0e\x84\x4e\x21\x55\x4f\xca\x3b\x58\x59\x53\xe0\x7a\x03\xb9\xd0\x4f\x95\x78\x92\x67\xe0\x4a\x91\x48\x77\x06"
"\xd9\xa6\xcc\xa4\xae\x77\x57\x3a\xc5\x0f\x13\x63\xa5\x7b\x0f\x55\x09\xde\x40\xbf\x07\x0f\xcb\xeb\xb7\x13\x78\xdc\x78\xe9\x3a\x30"
"\x9d\x87\x9d\x5f\x7e\x5d\x2e\xc1\xca\x32\xc7\x43\xe2\x51\xb0\x56\x3e\xe3\xe3\xde\x43\x92\x61\x28\xb4\x5a\x99\x18\xad\x65\xe2\x3b"
"\x7c\xc7\x09\xde\x71\x21\x5e\x9a\x3b\x5f\xe0\xfa\x5a\x24\xde\xd8\x0d\xee\x76\xd2\x47\x47\xf7\x1c\x1d\x33\xa1\x13\x99\xb3\x85\x40"
"\xfb\xa6\xde\x5e\x2b\xc0\x6d\x55\xc9\x66\x82\x6b\x91\x08\x0d\x5a\xfa\xb5\xb1\xcf\x8e\x1d\x7d\x74\x4c\x5f\x84\xca\xc5\x63\x2e\x7f"
"\xf2\x0e\xe8\xfc\xcc\x18\x27\x41\xb0\x93\x7d\x84\xf8\x62\x71\x73\xc5\xeb\x51\x13\xb9\x14\xce\xe1\xce\x94\x3d\x04\xf9\xa7\xa2\xf4"
"\x1b\x78\x96\xb2\x74\xe0\x33\x44\x04\xd3\x4b\x9b\x9d\xb0\x32\x16\xcd\xca\x71\x10\x86\xa2\x4b\x50\xcc\x6a\x78\x02\xac\x2d\x58\xba"
"\x04\xcb\x2c\x97\xc2\x42\x88\x1b\xcd\xbd\x73\x36\xbb\xda\x1e\xbe\x43\x02\x59\x2c\xf3\x74\xde\x81\x3b\x8c\x6f\x09\x1e\x8f\xcc\x22"
"\xf8\x0b\xa1\x34\x07\xec\x11\x80\x58\xc2\x36\x7a\xbd\x5e\x6d\x8b\x77\x6b\xd3\xa9\x47\xf8\x7d\x95\x6b\xaa\xfa\x51\xda\xbd\xc1\x2b"
"\x69\xf3\x9e\x40\x13\x3a\x07\x33\xcf\x73\xb3\x76\xd0\xa2\x6a\x07\xee\x99\x12\x20\x56\xc8\x54\xa6\x4a\x73\xc9\x61\x24\x08\x9e\xc2"
"\x26\x82\x3f\x70\xee\xe0\xe6\x04\xfd\x47\x6b\x9e\xf1\x0c\x91\xa6\xc8\x1d\x2e\x6d\x8f\x80\x5d\x5a\xa1\x5d\x69\x2c\xf3\xa9\x47\x88"
"\x2e\x67\x7c\x66\x9f\x90\x5c\xde\x2e\x78\x49\xd0\xcc\xa6\x90\x48\xeb\xd5\x4a\x25\xc2\x4b\x38\x9d\x7f\xfa\xf2\x86\xfd\xbd\xd0\xb0"
"\xdf\x2b\x85\x71\xc0\xdb\xca\x79\x2c\xf1\x6c\x7a\x06\x85\xf0\x49\x46\x6d\x9c\x19\xe7\x43\xd6\x54\x92\xaf\xcb\x39\x78\x85\xe9\xf2"
"\xf7\x84\xe5\x7c\x7f\x9b\x3e\x01\xf8\xe0\xa4\x6d\xe1\xdd\x1f\x72\x9a\x47\x68\xf7\x47\xff\x83\xf6\x9e\x5e\x8f\x01\x8b\x77\x15\x9e"
"\xda\x81\x7a\x7b\x6d\x42\x1d\x70\xd4\x02\x2e\x34\x6e\x73\x25\x42\xe9\x6e\x39\xc5\x56\x4f\x31\x5d\xb6\x5e\xec\xdb\x62\xa5\x6c\xb1"
"\x16\x96\x5d\x03\x82\x6c\x1f\xcd\x08\x0c\x4e\xb9\xae\x72\xe1\x32\xd4\x96\x8d\xa9\x3c\x06\x5e\xcc\x27\xbd\xd1\xe8\x12\x3a\x8f\x4a"
"\x03\xee\xa6\xdf\x9d\xa7\x1f\xc1\xd3\xef\x5d\x82\x28\xcb\x9c\x00\x56\x46\xc7\x3d\x3a\xdf\xf0\xa5\x06\x54\x87\xeb\xa3\xb8\x84\xfd"
"\x43\x99\x1b\x91\x1e\xde\x75\x40\xa0\xfe\x82\x88\x40\x69\xd6\x98\xa6\xd1\xc4\xae\xd8\x0d\x6b\x14\x22\x48\x4c\x51\xe6\xd2\xcb\xf7"
"\xff\xd5\x12\x03\x4a\xf7\x37\x91\x57\x7c\xe6\xb0\x0e\xd6\x8a\x32\xa4\x28\x9f\x4d\x53\xa6\xe1\x20\xea\x8d\xc6\xf3\xf6\xaa\x3d\x1c"
"\x06\x86\x60\x1c\x10\x79\xde\xc4\xfb\xc0\xee\x51\x4d\xeb\xc3\x6f\xc6\x7b\x05\x20\x0a\x85\x96\x6e\xb9\x27\x87\x6e\xaa\x5e\xcb\x7b"
"\x24\x11\x1f\x5a\x9d\xf5\xa2\x04\xc9\x41\xdc\x39\xa2\x0c\xe0\xef\xbf\xe0\x9b\x50\xe1\x20\x2a\x22\x32\x94\xdd\x83\x46\xdd\x56\x28"
"\x96\x12\x1b\x78\x96\xc9\xe4\x19\x48\x01\xdf\x35\x5d\xcd\xbb\x29\xcf\xd3\x4c\xa5\xa9\xd4\xdc\x1d\xa3\xd7\xdf\xa3\x51\x48\x2f\x53"
"\xf8\x94\x6c\xca\xc6\x38\x61\x63\x23\xaf\xa3\x8b\x3a\xcf\x95\x7a\xaa\xac\x8c\x84\x8a\xbe\x31\x91\x6e\x9e\x6d\x1c\x52\x26\x3f\xf4"
"\x10\x55\x96\xc6\xa3\x39\x93\x82\x55\x61\x1c\xea\xa7\x05\xcb\x3e\x9b\x09\x82\x6b\x2b\xe5\xc1\xde\x41\xec\x80\xf0\x84\xb1\x71\x18"
"\x08\x40\xcd\xcb\x96\x90\x1d\x29\x02\xb1\xbd\xed\xa0\xfc\x5e\xc7\x74\xdc\x2a\x9d\xe4\x3e\x1e\x53\x9e\x57\xca\x25\x47\xf6\x09\xe5"
"\x78\x3b\xfd\x0a\x37\xfc\xf9\x24\x2a\xf5\xde\x40\x69\x15\xa6\xd2\xad\xaf\x28\x25\x6d\x3c\x1c\x99\x07\xfb\x5a\x98\xd5\x2a\x57\xfa"
"\x50\x73\x3d\xd0\x48\xa0\x51\xd6\x6f\xe6\x51\x81\x59\xfb\x8f\x94\x78\x32\x6c\xfa\xee\x80\xb5\x93\x51\x8b\x96\xd8\xc4\x39\x0a\x1f"
"\x53\x26\x0d\x81\x9b\x13\xc6\x11\x60\x02\x2d\x05\xd2\x87\xe8\xb9\xa0\x7c\x3e\x2f\x51\x25\xa5\xb5\x88\xdc\xb6\x1e\x82\x76\xec\x1e"
"\xec\x5b\x7e\x4b\x8c\xda\x05\xec\x6d\xdd\xdc\x41\xff\xea\x48\xdc\x5e\x17\xc3\x18\xe9\xf5\xe3\xe8\xc6\xdb\x54\x6c\xdc\x0e\xe8\x27"
"\x6c\x33\x53\x59\x5c\x64\xb0\x2d\x94\xae\x70\xb6\xd9\x01\xfe\x81\xdf\x11\x50\x29\xae\xf8\x2d\xb9\x98\x70\x73\x5c\xc2\x76\x8d\x4f"
"\xc3\x8e\x1a\x89\x3a\x11\xd7\xc5\x77\xef\x77\x5b\x9f\xbb\xdd\x36\xc9\x4d\xf2\x1c\x7c\x37\x73\xf4\xa8\x72\xb7\x15\x65\x13\x9f\x0a"
"\x7f\x1b\x87\xaf\xda\xd6\x0d\xca\x73\x5c\xa7\x1a\xc4\xa4\xc1\x36\xc2\xd5\x1d\x9e\xd7\xe2\x12\xb2\x4f\x5b\xa3\x60\x77\xd8\xfd\xc9"
"\xf3\x81\x5d\xa3\x10\xd5\xf9\x7a\xae\xc2\x9f\xc2\x19\xcd\x4e\x2a\xcd\x17\xa5\x55\x51\x15\x38\x20\x1e\x34\x46\x37\x08\xcf\xad\xb0"
"\x48\x06\x1f\xec\xf0\x48\xe9\x45\x6f\x90\x93\x78\xf3\x58\x11\xe4\x07\x3b\x07\xb1\x27\x40\x3c\x62\xbd\x71\xb4\xaa\x01\x0e\xfd\x41"
"\x2a\xca\x29\x05\x1d\x59\xc8\x24\x74\xfc\xc1\xf8\xd5\x0d\x72\x72\x57\x4a\x7d\x64\x0f\x7d\xd2\x1a\x87\xba\xa1\x4d\xa8\x16\xbc\x26"
"\x56\xc1\x29\x3e\xeb\x6f\xd8\xc2\xd2\x37\x8d\x55\x61\x3b\x5d\x73\xfb\x42\xc2\xbf\x83\x8f\x6c\xa4\x2b\x6d\x9d\x53\xe9\x0e\x4e\xb7"
"\x16\xff\x40\xba\x7c\x2c\xf8\xac\x8b\xf3\x70\xe3\xf8\x8e\x84\x21\x0f\x2b\x16\xfb\x0a\x87\x65\x62\x25\xf5\x55\x1c\xcc\x12\x9c\x8a"
"\x1d\xbe\x4c\x4a\xfb\xcb\x48\xe2\x33\xda\xa3\x11\x34\x43\xc9\x85\x57\x1c\x47\x02\x91\x33\x26\x93\x30\x0c\xa3\x04\xbb\x0d\xce\x17"
"\x05\x5b\x27\x7b\xbc\x0b\xa1\xab\x15\x4e\xcb\x88\x9a\x65\xf7\x78\xef\x4e\xa5\x4b\xac\x2a\x89\x3a\x7c\xe9\xf6\x83\x0a\x0f\xf7\xb7"
"\x6c\xdf\xbf\x73\xf5\xff\x07\x2d\x57\x3f\xfc\xff\x81\xe0\xa8\xb4\x99\x01\xc8\x4f\xaf\xb9\x0c\x73\xc5\x0a\xef\xc8\x97\x0e\xbd\x7a"
"\x65\xd6\x3a\x0a\x45\xf3\x49\xa3\x18\xdd\xd0\x9d\xbc\xe5\xe8\x91\x21\x14\xf0\xec\x33\x9a\x55\xd6\xae\xa5\x46\x11\xc0\x30\xe0\x4a"
"\xfb\x82\x9e\xd9\xdd\xfd\xa2\x79\x58\x3b\x27\xbb\x7f\x01\xc8\xe9\xa6\x8b\x4c\x0d\x00\x00";
static const ArdAssetChunk Json0[] PROGMEM = {
  {Json0_0,sizeof(Json0_0)-1},
};
#else
static const char Json0_0[] PROGMEM =
"\x1f\x8b\x08\x00\x00\x00\x00\x00\x02\xff\x7d\x56\xcd\x6e\x1b\x37\x10\x7e\x95\x81\x4f\x09\xe0\x28\xd6\xbf\xe4\x1c\x02\xc7\xae\x11"
"\xa3\x4e\xac\x5a\x72\x73\x2c\xe8\x5d\xca\x4b\x78\x97\xdc\x92\x5c\x0b\xca\x42\x40\x9f\xa6\xaf\xd0\x7b\x1f\xa5\x4f\xd2\x19\x2e\x67"
"\xb5\x52\xdc\x5e\x64\x73\x86\x3b\x3f\xdf\x7c\x33\x9c\xfa\xa4\x52\xbf\x9d\x9d\xf5\x4f\xce\x4f\xee\xa5\x48\x95\x7e\x02\xe7\x85\xaf"
"\xdc\x3f\x7f\xfc\x79\x72\xda\x28\x07\xa8\xbc\xd1\x6b\xc3\xe7\x31\x9e\xaf\xe4\x8b\x4a\x24\x4b\x26\xad\x04\xb4\x28\x5a\xf1\x14\xc5"
"\xb7\xd2\x7b\x69\x1d\x08\x9d\x42\xaa\x9e\x94\x77\xb0\xb6\xa6\xc0\xf3\x16\x72\xa1\x9f\x2a\xf1\x24\x4f\xc1\x95\x22\x91\xee\x14\xb2"
"\x6d\x99\x49\xdd\xdc\xae\x74\x8a\x1f\x26\xc6\x4a\xf7\x01\xaa\x12\xbc\x81\xe1\x00\x1e\x56\xd7\xef\x66\xf0\xb8\xf5\xd2\xf5\xe0\x62"
"\x11\x6e\x7e\xf9\x65\xb5\x02\x2b\xcb\x1c\x8d\x44\x53\xb0\x51\x3e\x63\x73\x1f\x20\xc9\xd0\x15\x4a\xad\x4c\x8c\xd6\x32\xf1\x3d\x8e"
"\x71\x86\x31\x2e\xc5\x4b\x1b\xf3\x1c\xcf\xd7\x22\xf1\xc6\x6e\xf1\xb6\x93\x3e\x2a\xfa\x67\xa8\xb8\x14\x3a\x91\x39\x4b\x08\xb4\x6f"
"\xea\xdd\xb5\x02\xbc\x56\x95\x2c\x26\xb8\x96\x89\xd0\xa0\xa5\xdf\x18\xfb\xec\x58\x31\x44\xc5\xc5\x8b\x50\xb9\x78\xcc\xe5\x0f\xda"
"\x11\xd9\xcf\x8c\x71\x12\x04\x2b\x59\x47\x88\x2f\x97\x37\x57\x7c\x9e\xb4\x9e\x4b\xe1\x1c\xde\x4c\x59\x43\x90\xff\x54\x94\x7e\x0b"
"\xcf\x52\x96\x0e\x7c\x86\x88\x60\x7a\x69\x7b\x13\xd6\xc6\xa2\x58\x39\x76\xc2\x50\xf4\x09\x8a\xcb\x06\x9e\x00\x6b\x07\x96\x3e\xc1"
"\x72\x99\x4b\x61\x21\xf8\x8d\xe2\xc1\x19\x8b\x5d\x23\x0f\xdf\x21\x81\x2c\x96\xf9\x62\xd1\x83\x3b\xf4\x6f\x09\x1e\x8f\xcc\x22\xf8"
"\x0b\xa1\x34\x3b\x1c\x10\x80\x58\xc2\x2e\x7a\x83\x41\x23\x8b\xb1\x75\xe9\x34\x20\xfc\xbe\xca\x0d\x55\xfd\x28\xed\xc1\xe8\x95\xb4"
"\xf9\x4e\xa0\x09\xd9\xc1\xcc\xf3\xdc\x6c\x1c\x74\xa8\xda\x83\x7b\xa6\x04\x88\x35\x32\x95\xa9\xd2\x06\x39\x8e\x04\x41\x2b\x2c\x22"
"\xf8\x03\xe7\x0e\x22\x27\xe8\x3f\x59\xf3\x8c\x36\x44\x9a\x22\x77\xb8\xb4\x43\x0a\x7c\x61\x2c\x53\x69\x48\xd1\x3e\x38\x69\x3b\xc9"
"\x0d\xc7\x6c\xf3\x28\xb5\xe1\xe4\x7f\x52\xdb\xd7\xf2\x31\x38\x7e\x5f\xa1\xd5\x1e\x34\xd7\x1b\x11\x36\x9d\x23\xbe\xb9\xd0\x25\x9c"
"\xd5\x90\x6a\x7d\xb7\xba\xc0\xbe\x4a\x85\x6f\x83\x98\xef\x39\xb8\x56\xb6\xd8\x08\xcb\xaa\x11\x55\x7a\xef\xcd\x08\x74\x4e\xb5\x5e"
"\xe7\xc2\x65\xd8\xc8\x5b\x53\x79\x74\xbc\x5c\xcc\x06\x93\xc9\x39\xf4\x1e\x95\x06\xbc\x4d\x7f\x7b\x4f\xdf\x83\x66\x38\x38\x07\x51"
"\x96\xb9\x4a\x84\x57\x46\xc7\x3b\x3a\xdf\x72\x50\x23\xe2\xc3\xf5\x91\x5f\xe2\xc3\x43\x99\x1b\x91\x1e\xc6\x3a\x22\x50\x7f\x46\x44"
"\xa0\x34\x1b\x4c\xd3\x68\x2a\x65\xa4\xde\x06\xbb\x1e\x12\x53\x94\xb9\xf4\xf2\xc3\x7f\xf1\x6f\x44\xe9\xfe\x2a\xf2\x8a\x6d\x8e\x1b"
"\x67\x1d\x2f\x63\xf2\xf2\xd9\xb4\x65\x1a\x8f\x62\x73\x6b\xb4\xb7\x1f\x91\xe3\x71\x98\x9f\xe8\x07\x44\x9e\xb7\xfe\x3e\xb2\x7a\xd2"
"\x70\xe8\xf0\x9b\xe9\xbe\xdd\x68\xec\x86\xfe\xe9\xa8\x67\x87\x6a\xaa\x5e\x47\x7b\xd4\x8f\x1f\x3b\x34\x7e\x51\x82\x7a\x2f\xde\x9c"
"\x50\x06\xf0\xf7\x5f\xf0\x4d\xa8\x60\x88\x8a\xf8\x75\xc5\x5c\x9e\x8c\xda\x51\xb2\xc6\xc9\x24\xb1\x5b\x2e\x33\x99\x3c\x03\x8d\x9b"
"\xf7\x6d\x0b\xf1\x6d\xca\xf3\x4d\xa6\xd2\x54\xea\xb7\x2c\x7b\x7d\xf8\x4f\x42\x7a\x99\xc2\xb9\xbd\x2d\x5b\xe1\x8c\x85\xed\x2c\x9b"
"\xcc\x9b\x3c\xd7\xea\xa9\xb2\x32\x12\x2a\xea\xa6\x44\xba\x45\xb6\x75\x48\x99\xfc\x50\x43\x54\x59\x19\x8f\xe2\x4c\x0a\x6e\xc1\x69"
"\xa8\x9f\x16\x3c\x63\x59\x4c\x10\x5c\x5b\x29\x0f\xee\x8e\x62\x07\x84\xf7\x82\x85\xe3\x40\x00\xaf\xda\x34\xa6\x21\x3b\x24\x44\x60"
"\x7b\x57\x41\xf9\xbd\x8e\xe9\xb4\x53\x3a\xc9\x7d\x3c\xa5\x3c\xaf\x94\x4b\x8e\xe4\x33\xca\xf1\xf6\xe2\x2b\xdc\xf0\xe7\xb3\x38\x16"
"\xf7\x02\x4a\xab\x30\x95\xee\x7c\x45\x29\x69\xe3\xe1\x48\x3c\xda\xd7\xc2\xac\xd7\xb9\xd2\x87\x03\xce\x03\xbd\xbf\x1a\x67\xe8\xcd"
"\x22\x8e\x3b\x1e\xb4\x47\x63\x6f\x36\x6e\xfb\xee\x80\xb5\xb3\x49\x87\x96\xd8\xc4\xb9\x71\x9e\x29\x93\x06\xc7\xad\x85\x69\x04\x98"
"\x40\x4b\x81\xe6\x43\xd4\xcc\x29\x9f\xcf\xab\xd5\x02\xa4\xb5\x88\x5c\xdd\x6c\x1c\x3b\x56\x8f\xf6\x2d\x5f\x13\xa3\x76\x01\x7b\xdb"
"\x34\x77\x98\x7f\x8d\x27\x6e\xaf\xf9\x38\x7a\x7a\xdd\x1c\x45\x5c\xa7\x62\xeb\x76\x40\xbf\x50\x67\xa6\xb2\x78\xc8\xa0\x2e\x94\xae"
"\x70\x91\xd8\x01\xfe\x83\xdf\x11\x50\x29\x9e\x78\x70\xcf\x67\xdc\x1c\xe7\x50\x6f\xd4\x5a\xed\xa8\x91\xa8\x13\xf1\x5c\xfc\xee\xfd"
"\xae\xf6\xb9\xdb\xd5\x49\x6e\x92\xe7\xa0\xbb\x59\xa0\x46\x95\xbb\x5a\x94\xad\x7f\x2a\xfc\x6d\xdc\x74\x1a\x59\x3f\x4c\x9e\xe3\x3a"
"\x35\x20\x26\x2d\xb6\x11\xae\xfe\xf8\xac\x19\x2e\x21\xfb\xb4\xb3\x77\xf5\xc7\xfd\x1f\x34\x1f\x59\x35\x09\x5e\x9d\x6f\x96\x18\xfc"
"\x15\xce\x68\x56\x52\x69\xbe\x28\xad\x8a\xaa\xc0\x6d\xec\xa0\x31\xfa\x61\xf0\xdc\x0a\x8b\x64\xf0\x41\x0e\x8f\x94\x5e\xd4\x86\x71"
"\x12\x23\x8f\x15\x41\x7e\xb0\x72\x14\x7b\x02\xc4\x23\xd6\x1b\xf7\x98\x06\xe0\xd0\x1f\x34\x45\x39\xa5\x30\x47\x96\x32\x09\x1d\x7f"
"\xb0\xeb\xf4\xc3\x38\xb9\x2b\xa5\x3e\x92\x87\x3e\xe9\xec\x1e\xfd\xd0\x26\x54\x0b\x3e\x13\xab\xe0\xcd\xea\x76\xf9\x96\x25\x3c\xfa"
"\x2e\x62\x55\x58\x4e\x61\xd6\x2f\x34\xf8\x77\xf0\x89\x85\x14\x52\xed\x9c\x4a\x77\xf0\xa6\xb6\xf8\x0f\xd2\xe5\x53\xc1\xb6\xe6\x67"
"\x21\xe2\xf8\x8e\x84\x8d\x0a\x2b\x16\xfb\x0a\x37\x53\x62\x25\xf5\x55\xdc\x82\x12\x5c\x41\x1d\xbe\x4c\x4a\xfb\xf3\x48\xe2\x53\xba"
"\xa3\x11\x34\x43\xc9\x85\x57\x1c\x57\x02\x91\x33\x26\xb3\xb0\x79\xe2\x08\x76\x5b\xe7\x65\xc1\xd2\xd9\x1e\xef\x42\xe8\x6a\x8d\xab"
"\x29\xa2\x66\x59\x3d\xdd\xab\x53\xe9\x12\xab\x4a\xa2\x0e\x07\xdd\x7d\x50\xe1\xe1\xfe\x96\xe5\xfb\x77\xae\x59\xc6\x3b\xaa\x61\x58"
"\xf6\x11\x1c\x95\xb6\x3b\x00\xe9\xe9\x35\x97\x61\xaf\x58\x63\x8c\x1c\x74\xe8\xd5\x2b\xb3\xd1\x71\x50\xb4\x9f\xb4\x13\xa3\x1f\xba"
"\x93\xaf\x1c\x3d\x32\x84\x02\xda\x3e\xa5\x5d\x65\xe3\x3a\xd3\x28\x02\x18\xb6\x49\x69\x5f\x50\x73\x79\x77\xbf\x6c\x1f\xd6\xde\xc9"
"\xee\x5f\x5d\x6f\x24\x1c\xb9\x0c\x00\x00";
static const ArdAssetChunk Json0[] PROGMEM = {
  {Json0_0,sizeof(Json0_0)-1},
};
#endif
#elif ARDPORTAL_ENABLE_OTA && !ARDPORTAL_ENABLE_MQTT && !ARDPORTAL_ENABLE_CONSOLE
#if ARDPORTAL_ENABLE_MQTT_TLS
static const char Json0_0[] PROGMEM =
"\x1f\x8b\x08\x00\x00\x00\x00\x00\x02\xff\x75\x56\xcd\x6e\xe3\x36\x10\x7e\x95\x41\x4e\xbb\x40\xd6\x8d\x1d\xcb\x3f\xc9\x21\xc8\x26"
"\x1b\x6c\xd0\xec\xc6\x8d\xbd\xdd\x63\x41\x4b\x54\x44\x44\x22\x55\x91\x8a\xe1\x0a\x06\xfa\x34\x7d\x85\xde\xfb\x28\x7d\x92\xce\x50"
"\x1c\x59\xf6\xa6\x17\x27\x9c\xa1\x38\x33\xdf\x7c\xf3\xd3\x9c\xd4\xea\xb7\xb3\xb3\xe1\xc9\xc5\xc9\x93\x14\x89\xd2\xcf\x60\x9d\x70"
"\xb5\xfd\xf7\xcf\xbf\x4e\x4e\x5b\xe5\x08\x95\xf7\x3a\x35\x7c\x8e\xf0\x7c\x2b\x5f\x55\x2c\x59\x32\xe9\x24\xa0\x45\xd1\x89\xa7\x28"
"\x7e\x90\xce\xc9\xca\x82\xd0\x09\x24\xea\x59\x39\x0b\x69\x65\x0a\x3c\x6f\x21\x17\xfa\xb9\x16\xcf\xf2\x14\x6c\x29\x62\x69\x4f\x21"
"\xdb\x96\x99\xd4\xed\xed\x5a\x27\xf8\x61\x6c\x2a\x69\x2f\xa1\x2e\xc1\x19\x38\x1f\xc1\xb7\xd5\xdd\x87\x19\xac\xb7\x4e\xda\x01\x5c"
"\x2f\xfc\xcd\x2f\xbf\xac\x56\x50\xc9\x32\xc7\x47\xc2\x53\xb0\x51\x2e\xe3\xe7\x2e\x21\xce\xd0\x14\x4a\x2b\x19\x1b\xad\x65\xec\x06"
"\xec\xe3\x0c\x7d\x5c\x8a\xd7\xce\xe7\x39\x9e\xef\x44\xec\x4c\xb5\xc5\xdb\x56\xba\xa0\x18\x9e\xa1\xe2\x46\xe8\x58\xe6\x2c\x21\xd0"
"\xbe\xab\x0f\x77\x0a\xf0\x5a\x5d\xb2\x98\xe0\x5a\xc6\x42\x83\x96\x6e\x63\xaa\x17\xcb\x8a\x73\x54\x5c\xbf\x0a\x95\x8b\x75\x2e\x7f"
"\xd0\x8e\xe9\xfd\xcc\x18\x2b\x41\xb0\x92\x75\x84\xf8\x72\x79\x7f\xcb\xe7\x49\x67\xb9\x14\xd6\xe2\xcd\x84\x35\x04\xf9\xa7\xa2\x74"
"\x5b\x78\x91\xb2\xb4\xe0\x32\x44\x04\xc3\x4b\xba\x9b\x90\x9a\x0a\xc5\xca\xb2\x11\x86\x62\x48\x50\xdc\xb4\xf0\x78\x58\x7b\xb0\x0c"
"\x09\x96\x9b\x5c\x8a\x0a\xbc\xdd\x20\x1e\x9d\xb1\xd8\xb6\x72\xff\x1d\x12\xa8\xc2\x34\x5f\x2f\x06\xf0\x88\xf6\x2b\x82\xc7\x21\xb3"
"\x08\xfe\x42\x28\xcd\x06\x47\x04\x20\xa6\xb0\x8f\xde\x68\xd4\xca\x82\x6f\x7d\x3a\x8d\x08\xbf\xaf\x72\x43\x59\x3f\x0a\x7b\x34\x7e"
"\x23\x6c\xbe\xe3\x69\x42\xef\x60\xe4\x79\x6e\x36\x16\x7a\x54\x1d\xc0\x13\x53\x02\x44\x8a\x4c\x65\xaa\x74\x4e\x46\x81\x20\xf8\x4a"
"\x10\x9d\x13\x50\x8f\xab\x6b\x24\x65\x22\x1c\xbb\x77\x3e\xdf\x27\x30\x55\x55\xb1\x11\x15\xab\xc6\x04\x53\x07\xfb\xda\x08\xcc\x02"
"\x01\x95\xe6\xc2\x66\x58\x05\x5b\x53\xbb\x01\x7c\x5a\x2e\x66\xa3\xc9\xe4\x02\x06\x6b\xa5\x01\x6f\xd3\xdf\xc1\xf3\x1f\x5e\x73\x3e"
"\xba\x00\x51\x96\xb9\x8a\x85\x53\x46\x87\x3b\x3a\xdf\xb2\x9f\x63\x02\xf3\xee\xc8\x2e\x81\xf9\xad\xcc\x8d\x48\x0e\x7d\x1d\x13\x94"
"\x3f\x23\x52\x50\x9a\x0d\xc6\x6c\x34\xe1\x10\xf2\xb6\xc1\x92\x81\xd8\x14\x65\x2e\x9d\xbc\xfc\xbf\xe4\x8d\x29\xdc\x5f\x45\x5e\xf3"
"\x9b\x51\x6b\xac\x67\x25\x22\x2b\x9f\x4d\x97\xc0\x68\x1c\x2a\x43\xe3\x7b\xfb\xfe\x12\x45\xbe\xf9\xa0\x1d\x10\x79\xde\xd9\xbb\x62"
"\xf5\xa4\x4d\xc0\xe1\x37\xd3\x3d\x57\xa9\x67\x79\xf2\xf5\xd4\x47\x74\xbd\xea\x65\xf9\x55\x09\xa2\x66\xb8\x39\x21\x1f\xe1\x9f\xbf"
"\xe1\xbb\x50\xfe\x25\x4a\xd3\xd7\x15\xa7\x7a\x32\xee\x2a\x2d\xc5\xc2\x95\x48\xa6\x9b\x4c\xc6\x2f\x40\xd5\xf8\x53\xc7\x30\xbe\x4d"
"\x91\xbc\xcb\x54\x92\x48\xfd\x9e\x65\x6f\xf7\xc6\x89\x0f\x20\x53\xd8\xd6\xb6\x65\x27\x9c\xb1\xb0\x2b\xf5\xc9\xbc\x0d\x34\x55\xcf"
"\x75\x25\x03\x65\x82\x6e\x4a\xb4\x5a\x64\x5b\x8b\xa4\xc8\x0f\x35\x44\x86\x95\x71\x28\xce\xa4\xe0\xda\x9a\xfa\x0c\x69\xc1\x2d\x88"
"\xc5\x04\xc1\x5d\x25\xe5\xc1\xdd\x71\xe0\xb8\x6f\xa7\x2c\x8c\x7c\x8a\x9d\xea\xc2\x98\xfa\xe8\x30\xe5\x9e\xcf\x7d\x05\xc5\xf7\x36"
"\xa6\xd3\x5e\x9f\x91\x5c\xc1\x53\x8a\xf3\x56\xd9\xf8\x48\x3e\xa3\x18\x1f\xae\xbf\xc2\x3d\x7f\x3e\x0b\x5d\x63\x2f\xa0\xb0\x0a\x53"
"\xeb\xde\x57\x14\x92\x36\x0e\x8e\xc4\xe3\x7d\x2e\x4c\x9a\xe6\x4a\x1f\xd6\xbf\x03\x1a\x4f\x1a\x5b\xcc\xfd\x22\x74\x03\xee\x43\x47"
"\x5d\x61\x16\x75\x95\x75\xc0\xcb\xd9\xa4\xc7\x4b\x2c\xd3\xdc\x58\xc7\x94\x49\xbc\xe1\xee\x85\x69\x00\x98\x40\x4b\x80\x3a\x40\xd0"
"\xcc\x29\x9e\xcf\xab\xd5\x02\x64\x55\x21\x72\x4d\x3b\x90\x77\xac\x1e\xef\x8b\xba\x21\x46\xed\x3c\xf6\x55\x5b\xbe\xbe\xf3\xb5\x96"
"\xb8\x80\xe6\x51\xb0\xf4\xf6\x73\xe4\x71\x93\x88\xad\xdd\x01\xfd\x42\x93\x99\xba\xc2\x43\x06\x4d\xa1\x74\x8d\x73\x76\x07\xf8\x0f"
"\x7e\x47\x40\x25\x78\xe2\x91\x35\x9f\x71\x71\x5c\x40\xb3\x51\xa9\xda\x51\x21\xd1\x30\xc6\x73\xf1\xbb\x73\xbb\xc6\xe5\x76\xd7\xc4"
"\xb9\x89\x5f\xbc\xee\x7e\x81\x1a\x55\xee\x1a\x51\x76\xf6\x29\xf1\x0f\x61\x11\x68\x65\x43\xdf\x5b\x8e\xf3\xd4\x82\x18\x77\xd8\x06"
"\xb8\x86\xd1\x59\xdb\x3e\x7c\xf4\x49\x6f\x2d\x19\x46\xc3\x1f\x34\x57\xac\x9a\x78\xab\xd6\xb5\x33\x1e\x7f\x85\x35\x9a\x95\x94\x9a"
"\x2f\x4a\xab\xa2\x2e\x70\x59\x39\x28\x8c\x61\x34\xf3\x5f\x56\x48\x06\xe7\xe5\xb0\xa6\xf0\x82\xd6\xb7\x93\xe0\x79\xc8\x08\xf2\x83"
"\x95\xe3\x50\x13\x20\xd6\x98\x6f\x1c\xf3\x2d\xc0\xbe\x3e\xa8\x4f\x72\x48\xbe\x8f\x2c\x65\xec\x2b\xfe\x60\x15\x18\xfa\x76\xf2\x58"
"\x4a\x7d\x24\xf7\x75\xd2\x1b\xcd\x43\x5f\x26\x94\x0b\x3e\x13\xab\xe0\xdd\xea\x61\xf9\x9e\x25\xdc\xfa\xae\x43\x56\x58\x4e\x6e\x36"
"\xaf\xd4\xda\x77\xf0\x91\x85\xe4\x52\x63\xad\x4a\x76\xf0\xae\xa9\xf0\x1f\xa4\xcb\xc7\x82\xdf\x9a\x9f\x79\x8f\xc3\xa4\xf0\x0b\x07"
"\x66\x2c\xd4\x15\x2e\x6e\xc4\x4a\xaa\xab\xb0\x24\xc4\xb8\xa1\x59\x9c\x3d\x4a\xbb\x8b\x40\xe2\x53\xba\xa3\x11\x34\x43\xc1\xf9\xf9"
"\x6d\x2a\x6c\x60\x8c\xc9\xcc\x2f\x66\xd8\x82\xed\xd6\x3a\x59\xb0\x74\xb6\xc7\xbb\x10\xba\x4e\x71\x73\x43\xd4\x2a\x56\x4f\xf7\xea"
"\x44\xda\xb8\x52\x25\x51\x87\x9d\xee\x8f\x4c\xf8\xf6\xf4\xc0\xf2\xfd\x24\x6b\x77\xd5\x9e\xea\xdc\xef\xc2\x08\x8e\x4a\xba\x29\x4f"
"\x7a\x9a\xd7\xd2\x2f\x20\x29\xfa\xc8\x4e\xfb\x5a\xbd\x35\x1b\x1d\x1a\x45\xf7\x49\xd7\x31\x86\xbe\x3a\xf9\xca\xd1\x90\x21\x14\xf0"
"\xed\x53\x58\x57\xb8\xb6\xf4\xba\x51\x00\xd0\x2f\x5b\xb2\x7a\x45\xcd\xcd\xe3\xd3\xb2\x1b\x9d\x83\x93\xdd\x7f\x7d\xa5\x32\xb7\xd8"
"\x0b\x00\x00";
static const ArdAssetChunk Json0[] PROGMEM = {
  {Json0_0,sizeof(Json0_0)-1},
};
#else
static const char Json0_0[] PROGMEM =
"\x1f\x8b\x08\x00\x00\x00\x00\x00\x02\xff\x75\x56\xcd\x6e\xe3\x36\x10\x7e\x95\x41\x4e\xbb\x40\xd6\x8d\x1d\xcb\x3f\xc9\x21\xc8\x26"
"\x1b\x6c\xd0\xec\xc6\x8d\xbd\xdd\x63\x41\x4b\x54\x44\x44\x22\x55\x91\x8a\xe1\x0a\x06\xfa\x34\x7d\x85\xde\xfb\x28\x7d\x92\xce\x50"
"\x1c\x59\xf6\xa6\x17\x27\x9c\xa1\x38\x33\xdf\x7c\xf3\xd3\x9c\xd4\xea\xb7\xb3\xb3\xe1\xc9\xc5\xc9\x93\x14\x89\xd2\xcf\x60\x9d\x70"
"\xb5\xfd\xf7\xcf\xbf\x4e\x4e\x5b\xe5\x08\x95\xf7\x3a\x35\x7c\x8e\xf0\x7c\x2b\x5f\x55\x2c\x59\x32\xe9\x24\xa0\x45\xd1\x89\xa7\x28"
"\x7e\x90\xce\xc9\xca\x82\xd0\x09\x24\xea\x59\x39\x0b\x69\x65\x0a\x3c\x6f\x21\x17\xfa\xb9\x16\xcf\xf2\x14\x6c\x29\x62\x69\x4f\x21"
"\xdb\x96\x99\xd4\xed\xed\x5a\x27\xf8\x61\x6c\x2a\x69\x2f\xa1\x2e\xc1\x19\x38\x1f\xc1\xb7\xd5\xdd\x87\x19\xac\xb7\x4e\xda\x01\x5c"
"\x2f\xfc\xcd\x2f\xbf\xac\x56\x50\xc9\x32\xc7\x47\xc2\x53\xb0\x51\x2e\xe3\xe7\x2e\x21\xce\xd0\x14\x4a\x2b\x19\x1b\xad\x65\xec\x06"
"\xec\xe3\x0c\x7d\x5c\x8a\xd7\xce\xe7\x39\x9e\xef\x44\xec\x4c\xb5\xc5\xdb\x56\xba\xa0\x18\x9e\xa1\xe2\x46\xe8\x58\xe6\x2c\x21\xd0"
"\xbe\xab\x0f\x77\x0a\xf0\x5a\x5d\xb2\x98\xe0\x5a\xc6\x42\x83\x96\x6e\x63\xaa\x17\xcb\x8a\x73\x54\x5c\xbf\x0a\x95\x8b\x75\x2e\x7f"
"\xd0\x8e\xe9\xfd\xcc\x18\x2b\x41\xb0\x92\x75\x84\xf8\x72\x79\x7f\xcb\xe7\x49\x67\xb9\x14\xd6\xe2\xcd\x84\x35\x04\xf9\xa7\xa2\x74"
"\x5b\x78\x91\xb2\xb4\xe0\x32\x44\x04\xc3\x4b\xba\x9b\x90\x9a\x0a\xc5\xca\xb2\x11\x86\x62\x48\x50\xdc\xb4\xf0\x78\x58\x7b\xb0\x0c"
"\x09\x96\x9b\x5c\x8a\x0a\xbc\xdd\x20\x1e\x9d\xb1\xd8\xb6\x72\xff\x1d\x12\xa8\xc2\x34\x5f\x2f\x06\xf0\x88\xf6\x2b\x82\xc7\x21\xb3"
"\x08\xfe\x42\x28\xcd\x06\x47\x04\x20\xa6\xb0\x8f\xde\x68\xd4\xca\x82\x6f\x7d\x3a\x8d\x08\xbf\xaf\x72\x43\x59\x3f\x0a\x7b\x34\x7e"
"\x23\x6c\xbe\xe3\x69\x42\xef\x60\xe4\x79\x6e\x36\x16\x7a\x54\x1d\xc0\x13\x53\x02\x44\x8a\x4c\x65\xaa\x74\x4e\x46\x81\x20\xf8\x4a"
"\x10\x9d\x13\x50\x8f\xab\x6b\x24\x65\x22\x1c\xbb\x77\x3e\xdf\x27\x30\x55\x55\xb1\x11\x15\xab\xc6\x04\x53\x07\xfb\xda\x08\xcc\x02"
"\x01\x95\xe6\xc2\x66\x58\x05\x5b\x53\xbb\x01\x7c\x5a\x2e\x66\xa3\xc9\xe4\x02\x06\x6b\xa5\x01\x6f\xd3\xdf\xc1\xf3\x1f\x5e\x73\x3e"
"\xba\x00\x51\x96\xb9\x8a\x85\x53\x46\x87\x3b\x3a\xdf\xb2\x9f\x63\x02\xf3\xee\xc8\x2e\x81\xf9\xad\xcc\x8d\x48\x0e\x7d\x1d\x13\x94"
"\x3f\x23\x52\x50\x9a\x0d\xc6\x6c\x34\xe1\x10\xf2\xb6\xc1\x92\x81\xd8\x14\x65\x2e\x9d\xbc\xfc\xbf\xe4\x8d\x29\xdc\x5f\x45\x5e\xf3"
"\x9b\x51\x6b\xac\x67\x25\x22\x2b\x9f\x4d\x97\xc0\x68\x1c\x2a\x43\xe3\x7b\xfb\xfe\x12\x45\xbe\xf9\xa0\x1d\x10\x79\xde\xd9\xbb\x62"
"\xf5\xa4\x4d\xc0\xe1\x37\xd3\x3d\x57\xa9\x67\x79\xf2\xf5\xd4\x47\x74\xbd\xea\x65\xf9\x55\x09\xa2\x66\xb8\x39\x21\x1f\xe1\x9f\xbf"
"\xe1\xbb\x50\xfe\x25\x4a\xd3\xd7\x15\xa7\x7a\x32\xee\x2a\x2d\xc5\xc2\x95\x48\xa6\x9b\x4c\xc6\x2f\x40\xd5\xf8\x53\xc7\x30\xbe\x4d"
"\x91\xbc\xcb\x54\x92\x48\xfd\x9e\x65\x6f\xf7\xc6\x89\x0f\x20\x53\xd8\xd6\xb6\x65\x27\x9c\xb1\xb0\x2b\xf5\xc9\xbc\x0d\x34\x55\xcf"
"\x75\x25\x03\x65\x82\x6e\x4a\xb4\x5a\x64\x5b\x8b\xa4\xc8\x0f\x35\x44\x86\x95\x71\x28\xce\xa4\xe0\xda\x9a\xfa\x0c\x69\xc1\x2d\x88"
"\xc5\x04\xc1\x5d\x25\xe5\xc1\xdd\x71\xe0\xb8\x6f\xa7\x2c\x8c\x7c\x8a\x9d\xea\xc2\x98\xfa\xe8\x30\xe5\x9e\xcf\x7d\x05\xc5\xf7\x36"
"\xa6\xd3\x5e\x9f\x91\x5c\xc1\x53\x8a\xf3\x56\xd9\xf8\x48\x3e\xa3\x18\x1f\xae\xbf\xc2\x3d\x7f\x3e\x0b\x5d\x63\x2f\xa0\xb0\x0a\x53"
"\xeb\xde\x57\x14\x92\x36\x0e\x8e\xc4\xe3\x7d\x2e\x4c\x9a\xe6\x4a\x1f\xd6\xbf\x03\x1a\x4f\x1a\x5b\xcc\xfd\x22\x74\x03\xee\x43\x47"
"\x5d\x61\x16\x75\x95\x75\xc0\xcb\xd9\xa4\xc7\x4b\x2c\xd3\xdc\x58\xc7\x94\x49\xbc\xe1\xee\x85\x69\x00\x98\x40\x4b\x80\x3a\x40\xd0"
"\xcc\x29\x9e\xcf\xab\xd5\x02\x64\x55\x21\x72\x4d\x3b\x90\x77\xac\x1e\xef\x8b\xba\x21\x46\xed\x3c\xf6\x55\x5b\xbe\xbe\xf3\xb5\x96"
"\xb8\x80\xe6\x51\xb0\xf4\xf6\x73\xe4\x71\x93\x88\xad\xdd\x01\xfd\x42\x93\x99\xba\xc2\x43\x06\x4d\xa1\x74\x8d\x73\x76\x07\xf8\x0f"
"\x7e\x47\x40\x25\x78\xe2\x91\x35\x9f\x71\x71\x5c\x40\xb3\x51\xa9\xda\x51\x21\xd1\x30\xc6\x73\xf1\xbb\x73\xbb\xc6\xe5\x76\xd7\xc4"
"\xb9\x89\x5f\xbc\xee\x7e\x81\x1a\x55\xee\x1a\x51\x76\xf6\x29\xf1\x0f\x61\x11\x68\x65\x43\xdf\x5b\x8e\xf3\xd4\x82\x18\x77\xd8\x06"
"\xb8\x86\xd1\x59\xdb\x3e\x7c\xf4\x49\x6f\x2d\x19\x46\xc3\x1f\x34\x57\xac\x9a\x78\xab\xd6\xb5\x33\x1e\x7f\x85\x35\x9a\x95\x94\x9a"
"\x2f\x4a\xab\xa2\x2e\x70\x59\x39\x28\x8c\x61\x34\xf3\x5f\x56\x48\x06\xe7\xe5\xb0\xa6\xf0\x82\xd6\xb7\x93\xe0\x79\xc8\x08\xf2\x83"
"\x95\xe3\x50\x13\x20\xd6\x98\x6f\x1c\xf3\x2d\xc0\xbe\x3e\xa8\x4f\x72\x48\xbe\x8f\x2c\x65\xec\x2b\xfe\x60\x15\x18\xfa\x76\xf2\x58"
"\x4a\x7d\x24\xf7\x75\xd2\x1b\xcd\x43\x5f\x26\x94\x0b\x3e\x13\xab\xe0\xdd\xea\x61\xf9\x9e\x25\xdc\xfa\xae\x43\x56\x58\x4e\x6e\x36"
"\xaf\xd4\xda\x77\xf0\x91\x85\xe4\x52\x63\xad\x4a\x76\xf0\xae\xa9\xf0\x1f\xa4\xcb\xc7\x82\xdf\x9a\x9f\x79\x8f\xc3\xa4\xf0\x0b\x07"
"\x66\x2c\xd4\x15\x2e\x6e\xc4\x4a\xaa\xab\xb0\x24\xc4\xb8\xa1\x59\x9c\x3d\x4a\xbb\x8b\x40\xe2\x53\xba\xa3\x11\x34\x43\xc1\xf9\xf9"
"\x6d\x2a\x6c\x60\x8c\xc9\xcc\x2f\x66\xd8\x82\xed\xd6\x3a\x59\xb0\x74\xb6\xc7\xbb\x10\xba\x4e\x71\x73\x43\xd4\x2a\x56\x4f\xf7\xea"
"\x44\xda\xb8\x52\x25\x51\x87\x9d\xee\x8f\x4c\xf8\xf6\xf4\xc0\xf2\xfd\x24\x6b\x77\xd5\x9e\xea\xdc\xef\xc2\x08\x8e\x4a\xba\x29\x4f"
"\x7a\x9a\xd7\xd2\x2f\x20\x29\xfa\xc8\x4e\xfb\x5a\xbd\x35\x1b\x1d\x1a\x45\xf7\x49\xd7\x31\x86\xbe\x3a\xf9\xca\xd1\x90\x21\x14\xf0"
"\xed\x53\x58\x57\xb8\xb6\xf4\xba\x51\x00\xd0\x2f\x5b\xb2\x7a\x45\xcd\xcd\xe3\xd3\xb2\x1b\x9d\x83\x93\xdd\x7f\x7d\xa5\x32\xb7\xd8"
"\x0b\x00\x00";
static const ArdAssetChunk Json0[] PROGMEM = {
  {Json0_0,sizeof(Json0_0)-1},
};
#endif
#elif !ARDPORTAL_ENABLE_OTA && ARDPORTAL_ENABLE_MQTT && ARDPORTAL_ENABLE_CONSOLE
#if ARDPORTAL_ENABLE_MQTT_TLS
static const char Json0_0[] PROGMEM =
"\x1f\x8b\x08\x00\x00\x00\x00\x00\x02\xff\x7d\x56\xdb\x6e\xdb\x38\x10\xfd\x95\x41\xf6\x25\xc5\xa6\x49\xe4\xf8\xda\x3e\x14\x8e\xd3"
"\xa0\x01\x92\xd6\x5b\x3b\xdb\xc7\x05\x23\xd1\x16\x11\x89\x54\x49\xca\xa9\x21\x18\xd8\xaf\xd9\x5f\xd8\xf7\xfd\x94\xfd\x92\x9d\xa1"
"\x34\xb2\xec\x06\xfb\x62\x98\x67\x28\x92\x73\x66\xce\x21\xab\x93\x52\xfd\x71\x79\x19\x9d\xbc\x3b\xf9\x2a\x45\xa2\xf4\x1a\x9c\x17"
"\xbe\x74\xff\xfe\xf9\xd7\xc9\x59\x1d\xec\x61\xf0\x4e\xaf\x0c\x8f\x07\x38\xbe\x91\x1b\x15\x4b\x46\x86\x2d\x02\x5a\xe4\x2d\x3c\x42"
"\xf8\x5e\x7a\x2f\xad\x03\xa1\x13\x48\xd4\x5a\x79\x07\x2b\x6b\x72\x1c\x6f\x21\x13\x7a\x5d\x8a\xb5\x3c\x03\x57\x88\x58\xba\x33\x48"
"\xb7\x45\x2a\x75\x3d\xbb\xd4\x09\x7e\x18\x1b\x2b\xdd\x7b\x28\x0b\xf0\x06\xae\x7a\xf0\xb8\xbc\x7d\x3b\x86\xa7\xad\x97\xee\x1c\xa6"
"\xf3\x30\xf3\xe1\xb7\xe5\x12\xac\x2c\x32\x5c\xa4\x59\x0a\x5e\x94\x4f\x79\xb9\xf7\x10\xa7\xb8\x15\xa2\x56\xc6\x46\x6b\x19\xfb\x73"
"\x3e\xe3\x18\xcf\xb8\x10\x9b\xf6\xcc\x13\x1c\xdf\x8a\xd8\x1b\xbb\xc5\xd9\x4e\xfa\x26\x10\x5d\x62\x60\x26\x74\x2c\x33\x46\x88\xb4"
"\x6f\xea\xed\xad\x02\x9c\x56\x16\x0c\x13\x5d\x8b\x58\x68\xd0\xd2\xbf\x18\xfb\xec\x38\x70\x85\x81\xe9\x46\xa8\x4c\x3c\x65\xf2\xa7"
"\x68\x9f\xd6\x4f\x8d\x71\x12\x04\x07\x39\x46\x8c\x2f\x16\x77\x37\x3c\x1e\xb6\x3b\x17\xc2\x39\x9c\x99\x70\x84\x28\xff\x98\x17\x7e"
"\x0b\xcf\x52\x16\x0e\x7c\x8a\x8c\x60\x7a\x49\x3b\x13\x56\xc6\x22\xac\x1c\x6f\xc2\x54\x44\x44\xc5\xac\xa6\x27\xd0\xda\xa1\x25\x22"
"\x5a\x66\x99\x14\x16\xc2\xbe\x0d\xdc\xbb\x64\xd8\xd5\x78\xf8\x0e\x1b\xc8\x62\x99\xa7\xf3\x73\xf8\x82\xfb\x5b\xa2\xc7\x63\x67\x11"
"\xfd\xb9\x50\x9a\x37\xec\x11\x81\x58\xc2\x2e\x7b\xbd\x5e\x8d\x35\x67\xeb\xb6\x53\x8f\xf8\xfb\x2c\x5f\xa8\xea\x47\x69\xf7\xfa\xaf"
"\xa4\xcd\x73\x42\x9b\xd0\x3a\x98\x79\x96\x99\x17\x07\x9d\x56\x3d\x87\xaf\xdc\x12\x20\x56\xd8\xa9\xdc\x2a\xed\x21\x07\x4d\x83\xe0"
"\x2a\x0c\x11\xfd\xa1\xe7\x0e\x4e\x4e\xd4\x5f\x5b\xf3\x8c\x6b\x88\x24\xc1\xde\xe1\xd2\xf6\x88\xd8\xa5\x15\xda\x15\xc6\x72\x3f\xf5"
"\x88\xd1\xe5\x8c\xd7\xbc\x22\x26\x97\xf7\x0b\x1e\x12\x35\xb3\x29\xc4\xd2\x7a\xb5\x52\xb1\xf0\x12\x4e\xe7\x1f\x1f\xde\x70\xbc\x17"
"\x04\xfb\xbd\x54\xb8\x0f\x78\x5b\x3a\x8f\x25\x9e\x4d\xcf\x20\x17\x3e\x4e\x49\xc6\xa9\x71\x3e\x64\x4d\x25\xf9\xbc\x9c\x83\x57\x98"
"\x2e\x7f\x4f\x5c\xce\xf7\xa7\xb9\x22\x02\x1f\x9d\xb4\x1d\xbe\xaf\x06\x9c\xe6\x11\xdb\x57\xc3\xff\x61\x7b\xdf\x5e\x4f\x81\x8b\x8b"
"\x12\x57\x3d\x87\x7a\x7a\x0d\xa1\x0f\x38\x92\x80\x0b\xc2\xe5\x23\xf5\x29\xe5\x5b\x65\xf3\x17\x61\xf9\x08\xfd\x7e\xdd\x92\xce\x64"
"\x2d\x14\xc8\x34\x85\x8a\x19\x20\x22\x7f\x17\x59\xc9\x33\x06\x44\xe5\x42\x6a\x3e\xee\x20\xb4\x19\xda\x8d\xa7\xaf\x40\xfe\x88\x65"
"\xe1\xe1\x97\x8b\x5f\xcf\x9b\x46\x78\x07\x71\xae\x93\x0b\x4a\xfd\x22\x36\x79\x8e\x84\x9d\xc1\x5a\xfa\x23\x84\x7c\xf1\x00\xe2\x93"
"\x0f\x88\xcc\x4f\xa6\x25\x6e\xd0\x6f\x1c\x40\x63\x1d\xf6\x3e\x3a\x18\x84\x9a\x61\xcf\x80\xc8\xb2\x56\x14\x1f\x38\x3c\xac\x1b\xed"
"\xf0\x9b\xd1\x5e\x93\x54\xd4\x20\xb2\x4e\x78\x7c\x18\x26\x3e\x3b\xd1\x23\xd1\x7e\xe8\xf4\xfa\x46\x09\x12\x68\x33\x73\x48\x19\xc0"
"\x3f\x7f\xc3\x37\xa1\xc2\x42\x54\x44\xec\x19\x0e\xf7\x5b\xbf\x59\xa1\x7d\x49\x94\xd4\x2c\x95\xf1\x33\x90\x27\x5d\xb4\x3a\xe3\xd9"
"\x94\xe7\x69\xaa\x92\x44\x6a\xee\xd7\xe1\xeb\x37\xc4\x30\xa4\x97\x2a\x34\xf7\x6d\xd1\x82\x63\x06\x5b\xc3\x1b\x4e\xea\x3c\x57\x6a"
"\x5d\x5a\x6c\xf4\x55\x26\x5c\xda\xc4\x46\x54\xee\x79\xba\x75\xa8\x92\xec\x30\x12\x85\x56\xf1\x08\xa7\x52\xb0\x4e\x47\x24\x9d\x47"
"\x2d\xd8\x88\x19\x26\x0a\x6e\xad\x94\x07\x73\x29\xf1\x2f\xcb\x69\x7d\xa9\x30\x48\xf9\x3d\x16\x24\x27\x46\x42\x76\xa4\x51\xd2\x5a"
"\x37\x40\xf9\xbd\xce\xe9\xa8\x53\x3a\xc9\xad\x3a\xa2\x3c\x6f\x94\x8b\x8f\xf0\x31\xe5\x78\x3f\xfd\x0c\x77\xfc\xf9\xb8\xf1\xce\x3d"
"\x40\x69\xe5\xa6\xd4\x9d\xaf\x28\x25\x6d\x3c\x1c\xc1\xfd\x7d\x2d\xcc\x6a\x95\x29\x7d\xe8\x82\x1e\xe8\x92\xd6\x68\xb4\x77\xf3\xc6"
"\x13\xd9\x8d\x8f\xbc\x71\x3c\x09\x2f\x83\x8d\xc8\x54\x02\x71\x2d\x53\xc8\xd1\xf8\xf0\x4e\x6f\xa6\x4c\x2e\xf7\x0a\x7e\x65\xb7\x83"
"\x66\x9f\x44\x2c\xed\x8b\x0d\xe9\x19\x05\x6b\x20\x33\x7a\xcd\xfb\x4d\x28\xc7\x4f\x4b\xf4\x32\x69\x2d\xb2\x59\xd5\x4f\x95\x1d\x87"
"\xa9\x0c\x55\x22\xb6\x6e\x07\xf4\x0b\x55\x6a\x4a\x8b\x83\x14\xaa\x5c\xe9\x12\x9f\x0c\x3b\xc0\x3f\xf8\x1d\xed\x9f\xe0\x88\x2d\x7a"
"\x42\x85\x0a\x2e\x50\x25\x81\x99\x1d\x8b\x9c\x27\x8c\x59\x02\xef\xa0\x7a\x41\x4b\xde\x91\x5c\x48\x6f\x38\xce\xbf\x7b\xbf\xab\x7c"
"\xe6\x76\x55\x9c\x99\xf8\x39\xc4\xee\xe6\x18\x51\xc5\xae\x12\x45\x7b\x40\xe2\xeb\xbe\x79\xf4\xd4\x58\x14\xec\xeb\xb8\x1a\xb5\xba"
"\x98\x23\xc3\x37\x66\x14\xac\x0d\x2d\x84\x2e\x58\x48\x3a\x4f\xb0\x68\x10\xfd\x14\xf9\xc0\xa1\x61\xd8\xd5\xf9\xfa\x3d\x83\xbf\xc2"
"\x19\xcd\x41\x4a\xfc\x41\x69\x95\x97\x39\x3e\xcc\x0e\xda\x3f\x0a\xf6\x72\x2f\x2c\x96\xdc\x07\x1c\x9e\x28\xbd\x26\x1a\x4c\xa3\x39"
"\xb9\xad\x77\xc6\x72\x72\xb0\xdf\x74\x3e\x88\x27\x53\xe2\x2f\xd4\x15\x08\x2a\x20\xaf\xe4\x94\x82\x5b\x2c\x64\x1c\x74\x7d\xf0\xec"
"\x89\x82\x69\x7c\x29\xa4\x3e\xc2\x83\x1a\x3a\xcf\x90\x28\x88\x81\x6a\xc1\x63\xea\x13\x38\xc5\xeb\xf4\x0d\x23\x6c\x70\xd3\xa6\x2a"
"\x8c\xd3\x31\xab\xd0\x6d\x3b\xb8\x66\x90\x8e\x54\x39\xa7\x92\x1d\x9c\x56\x16\xff\x60\x3f\x5d\xe7\xbc\xd6\xa4\xbe\x5f\x9a\x27\x4d"
"\x78\x5c\x61\xc5\x1a\xf5\xe0\x23\x95\x6e\x43\x52\x4f\xf3\x20\x8a\xf1\x35\xea\xa0\x30\x4a\x7b\xdc\x9a\xcc\x6f\x77\x46\x73\x34\x92"
"\x66\x28\xb9\x70\x7b\xe2\x55\x2c\x32\xe6\x24\xe8\xea\x16\x8d\xd6\x6d\xf1\x5e\xcf\x19\x1d\xef\xf9\xc6\xce\x2c\x57\xf8\x4a\x45\xd6"
"\x2c\x87\x47\xfb\x70\x22\x5d\x6c\x55\x41\xad\x73\xb2\xfb\x0f\x71\x90\xed\xae\xe3\x0b\x00\x00";
static const ArdAssetChunk Json0[] PROGMEM = {
  {Json0_0,sizeof(Json0_0)-1},
};
#else
static const char Json0_0[] PROGMEM =
"\x1f\x8b\x08\x00\x00\x00\x00\x00\x02\xff\x7d\x56\xdb\x6e\xe3\x36\x10\xfd\x95\x41\xfa\x92\x45\xb3\x49\xe4\xbb\xb3\x0f\x81\x93\x34"
"\xd8\x00\xd9\xc4\x5d\x3b\xdd\xc7\x82\x91\x68\x8b\x88\x44\xaa\x24\x95\xac\x21\x18\xe8\xd7\xf4\x17\xfa\xde\x4f\xe9\x97\x74\x86\xd2"
"\xc8\xb2\x37\xe8\x8b\x61\x9e\xa1\x48\xce\x99\x33\x87\xac\x8e\x4a\xf5\xfb\xf9\x79\x74\x74\x71\xf4\x55\x8a\x44\xe9\x35\x38\x2f\x7c"
"\xe9\xfe\xfd\xf3\xaf\xa3\x93\x3a\xd8\xc3\xe0\x9d\x5e\x19\x1e\x0f\x71\x7c\x23\x5f\x55\x2c\x19\x19\xb5\x08\x68\x91\xb7\xf0\x18\xe1"
"\x7b\xe9\xbd\xb4\x0e\x84\x4e\x20\x51\x6b\xe5\x1d\xac\xac\xc9\x71\xbc\x81\x4c\xe8\x75\x29\xd6\xf2\x04\x5c\x21\x62\xe9\x4e\x20\xdd"
"\x14\xa9\xd4\xf5\xec\x52\x27\xf8\x61\x6c\xac\x74\x9f\xa0\x2c\xc0\x1b\xe8\xf7\xe0\x69\x79\xfb\x71\x02\xcf\x1b\x2f\xdd\x29\xcc\xe6"
"\x61\xe6\x97\x5f\x97\x4b\xb0\xb2\xc8\x70\x91\x66\x29\x78\x53\x3e\xe5\xe5\x3e\x41\x9c\xe2\x56\x88\x5a\x19\x1b\xad\x65\xec\x4f\xf9"
"\x8c\x13\x3c\xe3\x42\xbc\xb6\x67\x9e\xe2\xf8\x56\xc4\xde\xd8\x0d\xce\x76\xd2\x37\x81\xe8\x1c\x03\xd7\x42\xc7\x32\x63\x84\x48\xfb"
"\xa6\x3e\xde\x2a\xc0\x69\x65\xc1\x30\xd1\xb5\x88\x85\x06\x2d\xfd\x9b\xb1\x2f\x8e\x03\x7d\x0c\xcc\x5e\x85\xca\xc4\x73\x26\x7f\x88"
"\x0e\x68\xfd\xd4\x18\x27\x41\x70\x90\x63\xc4\xf8\x62\x71\x77\xc3\xe3\x51\xbb\x73\x21\x9c\xc3\x99\x09\x47\x88\xf2\x5f\xf2\xc2\x6f"
"\xe0\x45\xca\xc2\x81\x4f\x91\x11\x4c\x2f\x69\x67\xc2\xca\x58\x84\x95\xe3\x4d\x98\x8a\x88\xa8\xb8\xae\xe9\x09\xb4\x76\x68\x89\x88"
"\x96\xeb\x4c\x0a\x0b\x61\xdf\x06\xee\x9d\x33\xec\x6a\x3c\x7c\x87\x02\xb2\x58\xe6\xd9\xfc\x14\x1e\x71\x7f\x4b\xf4\x78\x54\x16\xd1"
"\x9f\x0b\xa5\x79\xc3\x1e\x11\x88\x25\xec\xb2\xd7\xeb\xd5\x58\x73\xb6\xae\x9c\x7a\xc4\xdf\x83\x7c\xa3\xaa\x1f\xa4\xdd\x1b\xbc\x93"
"\x36\xcf\x09\x32\xa1\x75\x30\xf3\x2c\x33\x6f\x0e\x3a\x52\x3d\x85\xaf\x2c\x09\x10\x2b\x54\x2a\x4b\xa5\x3d\xe4\xb0\x11\x08\xae\xc2"
"\x10\xd1\x1f\x34\xb7\x77\x72\xa2\xfe\xca\x9a\x17\x5c\x43\x24\x09\x6a\x87\x4b\xdb\xa7\x83\xcf\x8d\x65\x29\xf5\xe9\xb4\x4f\x4e\xda"
"\x4e\x72\xfd\x21\xaf\x79\x90\x5a\x7f\xf4\x3f\xa9\xed\x6a\xf9\x1c\x36\x3e\x2b\x71\xd5\x53\xa8\xa7\xd7\x10\x36\x9d\x23\xbd\xb9\xd0"
"\x25\x9c\xd5\x80\xa8\xbf\x55\x36\x7f\x13\x96\x8f\x30\x18\xd4\xf5\x77\x26\x6b\x21\x92\xc4\xd2\x14\x2a\x66\x80\x74\xf0\x9b\xc8\x4a"
"\x9e\x31\x24\x05\x2c\xa4\xe6\xe3\x0e\x43\x4d\xb1\xb7\x3d\x7d\x05\xf2\x7b\x2c\x0b\x0f\x3f\x9d\xfd\x7c\xda\xb0\x7e\x01\x71\xae\x93"
"\x33\x4a\xfd\x2c\x36\x79\x8e\x82\x39\x81\xb5\xf4\x07\x08\x99\xd0\x1e\xc4\x27\x1f\x12\x99\x9f\x4d\x4b\xdc\x70\xd0\xb4\x9b\x46\x85"
"\xed\x4c\x6b\x38\x0c\x8e\x86\x05\x02\x91\x65\xad\x02\x2f\x39\x3c\xaa\xab\xba\xff\xcd\x78\xd7\x00\x64\x84\x41\xd1\x9d\xf0\x64\x3f"
"\x4c\x7c\x76\xa2\x07\x1d\x72\xd9\x11\xd6\xab\x12\xd4\x0d\xcd\xcc\x11\x65\x00\xff\xfc\x0d\xdf\x84\x0a\x0b\x51\x11\x1f\x96\xac\xae"
"\xd1\xa0\x6d\xee\x15\x7a\x85\x44\xfd\x5e\xa7\x32\x7e\x01\x32\x80\xb3\x56\xd4\x3c\x9b\xf2\x3c\x4e\x55\x92\x48\xfd\x81\xb1\xf7\xed"
"\x78\x14\xd2\x4b\x15\x3a\xe9\xa6\x68\xc1\x09\x83\xad\xbb\x8c\xa6\x75\x9e\x2b\xb5\x2e\x2d\x1a\xc7\x2a\x13\x2e\x6d\x62\x63\x2a\xf7"
"\x3c\xdd\x38\x15\x8b\x6c\x3f\x12\x05\xa9\x78\x84\x53\x29\xb8\x29\xc6\xd4\xce\x4f\x5a\xb0\xeb\x31\x4c\x14\xdc\x5a\x29\xf7\xe6\x52"
"\xe2\x8f\xcb\x59\xed\xe0\x0c\x52\x7e\x4f\x85\x57\x6d\x1a\xe3\x90\x9d\xf0\x32\x78\x4d\x37\x40\xf9\xbd\xcf\xe9\xb8\x53\x3a\xc9\x52"
"\x1d\x53\x9e\x37\xca\xc5\x07\xf8\x84\x72\xbc\x9f\x3d\xc0\x1d\x7f\x3e\x69\x8c\x6a\x07\x50\x5a\xb9\x29\x75\xe7\x2b\x4a\x49\x1b\x0f"
"\x07\xf0\x60\x57\x0b\xb3\x5a\x65\x4a\xef\x5b\x8e\x07\xba\x11\x35\xba\xda\xdd\xbc\x31\x20\xb6\xbe\x03\x23\x9a\x4c\xc3\x35\xfc\x2a"
"\x32\x95\x40\x5c\xb7\x29\xe4\xe8\x32\x78\x81\x36\x53\xa6\xe7\xbb\x0e\x7e\x67\xb7\x3d\xb1\x4f\x23\x6e\xed\xb3\x57\xea\x67\x6c\x58"
"\x03\x99\xd1\x6b\xde\x6f\x4a\x39\x7e\x5e\x2e\xe7\x20\xad\x45\x36\xab\xfa\x5d\xb0\xe5\x30\x95\xa1\x4a\xc4\xc6\x6d\x81\x7e\xa1\x4a"
"\x4d\x69\x71\x90\x42\x95\x2b\x5d\xe2\xfd\xbc\x05\xfc\x83\xdf\xd1\xfe\x09\x8e\xd8\x0f\xa7\x54\xa8\xe0\x02\x55\x12\x98\xd9\x72\x93"
"\xf3\x84\x09\xb7\xc0\x05\x54\x6f\x6a\xa5\xb6\xd4\x2e\xd4\x6f\x38\xce\xff\xf0\x7e\x5b\xf9\xcc\x6d\xab\x38\x33\xf1\x4b\x88\xdd\xcd"
"\x31\xa2\x8a\x6d\x25\x8a\xf6\x80\xc4\xd7\x7d\xf3\xc2\xa8\xb1\x28\xd8\xd7\x61\x35\xea\xee\x62\x8e\x0c\x5f\x4f\x51\xb0\x36\xb4\x10"
"\xba\xcd\x20\xe9\xbc\x77\xa2\x61\xf4\x43\xe4\x92\x43\xa3\xb0\xab\xf3\xf5\xe3\x01\x7f\x85\x33\x9a\x83\x94\xf8\x17\xa5\x55\x5e\xe6"
"\xf8\x0a\xda\x93\x7f\x14\xec\xe5\x5e\x58\x2c\xb9\x0f\x38\x3c\x53\x7a\x4d\x34\x98\x46\x73\x72\x5b\xef\x8c\xe5\xe4\xe0\xa0\x51\x3e"
"\x88\x67\x53\xe2\x2f\xd4\x15\x08\x5d\x40\x5e\xc9\x29\x05\xb7\x58\xc8\x38\xf4\xf5\xde\x1b\x23\x0a\xa6\xf1\x58\x48\x7d\x80\x87\x6e"
"\xe8\xdc\xf9\x51\x68\x06\xaa\x05\x8f\x49\x27\x70\xbc\xbc\x5f\x7c\x60\x84\x0d\x6e\xd6\x54\x85\x71\x3a\x66\x15\xd4\xb6\x85\x2b\x06"
"\xe9\x48\x95\x73\x2a\xd9\xc2\x71\x65\xf1\x0f\xea\xe9\x2a\xe7\xb5\xa6\xf5\xfd\xd2\xbc\x1f\xc2\x4b\x06\x2b\xd6\x74\x0f\xbe\x08\xe9"
"\x36\xa4\xee\x69\x5e\x1f\x31\x3e\xfd\x1c\x14\x46\x69\x8f\x5b\x93\xf9\x6d\x4f\x68\x8e\x46\xd2\x0c\x25\x17\x6e\x4f\xbc\x8a\x45\xc6"
"\x9c\x84\xbe\xba\x45\xa3\x75\x1b\xe7\x65\xce\xe8\x64\xc7\x37\x2a\xb3\x5c\xe1\x93\x10\x59\xb3\x1c\x1e\xef\xc2\x89\x74\xb1\x55\x05"
"\x49\xe7\x68\xfb\x1f\xc0\x6b\xb7\x25\x50\x0b\x00\x00";
static const ArdAssetChunk Json0[] PROGMEM = {
  {Json0_0,sizeof(Json0_0)-1},
};
#endif
#elif !ARDPORTAL_ENABLE_OTA && ARDPORTAL_ENABLE_MQTT && !ARDPORTAL_ENABLE_CONSOLE
#if ARDPORTAL_ENABLE_MQTT_TLS
static const char Json0_0[] PROGMEM =
"\x1f\x8b\x08\x00\x00\x00\x00\x00\x02\xff\x7d\x56\xdb\x6e\xdb\x38\x10\xfd\x95\x41\x9e\x52\x20\x4d\x2d\xdf\xd3\x3e\x04\x8e\xd3\xa0"
"\x01\x72\xf1\xd6\xce\xf6\x71\xc1\x48\x74\x44\x44\x22\x55\x92\x8a\x61\x08\x06\xf6\x6b\xf6\x17\xf6\x7d\x3f\x65\xbf\x64\x67\x28\x8d"
"\x2c\xbb\xc1\xbe\x18\xe6\x19\x8a\x9c\x39\x73\x66\x86\xd5\x49\xa9\xfe\xe8\xf5\xa2\x93\xcf\x27\xdf\xa5\x48\x94\x7e\x01\xe7\x85\x2f"
"\xdd\xbf\x7f\xfe\x75\x72\x56\x1b\xfb\x68\xbc\xd5\x6b\xc3\xeb\x11\xae\xaf\xe5\x9b\x8a\x25\x23\xe3\x16\x01\x2d\xf2\x16\x9e\x20\x7c"
"\x27\xbd\x97\xd6\x81\xd0\x09\x24\xea\x45\x79\x07\x6b\x6b\x72\x5c\x6f\x21\x13\xfa\xa5\x14\x2f\xf2\x0c\x5c\x21\x62\xe9\xce\x20\xdd"
"\x16\xa9\xd4\xf5\xee\x52\x27\xf8\x61\x6c\xac\x74\x5f\xa0\x2c\xc0\x1b\x18\xf4\xe1\x69\x75\xf3\x71\x0a\xcf\x5b\x2f\xdd\x39\xcc\x16"
"\x61\xe7\xfd\x6f\xab\x15\x58\x59\x64\x78\x48\x73\x14\x6c\x94\x4f\xf9\xb8\x2f\x10\xa7\x78\x15\xa2\x56\xc6\x46\x6b\x19\xfb\x73\xf6"
"\x71\x8a\x3e\x2e\xc5\x5b\xeb\xf3\x05\xae\x6f\x44\xec\x8d\xdd\xe2\x6e\x27\x7d\x63\x88\x7a\x68\x98\x0b\x1d\xcb\x8c\x11\x22\xed\x87"
"\xfa\x78\xa3\x00\xb7\x95\x05\xc3\x44\xd7\x32\x16\x1a\xb4\xf4\x1b\x63\x5f\x1d\x1b\x06\x68\x98\xbd\x09\x95\x89\xe7\x4c\xfe\x62\x1d"
"\xd2\xf9\xa9\x31\x4e\x82\x60\x23\xdb\x88\xf1\xe5\xf2\xf6\x9a\xd7\xe3\xf6\xe6\x42\x38\x87\x3b\x13\xb6\x10\xe5\x5f\xf3\xc2\x6f\xe1"
"\x55\xca\xc2\x81\x4f\x91\x11\x0c\x2f\x69\x77\xc2\xda\x58\x84\x95\xe3\x4b\x98\x8a\x88\xa8\x98\xd7\xf4\x04\x5a\x3b\xb4\x44\x44\xcb"
"\x3c\x93\xc2\x42\xb8\xb7\x81\xfb\x3d\x86\x5d\x8d\x87\xef\x50\x40\x16\xd3\x3c\x5b\x9c\xc3\x23\xde\x6f\x89\x1e\x8f\xca\x22\xfa\x73"
"\xa1\x34\x5f\xd8\x27\x02\x31\x85\x5d\xf6\xfa\xfd\x1a\x6b\x7c\xeb\xca\xa9\x4f\xfc\x3d\xc8\x0d\x65\xfd\x28\xec\xfe\xf0\x9d\xb0\x79"
"\x4f\x90\x09\x9d\x83\x91\x67\x99\xd9\x38\xe8\x48\xf5\x1c\xbe\xb3\x24\x40\xac\x51\xa9\x2c\x95\xd6\xc9\x51\x23\x10\x3c\x85\x21\xa2"
"\x3f\x68\xee\xc0\x73\xa2\xfe\xca\x9a\x57\x3c\x43\x24\x09\x6a\x87\x53\xdb\x27\x62\x57\x56\x68\x57\x18\xcb\x7a\xea\x13\xa3\xab\x39"
"\x9f\x39\x20\x26\x57\x77\x4b\x5e\x12\x35\xf3\x19\xc4\xd2\x7a\xb5\x56\xb1\xf0\x12\x4e\x17\x5f\xef\x3f\xb0\xbd\x1f\x0a\xf6\x67\xa9"
"\xf0\x1e\xf0\xb6\x74\x1e\x53\x3c\x9f\x9d\x41\x2e\x7c\x9c\x52\x19\xa7\xc6\xf9\x10\x35\xa5\xe4\x61\xb5\x00\xaf\x30\x5c\xfe\x9e\xb8"
"\x5c\xec\xbd\x19\x10\x81\x4f\x4e\xda\x0e\xdf\x83\x11\x87\x79\xc4\xf6\x60\xfc\x3f\x6c\xef\xe5\xf5\x1c\xb8\xf8\x54\xe2\xa9\xe7\x50"
"\x6f\xaf\x21\xec\x03\x8e\x4a\xc0\x85\xc2\x65\x97\x86\x14\xf2\x8d\xb2\xf9\x46\x58\x76\x61\x48\x24\xfd\x2e\xb2\x92\x81\x11\xf9\xfd"
"\xcd\xb4\x3e\x8e\x86\x4d\xb1\x69\x0c\x79\xdf\xb2\x46\xa3\x40\x0f\xa6\x07\x44\x96\xb5\xfa\xbb\x64\xf3\xb8\xce\xe9\xe1\x37\x93\xbd"
"\xfc\x89\xbf\xa0\xe7\x8e\x79\x7a\x68\x26\xd7\x3b\xd6\xa3\xfa\xb8\xec\xc8\xea\x4d\x09\xaa\x85\x66\xe7\x98\x22\x80\x7f\xfe\x86\x1f"
"\x42\x85\x83\x88\x2f\x4c\x0f\x9b\x87\x6d\x69\xaf\xb1\x53\x48\x54\xef\x3c\x95\xf1\x2b\x50\xf9\x7f\x6a\x25\xcd\xbb\x29\xce\xd3\x54"
"\x25\x89\xd4\x2c\x8d\xf1\xfb\xcd\x78\x1c\xc2\x4b\x15\xf6\xd1\x6d\xd1\x82\x53\x06\xdb\xde\x32\xbe\xa8\xe3\x5c\xab\x97\xd2\xa2\xa6"
"\xd6\x99\x70\x69\x63\x9b\x90\x48\x17\xe9\xd6\xa1\x20\xb3\x43\x0b\x25\x6f\x65\x3c\xc2\xa9\x14\x5c\x12\x13\x52\xe9\x93\x16\xdc\xf3"
"\x18\x26\x0a\x6e\xac\x94\x07\x7b\x29\xf0\xc7\xd5\xac\xee\xdf\x0c\x52\x7c\x4f\x05\x29\x97\x91\x10\x1d\x95\x03\xc9\xba\x6b\xa0\xf8"
"\xde\xe7\x74\xd2\x49\x9d\x64\x11\x4f\x28\xce\x6b\xe5\xe2\x23\x7c\x4a\x31\xde\xcd\x1e\xe0\x96\x3f\x9f\x36\x6d\x6a\x0f\x50\x58\xb9"
"\x29\x75\xe7\x2b\x0a\x49\x1b\x0f\x47\xf0\x70\x9f\x0b\xb3\x5e\x67\x4a\x1f\x36\x1c\x0f\x34\x0f\x35\xf6\xb4\xdb\x45\xd3\x7e\xb8\xf1"
"\x1d\xb5\xa1\x0b\xba\xf3\xdb\x0a\xcb\x58\x5a\x8b\xd1\x55\xf5\x94\xde\xb1\x99\x68\xa9\x12\xb1\x75\x3b\xa0\x5f\xa8\x52\x53\x5a\x5c"
"\xa4\x50\xe5\x4a\x97\x38\x2d\x77\x80\x7f\xf0\x3b\xba\x3d\xc1\x15\x77\xa7\x8b\x29\x2b\xee\x33\x54\x1b\x6c\x36\x3b\x52\x27\xc9\x1b"
"\xd7\xf9\x4f\xef\x77\x95\xcf\xdc\xae\x8a\x33\x13\xbf\x06\xdb\xed\x02\x2d\xaa\xd8\x55\xa2\x68\xef\x27\x36\xef\x9a\x71\x5e\x63\x51"
"\x28\xde\xe3\xe0\x6b\x31\x37\x04\x28\xc3\xb3\x20\x1a\xf5\xea\x8a\xa5\xd1\x01\x49\xe7\x71\x11\x8d\xa2\x5f\x2c\x97\x6c\x1a\x87\x5b"
"\x9d\xaf\x27\x35\xfe\x0a\x67\x34\x1b\x49\x10\xf7\x4a\xab\xbc\xcc\xf1\xc9\x71\xa0\xb6\x28\x54\xf3\x9d\xb0\xc8\xb0\x0f\x38\x3c\x53"
"\x78\x8d\x35\xd4\x68\xe3\xb9\xad\x6f\x46\x55\xb1\x71\xd8\x08\x0d\xc4\xb3\x29\xf1\x17\x6a\x82\x83\xe8\xa8\x35\x71\x48\xa1\x38\x97"
"\x32\x0e\x65\x74\x30\xd0\xa3\x50\xa3\x8f\x85\xd4\x47\x78\x10\x5f\x67\xc0\x46\x41\x7b\x94\x0b\x5e\x93\x0c\xe0\x14\x07\xc5\x07\x46"
"\xb8\x9f\xcc\x9a\xac\x30\x4e\x6e\x56\x6f\xd4\x3b\x77\x70\xc5\x20\xb9\x54\x39\xa7\x92\x1d\x9c\x56\x16\xff\xa0\x5c\xae\x72\x3e\xeb"
"\xa2\x17\x3c\x6e\x86\x75\x78\x36\x60\xc6\x1a\xb1\xe2\xf3\x8b\xfa\x3c\x89\xb5\x19\xf5\x31\xbe\xb3\x1c\x14\x46\x69\x8f\x57\x53\xaf"
"\xd9\x9d\xd1\x1e\x8d\xa4\x19\x0a\x2e\xcc\x05\x1c\x32\x22\x63\x4e\xa6\xe1\x79\x85\x7d\xcd\x6d\x71\x62\xe5\x8c\x4e\xf7\x7c\xe7\x42"
"\x97\x6b\x7c\x7f\x21\x6b\x96\xcd\x93\xbd\x39\x91\x2e\xb6\xaa\x20\xe9\x9c\xec\xfe\x03\xb1\x2d\x63\x74\xbd\x0a\x00\x00";
static const ArdAssetChunk Json0[] PROGMEM = {
  {Json0_0,sizeof(Json0_0)-1},
};
#else
static const char Json0_0[] PROGMEM =
"\x1f\x8b\x08\x00\x00\x00\x00\x00\x02\xff\x7d\x56\xdb\x6e\xe3\x36\x10\xfd\x95\x41\x9e\xb2\x40\x36\xeb\xbb\x9d\xdd\x87\xc0\x49\x1a"
"\x6c\x80\x6c\xe2\xae\x9d\xee\x63\xc1\x48\x54\x44\x44\x22\x55\x92\x8a\x61\x08\x02\xfa\x35\xfd\x85\xbe\xf7\x53\xfa\x25\x9d\xa1\x34"
"\xb2\xec\x0d\xfa\x62\x98\x67\x78\x99\x39\x73\x66\x46\xd5\x49\xa9\x7e\x1f\x0c\x86\x27\x9f\x4f\xbe\x4b\x11\x2b\xfd\x02\xce\x0b\x5f"
"\xba\x7f\xff\xfc\xeb\xe4\xac\x31\x8e\xd0\x78\xa7\x13\xc3\xeb\x29\xae\x6f\xe4\x9b\x8a\x24\x23\xb3\x0e\x01\x2d\xf2\x0e\x9e\x23\x7c"
"\x2f\xbd\x97\xd6\x81\xd0\x31\xc4\xea\x45\x79\x07\x89\x35\x39\xae\x77\x90\x09\xfd\x52\x8a\x17\x79\x06\xae\x10\x91\x74\x67\x90\xee"
"\x8a\x54\xea\x66\x77\xa9\x63\x3c\x18\x19\x2b\xdd\x17\x28\x0b\xf0\x06\xc6\x23\x78\xda\xdc\x7e\x5c\xc0\xf3\xce\x4b\x77\x0e\xcb\x55"
"\xd8\xf9\xed\xd7\xcd\x06\xac\x2c\x32\xbc\xa4\xbd\x0a\xb6\xca\xa7\x7c\xdd\x17\x88\x52\x7c\x0a\x51\x2b\x23\xa3\xb5\x8c\xfc\x39\xfb"
"\xb8\x40\x1f\xd7\xe2\xad\xf3\xf9\x02\xd7\xb7\x22\xf2\xc6\xee\x70\xb7\x93\xbe\x35\x0c\x07\x68\xb8\x16\x3a\x92\x19\x23\x44\xda\x0f"
"\xf5\xf1\x56\x01\x6e\x2b\x0b\x86\x89\xae\x75\x24\x34\x68\xe9\xb7\xc6\xbe\x3a\x36\x8c\xd1\xb0\x7c\x13\x2a\x13\xcf\x99\xfc\xc9\x3a"
"\xa1\xfb\x53\x63\x9c\x04\xc1\x46\xb6\x11\xe3\xeb\xf5\xdd\x0d\xaf\x67\xdd\xcb\x85\x70\x0e\x77\xc6\x6c\x21\xca\x7f\xc9\x0b\xbf\x83"
"\x57\x29\x0b\x07\x3e\x45\x46\x30\xbc\xb8\xdb\x09\x89\xb1\x08\x2b\xc7\x8f\x30\x15\x43\xa2\xe2\xba\xa1\x27\xd0\xda\xa3\x65\x48\xb4"
"\x5c\x67\x52\x58\x08\xef\xb6\xf0\x68\xc0\xb0\x6b\xf0\x70\x0e\x05\x64\x31\xcd\xcb\xd5\x39\x3c\xe2\xfb\x96\xe8\xf1\xa8\x2c\xa2\x3f"
"\x17\x4a\xf3\x83\x23\x22\x10\x53\xd8\x67\x6f\x34\x6a\xb0\xd6\xb7\xbe\x9c\x46\xc4\xdf\x83\xdc\x52\xd6\x8f\xc2\x1e\x4d\xde\x09\x9b"
"\xf7\x04\x99\xd0\x3d\x18\x79\x96\x99\xad\x83\x9e\x54\xcf\xe1\x3b\x4b\x02\x44\x82\x4a\x65\xa9\x74\x4e\x4e\x5b\x81\xe0\x2d\x0c\x11"
"\xfd\x41\x73\x07\x9e\x13\xf5\x57\xd6\xbc\xe2\x1d\x22\x8e\x51\x3b\x9c\xda\x31\x39\xbe\x32\x96\xa5\x34\x26\x6f\x9f\x9c\xb4\xbd\xe0"
"\xc6\x53\xbe\xf3\x28\xb4\xf1\xec\x7f\x42\xdb\xe7\xf2\x39\x3c\xfc\xa9\xc4\x5b\xcf\xa1\xd9\xde\x40\x58\x74\x8e\xf4\xe6\x42\x95\x70"
"\x54\x13\xa2\xfe\x56\xd9\x7c\x2b\x2c\xbb\x30\xa1\x1c\xff\x26\xb2\x92\x81\x29\xf9\xfd\xd5\x74\x3e\x4e\x27\xad\xb2\x35\x26\x73\xdf"
"\x1f\xa6\xd3\xd0\x3c\x90\x0b\x10\x59\xd6\x25\xfb\x92\xcd\xb3\x86\xc0\xc3\x33\xf3\xbd\xd6\xa8\xe7\x04\xf1\xf4\xcc\x8b\x43\x33\xb9"
"\xde\xb3\x1e\x89\xf1\xb2\x97\xc3\x37\x25\x48\x78\xed\xce\x19\x45\x00\xff\xfc\x0d\x3f\x84\x0a\x17\x11\x5f\x0f\x1b\x4e\xe4\x6c\xd2"
"\xd5\x51\x82\x65\x29\x51\x2a\xd7\xa9\x8c\x5e\x81\x6a\xed\x53\xa7\x1f\xde\x4d\x71\x9e\xa6\x2a\x8e\xa5\xfe\xc0\xd8\xfb\x9d\x6f\x16"
"\xc2\x4b\x15\x36\xad\x5d\xd1\x81\x0b\x06\xbb\x42\x9e\x5d\x34\x71\x26\xea\xa5\xb4\x58\xa3\x49\x26\x5c\xda\xda\xe6\x54\x5b\xab\x74"
"\xe7\x54\x24\xb2\x43\x0b\x25\x6f\x63\x3c\xc2\xa9\x14\xac\xbf\x39\x55\xce\x93\x16\xdc\x60\x18\x26\x0a\x6e\xad\x94\x07\x7b\x29\xf0"
"\xc7\xcd\xb2\x69\x96\x0c\x52\x7c\x4f\x85\x57\x5d\x18\xf3\x10\x9d\xf0\x32\x94\x75\xdf\x40\xf1\xbd\xcf\xe9\xbc\x97\x3a\xc9\x22\x9e"
"\x53\x9c\x37\xca\x45\x47\xf8\x82\x62\xbc\x5f\x3e\xc0\x1d\x1f\x5f\xb4\x3d\x61\x0f\x50\x58\xb9\x29\x75\xef\x14\x85\xa4\x8d\x87\x23"
"\x78\xb2\xcf\x85\x49\x92\x4c\xe9\xc3\xea\xf6\x40\xc3\x47\x63\x03\xb9\x5b\xb5\xb5\xce\x5d\xe6\xa8\xe6\x2f\xe8\xcd\xaf\x9b\xcd\x0a"
"\xa4\xb5\x18\x5d\xd5\x8c\xc4\x9a\xcd\x44\x4b\x15\x8b\x9d\xab\x81\x7e\xa1\x4a\x4d\x69\x71\x91\x42\x95\x2b\x5d\xe2\x68\xaa\x01\xff"
"\xe0\x39\x7a\x3d\xc6\x15\xb7\x82\x8b\x05\x2b\xee\x33\x54\x5b\x95\xa8\x9a\xd4\x49\xf2\xc6\x75\xfe\x87\xf7\x75\xe5\x33\x57\x57\x51"
"\x66\xa2\xd7\x60\xbb\x5b\xa1\x45\x15\x75\x25\x8a\xee\x7d\x62\xf3\xbe\x9d\x9d\x0d\x36\x0c\xc5\x7b\x1c\x7c\x23\xe6\x96\x00\x65\xb8"
"\xf1\x0e\xa7\x83\xa6\x62\xa9\x4f\x43\xdc\x9b\xe4\xc3\xe9\xf0\x27\xcb\x25\x9b\x66\xe1\x55\xe7\x9b\xb1\x88\xbf\xc2\x19\xcd\x46\x12"
"\xc4\x37\xa5\x55\x5e\xe6\x38\xdf\x0f\xd4\x36\x0c\xd5\x7c\x2f\x2c\x32\xec\x03\x0e\xcf\x14\x5e\x6b\x0d\x35\xda\x7a\x6e\x9b\x97\x51"
"\x55\x6c\x9c\xb4\x42\x03\xf1\x6c\x4a\xfc\x85\x86\xe0\x20\x3a\x6a\x4d\x1c\x52\x28\xce\xb5\x8c\x42\x19\x1d\x4c\xcf\x61\xa8\xd1\xc7"
"\x42\xea\x23\x3c\x88\xaf\x37\xcd\x86\x41\x7b\x94\x0b\x5e\x93\x0c\xe0\x74\x73\xbf\xfe\xc0\x08\xf7\x93\x65\x9b\x15\xc6\xc9\xcd\xea"
"\x8d\x7a\x67\x0d\x57\x0c\x92\x4b\x95\x73\x2a\xae\xe1\xb4\xb2\xf8\x07\xe5\x72\x95\xf3\x5d\x17\x83\xe0\x71\x3b\x19\xc3\x8c\xc6\x8c"
"\xb5\x62\xc5\x6f\x1d\xea\xf3\x24\xd6\x76\xae\x46\xf8\x51\xe3\xa0\x30\x4a\x7b\x7c\x9a\x7a\x4d\x7d\x46\x7b\x34\x92\x66\x28\xb8\x30"
"\x17\x70\xc8\x88\x8c\x39\x59\x84\x6f\x19\xec\x6b\x6e\xe7\xbc\xcc\x19\x5d\xec\xf9\xce\x85\x2e\x13\xfc\xd8\x41\xd6\x2c\x9b\xe7\x7b"
"\x73\x2c\x5d\x64\x55\x41\xd2\x39\xa9\xff\x03\xc3\x4a\x05\xa3\x2a\x0a\x00\x00";
static const ArdAssetChunk Json0[] PROGMEM = {
  {Json0_0,sizeof(Json0_0)-1},
};
#endif
#elif !ARDPORTAL_ENABLE_OTA && !ARDPORTAL_ENABLE_MQTT && !ARDPORTAL_ENABLE_CONSOLE
#if ARDPORTAL_ENABLE_MQTT_TLS
static const char Json0_0[] PROGMEM =
"\x1f\x8b\x08\x00\x00\x00\x00\x00\x02\xff\x6d\x56\xcd\x6e\xdb\x38\x10\x7e\x95\x41\x4e\x29\x90\x66\x2d\xd7\x7f\x69\x0f\x81\x9b\x6c"
"\xd0\x00\x69\xe2\xad\x9d\xed\x71\xc1\x48\x54\x44\x44\x22\xb5\x24\x15\xc3\x10\x04\xec\xd3\xec\x2b\xec\x7d\x1f\xa5\x4f\xd2\x19\x4a"
"\x23\xcb\x6e\x2e\x82\xf9\x0d\xc9\x99\xf9\xf8\xcd\x8c\xeb\x93\x4a\xfd\x35\x1a\x45\x27\x1f\x4f\xbe\x49\x91\x28\xfd\x0c\xce\x0b\x5f"
"\xb9\x1f\xff\xfc\x7b\x72\xd6\x1a\xc7\x68\xbc\xd5\xa9\xe1\xf5\x14\xd7\xd7\xf2\x55\xc5\x92\x91\x59\x8f\x80\x16\x45\x0f\xcf\x11\xbe"
"\x93\xde\x4b\xeb\x40\xe8\x04\x12\xf5\xac\xbc\x83\xd4\x9a\x02\xd7\x3b\xc8\x85\x7e\xae\xc4\xb3\x3c\x03\x57\x8a\x58\xba\x33\xc8\x76"
"\x65\x26\x75\xbb\xbb\xd2\x09\x1e\x8c\x8d\x95\xee\x13\x54\x25\x78\x03\x1f\xc6\xf0\xb8\xb9\x79\xbf\x80\xa7\x9d\x97\xee\x1c\x96\xab"
"\xb0\xf3\xeb\x1f\x9b\x0d\x58\x59\xe6\x78\x49\x77\x15\x6c\x95\xcf\xf8\xba\x4f\x10\x67\xe8\x0a\x51\x2b\x63\xa3\xb5\x8c\xfd\x39\xc7"
"\xb8\xc0\x18\xd7\xe2\xb5\x8f\xf9\x02\xd7\x37\x22\xf6\xc6\xee\x70\xb7\x93\xbe\x33\x44\x23\x34\x5c\x09\x1d\xcb\x9c\x11\x22\xed\xbb"
"\x7a\x7f\xa3\x00\xb7\x55\x25\xc3\x44\xd7\x3a\x16\x1a\xb4\xf4\x5b\x63\x5f\x1c\x1b\x3e\xa0\x61\xf9\x2a\x54\x2e\x9e\x72\xf9\x8b\x75"
"\x42\xf7\x67\xc6\x38\x09\x82\x8d\x6c\x23\xc6\xd7\xeb\xdb\x6b\x5e\xcf\x7a\xcf\xa5\x70\x0e\x77\x26\x6c\x21\xca\x7f\x2f\x4a\xbf\x83"
"\x17\x29\x4b\x07\x3e\x43\x46\x30\xbd\xa4\xdf\x09\xa9\xb1\x08\x2b\xc7\x4e\x98\x8a\x88\xa8\xb8\x6a\xe9\x09\xb4\x0e\x68\x89\x88\x96"
"\xab\x5c\x0a\x0b\xc1\x6f\x07\x8f\x47\x0c\xbb\x16\x0f\xe7\x50\x40\x16\x9f\x79\xb9\x3a\x87\x07\xf4\x6f\x89\x1e\x8f\xca\x22\xfa\x0b"
"\xa1\x34\x3b\x1c\x13\x81\xf8\x84\x43\xf6\xc6\xe3\x16\xeb\x62\x1b\xca\x69\x4c\xfc\xdd\xcb\x2d\xbd\xfa\x51\xda\xe3\xc9\x1b\x69\xf3"
"\x9e\x20\x13\xba\x07\x33\xcf\x73\xb3\x75\x30\x90\xea\x39\x7c\x63\x49\x80\x48\x51\xa9\x2c\x95\x3e\xc8\x69\x27\x10\xbc\xa5\x83\x26"
"\x14\xf7\x8d\xb2\xc5\x56\x58\x0e\x6e\x42\x04\xfd\x29\xf2\x8a\x81\x29\x45\xfb\xc5\xf4\xd1\x4f\x27\x9d\x2c\x34\x32\xb1\x2f\xae\xe9"
"\x34\x54\x1e\x52\x00\x22\xcf\x7b\xa6\x2e\xd9\x3c\x6b\xbd\x1f\x9e\x99\xef\x1f\x8a\x0a\x36\x30\x3f\x30\x1f\xbd\xd5\xe5\x20\xc5\x57"
"\x25\xe8\x5d\xba\x9d\x33\x8a\x11\xfe\xff\x0f\xbe\x0b\x15\x6e\x22\x69\xdc\x6f\x38\xcf\xd9\xa4\x97\x59\x8a\xaa\x95\xc8\xe4\x55\x26"
"\xe3\x17\x20\x29\xfe\xd6\xd3\xcb\xbb\x29\x93\xd3\x4c\x25\x89\xd4\xef\x18\x7b\xbb\x31\xcc\x42\x02\x99\xc2\x9a\xde\x95\x3d\xb8\x60"
"\xb0\xd7\xf9\xec\xa2\x4d\x34\x55\xcf\x95\x45\x09\xa7\xb9\x70\x59\x67\x9b\x93\xf4\x56\xd9\xce\xa9\x58\xe4\x87\x16\x7a\x9e\x8d\xf1"
"\x08\x67\x52\xb0\xb0\xe6\x24\xac\x47\x2d\xb8\xfe\x18\x26\x0a\x6e\xac\x94\x07\x7b\x29\xf1\x87\xcd\xb2\xed\x25\x0c\x52\x7e\x8f\xa5"
"\x57\x7d\x1a\xf3\x90\x9d\xf0\x32\xa8\x7e\x68\xa0\xfc\xde\xe6\x74\x3e\x28\x32\xc9\xf2\x9d\x53\x9e\xd7\xca\xc5\x47\xf8\x82\x72\xbc"
"\x5b\xde\xc3\x2d\x1f\x5f\x74\x25\xb3\x07\x28\xad\xc2\x54\x7a\x70\x8a\x52\xd2\xc6\xc3\x11\x3c\xd9\xbf\x85\x49\xd3\x5c\xe9\x43\xf1"
"\x7b\xa0\xde\xac\xb1\xbe\x6e\x57\x5d\x29\x70\x11\x1e\x95\xc4\x05\xf9\xfc\xb2\xd9\xac\x40\x5a\x8b\xd9\xd5\xed\xc4\x68\xd8\x4c\xb4"
"\xd4\x89\xd8\xb9\x06\xe8\x0b\x75\x66\x2a\x8b\x8b\x0c\xea\x42\xe9\x0a\x3b\x77\x03\xf8\x03\xcf\x91\xf7\x04\x57\xdc\x04\x2f\x16\xac"
"\xb8\x8f\x50\x6f\x55\xaa\x1a\x52\x27\xb5\x77\x5c\x17\x7f\x7b\xdf\xd4\x3e\x77\x4d\x1d\xe7\x26\x7e\x09\xb6\xdb\x15\x5a\x54\xd9\xd4"
"\xa2\xec\xfd\x13\x9b\x77\xdd\x68\x69\xb1\x28\x94\xe7\x71\xf2\xad\x98\x3b\x02\x94\xe1\xbe\x14\x4d\x47\x6d\x4d\x52\x1b\x83\x64\x30"
"\xe8\xa2\x69\xf4\x8b\xe5\x92\x4d\xb3\xe0\xd5\xf9\x76\x6a\xe0\x57\x38\xa3\xd9\x48\x82\xf8\xaa\xb4\x2a\xaa\x02\xc7\xdf\x81\xda\xa2"
"\xe9\x22\x9c\xb4\xc8\xb0\x0f\x38\x3c\x51\x7a\x9d\x35\xd4\x68\x17\xb9\x6d\x3d\xa3\xaa\xd8\x38\xe9\x84\x06\xe2\xc9\x54\xf8\x85\x96"
"\xe0\x20\x3a\x6a\x3e\x9c\x52\x28\xce\xb5\x8c\x43\x19\x1d\x0c\x97\x28\xd4\xe8\x43\x29\xf5\x11\x1e\xc4\x37\x68\xf6\x51\xd0\x1e\xbd"
"\x05\xaf\x49\x06\x70\xba\xb9\x5b\xbf\x63\x84\xfb\xc9\xb2\x7b\x15\xc6\x29\xcc\xfa\x95\xba\x63\x03\x9f\x19\xa4\x90\x6a\xe7\x54\xd2"
"\xc0\x69\x6d\xf1\x07\xca\xe5\x73\xc1\x77\x5d\x8c\x42\xc4\xdd\xe0\x08\x23\x0c\x5f\xac\x13\x2b\xfe\x15\xa0\x0e\x4f\x62\xed\xc6\x4e"
"\x8c\x33\xdf\x41\x69\x94\xf6\xe8\x9a\x7a\x4d\x73\x46\x7b\x34\x92\x66\x28\xb9\x30\x11\x8c\xc5\xae\xc0\x9c\x2c\xc2\xa8\xc7\xbe\xe6"
"\x76\xce\xcb\x82\xd1\xc5\x9e\xef\x42\xe8\x2a\xc5\xff\x02\xc8\x9a\x65\xf3\x7c\x6f\x4e\xa4\x8b\xad\x2a\x49\x3a\x27\xcd\x4f\x67\x6c"
"\x4d\x63\x49\x09\x00\x00";
static const ArdAssetChunk Json0[] PROGMEM = {
  {Json0_0,sizeof(Json0_0)-1},
};
#else
static const char Json0_0[] PROGMEM =
"\x1f\x8b\x08\x00\x00\x00\x00\x00\x02\xff\x6d\x56\xcd\x6e\xdb\x38\x10\x7e\x95\x41\x4e\x29\x90\x66\x2d\xd7\x7f\x69\x0f\x81\x9b\x6c"
"\xd0\x00\x69\xe2\xad\x9d\xed\x71\xc1\x48\x54\x44\x44\x22\xb5\x24\x15\xc3\x10\x04\xec\xd3\xec\x2b\xec\x7d\x1f\xa5\x4f\xd2\x19\x4a"
"\x23\xcb\x6e\x2e\x82\xf9\x0d\xc9\x99\xf9\xf8\xcd\x8c\xeb\x93\x4a\xfd\x35\x1a\x45\x27\x1f\x4f\xbe\x49\x91\x28\xfd\x0c\xce\x0b\x5f"
"\xb9\x1f\xff\xfc\x7b\x72\xd6\x1a\xc7\x68\xbc\xd5\xa9\xe1\xf5\x14\xd7\xd7\xf2\x55\xc5\x92\x91\x59\x8f\x80\x16\x45\x0f\xcf\x11\xbe"
"\x93\xde\x4b\xeb\x40\xe8\x04\x12\xf5\xac\xbc\x83\xd4\x9a\x02\xd7\x3b\xc8\x85\x7e\xae\xc4\xb3\x3c\x03\x57\x8a\x58\xba\x33\xc8\x76"
"\x65\x26\x75\xbb\xbb\xd2\x09\x1e\x8c\x8d\x95\xee\x13\x54\x25\x78\x03\x1f\xc6\xf0\xb8\xb9\x79\xbf\x80\xa7\x9d\x97\xee\x1c\x96\xab"
"\xb0\xf3\xeb\x1f\x9b\x0d\x58\x59\xe6\x78\x49\x77\x15\x6c\x95\xcf\xf8\xba\x4f\x10\x67\xe8\x0a\x51\x2b\x63\xa3\xb5\x8c\xfd\x39\xc7"
"\xb8\xc0\x18\xd7\xe2\xb5\x8f\xf9\x02\xd7\x37\x22\xf6\xc6\xee\x70\xb7\x93\xbe\x33\x44\x23\x34\x5c\x09\x1d\xcb\x9c\x11\x22\xed\xbb"
"\x7a\x7f\xa3\x00\xb7\x55\x25\xc3\x44\xd7\x3a\x16\x1a\xb4\xf4\x5b\x63\x5f\x1c\x1b\x3e\xa0\x61\xf9\x2a\x54\x2e\x9e\x72\xf9\x8b\x75"
"\x42\xf7\x67\xc6\x38\x09\x82\x8d\x6c\x23\xc6\xd7\xeb\xdb\x6b\x5e\xcf\x7a\xcf\xa5\x70\x0e\x77\x26\x6c\x21\xca\x7f\x2f\x4a\xbf\x83"
"\x17\x29\x4b\x07\x3e\x43\x46\x30\xbd\xa4\xdf\x09\xa9\xb1\x08\x2b\xc7\x4e\x98\x8a\x88\xa8\xb8\x6a\xe9\x09\xb4\x0e\x68\x89\x88\x96"
"\xab\x5c\x0a\x0b\xc1\x6f\x07\x8f\x47\x0c\xbb\x16\x0f\xe7\x50\x40\x16\x9f\x79\xb9\x3a\x87\x07\xf4\x6f\x89\x1e\x8f\xca\x22\xfa\x0b"
"\xa1\x34\x3b\x1c\x13\x81\xf8\x84\x43\xf6\xc6\xe3\x16\xeb\x62\x1b\xca\x69\x4c\xfc\xdd\xcb\x2d\xbd\xfa\x51\xda\xe3\xc9\x1b\x69\xf3"
"\x9e\x20\x13\xba\x07\x33\xcf\x73\xb3\x75\x30\x90\xea\x39\x7c\x63\x49\x80\x48\x51\xa9\x2c\x95\x3e\xc8\x69\x27\x10\xbc\xa5\x83\x26"
"\x14\xf7\x8d\xb2\xc5\x56\x58\x0e\x6e\x42\x04\xfd\x29\xf2\x8a\x81\x29\x45\xfb\xc5\xf4\xd1\x4f\x27\x9d\x2c\x34\x32\xb1\x2f\xae\xe9"
"\x34\x54\x1e\x52\x00\x22\xcf\x7b\xa6\x2e\xd9\x3c\x6b\xbd\x1f\x9e\x99\xef\x1f\x8a\x0a\x36\x30\x3f\x30\x1f\xbd\xd5\xe5\x20\xc5\x57"
"\x25\xe8\x5d\xba\x9d\x33\x8a\x11\xfe\xff\x0f\xbe\x0b\x15\x6e\x22\x69\xdc\x6f\x38\xcf\xd9\xa4\x97\x59\x8a\xaa\x95\xc8\xe4\x55\x26"
"\xe3\x17\x20\x29\xfe\xd6\xd3\xcb\xbb\x29\x93\xd3\x4c\x25\x89\xd4\xef\x18\x7b\xbb\x31\xcc\x42\x02\x99\xc2\x9a\xde\x95\x3d\xb8\x60"
"\xb0\xd7\xf9\xec\xa2\x4d\x34\x55\xcf\x95\x45\x09\xa7\xb9\x70\x59\x67\x9b\x93\xf4\x56\xd9\xce\xa9\x58\xe4\x87\x16\x7a\x9e\x8d\xf1"
"\x08\x67\x52\xb0\xb0\xe6\x24\xac\x47\x2d\xb8\xfe\x18\x26\x0a\x6e\xac\x94\x07\x7b\x29\xf1\x87\xcd\xb2\xed\x25\x0c\x52\x7e\x8f\xa5"
"\x57\x7d\x1a\xf3\x90\x9d\xf0\x32\xa8\x7e\x68\xa0\xfc\xde\xe6\x74\x3e\x28\x32\xc9\xf2\x9d\x53\x9e\xd7\xca\xc5\x47\xf8\x82\x72\xbc"
"\x5b\xde\xc3\x2d\x1f\x5f\x74\x25\xb3\x07\x28\xad\xc2\x54\x7a\x70\x8a\x52\xd2\xc6\xc3\x11\x3c\xd9\xbf\x85\x49\xd3\x5c\xe9\x43\xf1"
"\x7b\xa0\xde\xac\xb1\xbe\x6e\x57\x5d\x29\x70\x11\x1e\x95\xc4\x05\xf9\xfc\xb2\xd9\xac\x40\x5a\x8b\xd9\xd5\xed\xc4\x68\xd8\x4c\xb4"
"\xd4\x89\xd8\xb9\x06\xe8\x0b\x75\x66\x2a\x8b\x8b\x0c\xea\x42\xe9\x0a\x3b\x77\x03\xf8\x03\xcf\x91\xf7\x04\x57\xdc\x04\x2f\x16\xac"
"\xb8\x8f\x50\x6f\x55\xaa\x1a\x52\x27\xb5\x77\x5c\x17\x7f\x7b\xdf\xd4\x3e\x77\x4d\x1d\xe7\x26\x7e\x09\xb6\xdb\x15\x5a\x54\xd9\xd4"
"\xa2\xec\xfd\x13\x9b\x77\xdd\x68\x69\xb1\x28\x94\xe7\x71\xf2\xad\x98\x3b\x02\x94\xe1\xbe\x14\x4d\x47\x6d\x4d\x52\x1b\x83\x64\x30"
"\xe8\xa2\x69\xf4\x8b\xe5\x92\x4d\xb3\xe0\xd5\xf9\x76\x6a\xe0\x57\x38\xa3\xd9\x48\x82\xf8\xaa\xb4\x2a\xaa\x02\xc7\xdf\x81\xda\xa2"
"\xe9\x22\x9c\xb4\xc8\xb0\x0f\x38\x3c\x51\x7a\x9d\x35\xd4\x68\x17\xb9\x6d\x3d\xa3\xaa\xd8\x38\xe9\x84\x06\xe2\xc9\x54\xf8\x85\x96"
"\xe0\x20\x3a\x6a\x3e\x9c\x52\x28\xce\xb5\x8c\x43\x19\x1d\x0c\x97\x28\xd4\xe8\x43\x29\xf5\x11\x1e\xc4\x37\x68\xf6\x51\xd0\x1e\xbd"
"\x05\xaf\x49\x06\x70\xba\xb9\x5b\xbf\x63\x84\xfb\xc9\xb2\x7b\x15\xc6\x29\xcc\xfa\x95\xba\x63\x03\x9f\x19\xa4\x90\x6a\xe7\x54\xd2"
"\xc0\x69\x6d\xf1\x07\xca\xe5\x73\xc1\x77\x5d\x8c\x42\xc4\xdd\xe0\x08\x23\x0c\x5f\xac\x13\x2b\xfe\x15\xa0\x0e\x4f\x62\xed\xc6\x4e"
"\x8c\x33\xdf\x41\x69\x94\xf6\xe8\x9a\x7a\x4d\x73\x46\x7b\x34\x92\x66\x28\xb9\x30\x11\x8c\xc5\xae\xc0\x9c\x2c\xc2\xa8\xc7\xbe\xe6"
"\x76\xce\xcb\x82\xd1\xc5\x9e\xef\x42\xe8\x2a\xc5\xff\x02\xc8\x9a\x65\xf3\x7c\x6f\x4e\xa4\x8b\xad\x2a\x49\x3a\x27\xcd\x4f\x67\x6c"
"\x4d\x63\x49\x09\x00\x00";
static const ArdAssetChunk Json0[] PROGMEM = {
  {Json0_0,sizeof(Json0_0)-1},
};
#endif
#endif
#elif ARDPORTAL_CONTROL_PROFILE_FULL || ARDPORTAL_CONTROL_PROFILE_BASIC
#if ARDPORTAL_ENABLE_OTA && ARDPORTAL_ENABLE_MQTT && ARDPORTAL_ENABLE_CONSOLE
#if ARDPORTAL_CONTROL_PROFILE_FULL
#if ARDPORTAL_ENABLE_MQTT_TLS
static const char Json0_0[] PROGMEM =
"\x1f\x8b\x08\x00\x00\x00\x00\x00\x02\xff\x7d\x58\x5d\x6e\x23\xb9\x11\xbe\x0a\xe1\x20\x80\x17\xf1\xda\x6e\xfd\xcb\xf3\x30\xd0\x78"
"\xc6\x18\x27\x1e\x5b\xb1\x34\xbb\x2f\x0b\x04\x74\x37\x25\x11\xee\x26\x7b\x49\xb6\x15\x45\x10\x90\xd3\xe4\x0a\x79\xcf\x51\x72\x92"
"\x54\x55\xb3\xba\x5b\x5a\x6f\x5e\x66\xcc\x2a\x36\xc9\xfa\x58\xf5\xd5\x47\xed\xcf\x2a\xfd\xb7\xeb\xeb\xe4\xec\xe6\xec\x59\xc9\x4c"
"\x9b\xb5\xf0\x41\x86\xca\xff\xf7\x9f\xff\x3a\xbb\xa8\x9d\x3d\x70\xde\x9b\x95\xe5\xf1\x10\xc6\x9f\xd5\x9b\x4e\x15\x5b\x46\x8d\x45"
"\x18\x59\x34\xe6\x31\x98\x1f\x54\x08\xca\x79\x21\x4d\x26\x32\xbd\xd6\xc1\x8b\x95\xb3\x05\x8c\x77\x22\x97\x66\x5d\xc9\xb5\xba\x10"
"\xbe\x94\xa9\xf2\x17\x62\xb3\x2b\x37\xca\xd4\xb3\x2b\x93\xc1\x87\xa9\x75\xca\x7f\x10\x55\x29\x82\x15\xfd\x9e\xf8\xbe\xbc\xfb\x71"
"\x22\x5e\x76\x41\xf9\x4b\x31\x9b\xd3\xcc\x6f\x7f\x5d\x2e\x85\x53\x65\x0e\x8b\xc4\xa5\xc4\x56\x87\x0d\x2f\xf7\x41\xa4\x1b\xd8\x0a"
"\xac\x4e\xa5\xd6\x18\x95\x86\x4b\x3e\xe3\x04\xce\xb8\x90\x6f\xcd\x99\xa7\x30\xbe\x93\x69\xb0\x6e\x07\xb3\xbd\x0a\xd1\x91\x5c\x83"
"\xe3\x56\x9a\x54\xe5\x6c\x41\xd0\x7e\xd6\x3f\xde\x69\x01\xd3\xaa\x92\xcd\x08\xd7\x22\x95\x46\x18\x15\xb6\xd6\xbd\x7a\x76\xf4\xc1"
"\x31\x7b\x93\x3a\x97\x2f\xb9\xfa\x8d\x77\x80\xeb\x6f\xac\xf5\x4a\x48\x76\xb2\x0f\x11\x5f\x2c\xee\x3f\xf3\x78\xd4\xec\x5c\x4a\xef"
"\x61\x66\xc6\x1e\x84\xfc\x4b\x51\x86\x9d\x78\x55\xaa\xf4\x22\x6c\x00\x11\x08\x2f\x6b\x66\x8a\x95\x75\x60\xd6\x9e\x37\x61\x28\x12"
"\x84\xe2\xb6\x86\x87\x60\xed\xc0\x92\x20\x2c\xb7\xb9\x92\x4e\xd0\xbe\xd1\xdc\xbb\x66\xb3\xaf\xed\xf4\x1d\x24\x90\x83\x6b\x9e\xcd"
"\x2f\xc5\x13\xec\xef\x10\x9e\x00\x99\x85\xf0\x17\x52\x1b\xde\xb0\x87\x00\xc2\x15\x76\xd1\xeb\xf5\x6a\x5b\x3c\x5b\x37\x9d\x7a\x88"
"\xdf\xa3\xda\xe2\xad\x9f\x84\xdd\x1b\xbc\x13\x36\xcf\xa1\x34\xc1\x75\x20\xf2\x3c\xb7\x5b\x2f\x3a\xa9\x7a\x29\x9e\x39\x25\x84\x5c"
"\x41\xa6\x72\xaa\x34\x87\x1c\xc6\x04\x81\x55\xd8\x84\xf0\x53\xce\x1d\x9d\x1c\xa1\xff\xe4\xec\x2b\xac\x21\xb3\x0c\x72\x87\xaf\xb6"
"\x87\xc0\x2e\x9d\x34\xbe\xb4\x8e\xf3\xa9\x87\x88\x2e\x6f\x79\xcd\x3e\x22\xb9\x7c\x58\xf0\x10\xa1\xb9\x9d\x89\x54\xb9\xa0\x57\x3a"
"\x95\x41\x89\xf3\xf9\x97\x6f\x3f\xb0\xbf\x47\x05\xfb\x6b\xa5\x61\x1f\x11\x5c\xe5\x03\x5c\xf1\xed\xec\x42\x14\x32\xa4\x1b\x2c\xe3"
"\x8d\xf5\x81\xa2\xc6\x2b\x79\x5c\xce\x45\xd0\x10\x2e\x7f\x8f\x58\xce\xdb\xd3\xf4\x11\xc0\xef\x5e\xb9\x0e\xde\xfd\x21\x87\x79\x82"
"\x76\x7f\xf4\x7f\xd0\x6e\xd3\xeb\x85\xb0\xb8\xaa\x60\xd5\x4b\x51\x4f\xaf\x4d\xc0\x03\x1e\x4b\xc0\x53\xe1\x36\x47\x42\x94\x9e\x96"
"\x33\x28\xf5\x0c\xc2\x65\xeb\xb4\x2d\x8b\x95\x76\xc5\x56\x3a\x76\x0d\x10\xb2\x76\x37\x2b\x61\x73\x8c\x75\x95\x4b\xbf\x01\x6e\xd9"
"\xd9\x2a\xc0\xc6\x8b\xf9\xa4\x37\x1a\xdd\x88\xcb\x17\x6d\x04\xcc\xc6\xff\x2f\xd7\xff\x20\x4f\xbf\x77\x23\x64\x59\xe6\x08\xb0\xb6"
"\x26\xce\x31\xf9\x8e\x0f\x35\xc0\x7b\xb8\x3b\xd9\x17\xb1\xff\x5e\xe6\x56\x66\xc7\x67\x1d\x20\xa8\x7f\x01\x44\x44\x69\xb7\x10\xa6"
"\x35\x98\x5d\xb1\x1a\xb6\x40\x44\x22\xb5\x45\x99\xab\xa0\x3e\xfc\x5e\x49\x0c\x06\x75\x0d\x7a\x9b\x37\xab\x52\xf6\xd8\x52\xa7\x6c"
"\x40\x48\x7e\x92\x79\xc5\x33\x86\x08\xc4\x42\x19\xbe\x9f\x21\xd5\x15\xf0\x6b\xc0\xaf\x84\xfa\x7b\xaa\xca\x20\xfe\x70\xf5\xa7\xcb"
"\x98\xf9\x37\x22\x2d\x4c\x76\x85\x77\x7d\x05\x47\x2a\x00\xb5\x0b\xb1\x56\xe1\xc4\x82\x8d\xe0\xc8\xc4\xa7\x1c\xd6\x08\x74\x42\x1f"
"\x62\xe8\x5f\x6d\x93\x3b\xc3\x41\x24\x41\x03\x41\xb6\xad\x64\x38\xa4\xb4\x85\xe0\x85\xcc\xf3\x06\x84\x8f\xec\x1e\xd5\xb5\x76\xfc"
"\xcd\xb8\xa5\x25\xcc\x6b\xe2\x99\x8e\x7b\x72\xec\xc6\x94\xea\x78\x4f\x78\xeb\x63\xa7\xdc\xdf\xb4\x44\x8e\x8a\x33\x47\x18\x81\xf8"
"\xcf\xbf\xc5\xcf\x52\xd3\x42\x98\x59\x50\x36\xec\x1e\x34\x94\xbb\x02\x06\x57\xc0\x2a\xb7\x1b\x95\xbe\x0a\xa4\xe5\xab\x86\x6a\x78"
"\x36\xc6\x79\xbe\xd1\x59\xa6\x0c\x97\xec\xe8\xfd\x26\x39\xa2\xf0\x36\x1a\xfa\xdb\xae\x6c\x8c\x13\x36\x36\x9c\x3f\x9a\xd6\x71\xae"
"\xf4\xba\x72\x2a\x66\x79\xf4\x8d\x31\x01\xe6\x9b\x9d\x87\x3c\xce\x8f\x3d\x09\x25\x4f\x00\xf3\x46\x49\xa6\xaa\x31\xdd\x9f\x91\xdc"
"\x8b\xd8\x8c\x10\xdc\x39\xa5\x8e\xe6\x0e\x62\x59\x52\x5f\x65\xe3\x90\x12\x00\x19\x85\x2d\x14\x1d\xd2\x14\x96\x60\xd7\x81\xf1\xbd"
"\x8f\xe9\xb8\x73\x75\x8a\x93\x77\x8c\x71\x7e\xd6\x3e\x3d\xb1\x4f\x30\xc6\x87\xd9\xa3\xb8\xe7\xcf\x27\xb1\x7d\xb4\x06\x0c\xab\xb0"
"\x95\xe9\x7c\x85\x21\x19\x1b\xc4\x89\x79\xd0\xde\x85\x5d\xad\x72\x6d\x8e\x1b\x41\x10\xa8\x53\x0c\xf4\x9a\xfb\x79\x6c\x0b\xdc\x90"
"\x4e\xda\xc3\x64\xd8\x90\xc1\x51\xd6\x4e\x46\x9d\xb4\x04\x66\xc9\x81\x8d\x39\x65\x32\xda\xb8\x59\x61\x1c\x01\x46\xd0\x32\x81\xa4"
"\xc5\x9e\x29\x09\xaf\x37\x99\xeb\x0c\xa8\x83\x48\x41\x14\xd0\x57\x40\x32\xc5\x29\xd3\xeb\x96\x2f\xde\x89\xe4\xe8\x48\xd3\x84\x89"
"\xe4\xea\x0d\xd9\x03\xe8\xc1\xc2\xb9\xcc\x9a\xf7\x9b\x22\x7e\x5f\x97\xd0\x2a\x94\x73\x70\x53\xfb\x5a\x09\x1e\xd8\x3d\x68\x79\x6f"
"\x8f\x19\x7c\xa0\xbb\x76\x35\xc3\x51\x13\xa8\x23\xe3\x72\x9e\x0e\x63\x64\xef\x2f\x87\x08\xed\x33\xb9\xf3\x07\x81\xff\x8a\xfd\xc6"
"\x56\x0e\x06\x1b\xb1\x2f\xb4\xa9\x40\xe0\x1d\x04\xfc\x01\xdf\x61\x38\x19\x8c\xb8\xa1\x4e\x11\x32\xa2\xb0\x7d\xbd\xe3\x81\x19\x8a"
"\x27\x4c\xb8\x5a\x6f\xc4\x7e\x0b\x0d\xf4\x80\x95\x8d\xd4\x00\xe3\xe2\xd7\x10\x0e\xfb\x90\xfb\xc3\x3e\xcd\x6d\xfa\x4a\xbe\xfb\x39"
"\x78\x74\x79\xd8\xcb\xb2\x39\x20\xc2\xff\x10\x25\x6a\x6d\x4b\x48\x28\x2f\xa5\x03\xb2\x14\x41\x15\xa5\x72\x10\x92\x6b\xbc\x08\xe0"
"\x6d\xe5\x9c\x32\xef\xba\x31\x19\xbf\xd9\xac\x19\x0f\x48\x6b\x1a\x48\xce\xd6\x86\xa1\xcd\x5b\xf1\x90\x90\x40\x9d\xc1\x55\xbe\x35"
"\x6c\x9b\x90\x48\x7d\xb4\x51\x19\x40\x7a\x45\x3b\x69\xd4\xfb\x67\xe1\xf5\xda\x40\xc5\x9f\xff\x79\xf1\xf4\xf8\x03\xfb\x12\xea\xf8"
"\xd0\x97\xd8\xd0\x23\xbd\xa2\xd7\x9b\x60\xda\xed\x48\xa4\xde\xda\x1c\xae\x82\x2d\x44\xe5\xa5\x82\xdc\x3c\xff\x63\xb3\x1a\x5d\xad"
"\x4f\x75\x9e\x1f\x1d\x80\x58\x00\x34\x49\xda\x35\x52\x82\x97\xaa\x19\x53\xd9\x43\x41\x70\x38\x24\x2e\x17\xd0\xac\xe2\x98\x54\xe5"
"\xdc\x7a\x4d\x95\xd3\x6e\x4a\x7a\x71\xa9\xf3\xd0\xb5\x61\x14\x0f\x70\x8b\x3c\xee\x13\xb5\xe5\x1d\x0b\x9e\x7f\xe6\x0a\x10\x44\x4c"
"\x4a\x09\x89\x3a\xb4\xc9\xad\xdc\xb1\x6d\x14\x6d\x06\x21\x61\xe3\xb8\x66\x23\xe9\x0a\xb6\xd4\x62\x4e\xaf\xd7\xa8\xf3\xf2\x8e\x63"
"\xda\xa6\xc6\xa6\x2a\x74\xa6\x41\xf0\xb4\x07\xad\x05\x9e\x35\x7c\x04\x52\x78\x9f\x2b\x57\x0b\x8f\x73\xdf\xcc\xc3\x80\x7e\xb2\x79"
"\xd5\x1c\x96\xb4\x1a\xf6\x30\x06\x90\xc4\xda\x5c\x56\x0d\x80\xfd\xba\xad\x42\xaa\x19\x7c\x25\xbd\xc8\xd6\x33\xaa\xe1\x69\x73\xa7"
"\x3f\xe6\xd5\x80\xd1\x2d\xc7\xd9\xaf\xa9\x98\x6a\xe8\x38\x6f\xfa\xf5\xe5\x60\x85\x17\x76\x0b\x84\x12\xed\xa4\xbe\xee\x0d\xd4\x34"
"\x34\xf2\xae\x0c\x4a\x48\x33\x7d\x56\xa9\x53\x70\x8e\x77\xca\x60\x50\xbf\x27\x7f\xdf\x8f\xf1\x3e\xad\x56\x3c\xc4\x68\xbf\x2a\xc9"
"\x47\x1d\x0c\xe9\xa8\x36\xe7\x31\xdd\x5b\x15\x2c\x8f\xe9\xca\x1c\x5f\x2b\xc9\x27\x2c\x32\x94\x75\x6c\x9b\xbe\x43\xff\x35\x37\xa7"
"\x0d\x65\x47\x56\x4c\x48\x5d\x45\x19\x17\x09\x8e\x3d\xc9\x6f\x3c\x1f\xd9\xd5\xab\x79\x39\x38\x9b\x7b\x78\xc9\x36\xad\x16\x58\x86"
"\xd8\xf0\xc0\x13\xfb\xf5\xb3\x12\x7b\x14\xc8\x62\x78\xc2\xee\xc4\x2f\x67\xfb\x95\x56\x79\x76\xf8\xe5\xac\x39\xc4\x80\xee\xb1\x7e"
"\xa0\x97\xc0\x47\x0d\xad\x27\xa4\xa9\xb8\x4b\xa0\x0b\x8e\xb2\xd2\x86\x8a\xc7\x37\xdf\x53\x1e\x48\x1f\xea\x37\xad\x40\xec\x9b\x02"
"\x25\x85\xf5\x0d\x3e\x29\xaa\x02\x1e\xe7\x47\xfd\x3f\x21\x7d\xf5\x80\x69\x0d\x1f\xa3\x5d\xbc\x74\x8a\xab\xd6\x57\x91\xf1\x38\xeb"
"\xa3\x6f\x74\xcd\xcc\xc5\x80\x8d\x12\x3a\xaa\x3c\xb2\xd5\x5a\xe4\xd5\xd8\xad\x21\xc5\xd9\x38\xfa\xed\x25\xc5\x1e\xd3\x66\x5f\x2d"
"\xc7\x40\x55\x08\xf9\x02\x1d\x13\x5e\xcc\x75\xcb\x20\x85\x81\x3a\x94\x03\x27\x25\xb6\x50\x29\x69\xa6\xa3\x57\x75\x42\x82\x0c\x79"
"\xe9\xd4\x8e\x70\xdc\x67\x79\x73\x90\x49\x4c\xc0\xce\xf6\xd3\x98\x83\xad\x89\x34\x18\xa4\x5d\xc7\x92\xd4\x99\xc7\xc3\x5e\xcd\xec"
"\x9b\xa3\x95\xc6\x75\x94\x2b\x07\xfa\xa0\x63\x1d\x10\xc1\xbb\x42\x72\x96\x93\xe2\xfa\x92\x72\x92\x93\xdc\xfa\x92\x43\xa6\x3a\x7e"
"\x17\x24\xa4\xb4\xe6\xca\xad\xf0\x3b\xd3\x64\xe9\x98\x8f\x2f\xca\xaa\xe0\x5b\x25\x95\xf5\x15\x88\x0e\x92\xa5\xed\x9b\x09\x89\xac"
"\xce\x03\x3f\x21\x8d\x85\x7d\x93\xc7\x18\x84\x38\x87\x87\x2a\xf3\xc3\x84\x75\xf3\x2c\x76\x50\xb6\x63\x08\x7b\x12\x1a\x07\xf1\x89"
"\x8d\x18\xc5\xde\x7b\x9d\x1d\xc4\xf9\xde\xc1\x1f\xd0\xfb\x3f\x15\xcd\x5a\xa3\x4e\x2a\x23\x09\xf1\x2d\x4e\xeb\x17\x4e\x7c\x32\xd1"
"\xef\x19\x50\xb0\x51\xad\x01\xe3\xa1\xf6\x40\xb5\x16\x7f\x83\x48\x53\x68\x68\xf0\x08\xd3\x26\xdc\x44\xa9\x72\x81\x73\x0c\x24\x92"
"\xc5\x0b\xa7\x07\x2b\xbc\x7e\x65\xce\x3b\x90\xd6\xba\x03\x61\xef\x77\xf0\x94\x66\x4e\x9f\x4c\xda\x1c\x04\x98\xaa\x15\xa4\x2e\x64"
"\x12\xb7\x46\x92\x6e\xd1\x9d\x29\x9f\x3a\x5d\x76\xfa\xde\xb4\xfb\x76\x14\xdf\x9f\x1f\xd8\xde\xbe\x9e\xea\x9f\xc2\x3a\xae\x7e\x07"
"\x80\x55\xe7\x53\x7c\xb8\x2a\x7a\x42\xaf\xe0\x8c\x0d\x2c\x24\x63\xa1\x70\xa2\xfc\x6c\x3e\x69\xd9\x81\x34\x18\x4f\x39\x79\xba\x20"
"\x0a\xb0\xf6\x05\x3e\xcb\xb7\xbe\xa3\x71\x23\x80\xf4\x5b\x8e\x72\x6f\xe0\xb9\x7d\x7a\x5e\x34\xcf\xb5\xcb\xb3\xc3\xff\x00\x4b\xb5"
"\x6f\x99\x37\x14\x00\x00";
static const ArdAssetChunk Json0[] PROGMEM = {
  {Json0_0,sizeof(Json0_0)-1},
};
#else
static const char Json0_0[] PROGMEM =
"\x1f\x8b\x08\x00\x00\x00\x00\x00\x02\xff\x7d\x58\x5d\x6e\xe4\xb8\x11\xbe\x0a\xe1\x20\x80\x17\xf1\xda\x56\xff\xb7\xe7\x61\xe0\xf1"
"\x8c\x31\x4e\x3c\x76\xc7\xdd\xb3\xfb\xb2\x40\x40\x4b\x54\x37\x61\x89\xd4\x92\x92\x3b\x9d\x46\x03\x39\x4d\xae\x90\xf7\x1c\x25\x27"
"\x49\x55\x51\x45\xa9\xbd\xde\xbc\xcc\x98\x55\x14\xc9\x2a\x7e\xf5\xd5\xc7\xde\x9f\x34\xfa\x6f\x97\x97\xc9\xc9\xd5\xc9\x93\x92\x99"
"\x36\x6b\xe1\x6b\x59\x37\xfe\xbf\xff\xfc\xd7\xc9\x59\x70\x0e\xc0\x79\x67\x72\xcb\xe3\x31\x8c\x3f\xab\x57\x9d\x2a\xb6\x4c\xa2\x45"
"\x18\x59\x46\xf3\x14\xcc\xf7\xaa\xae\x95\xf3\x42\x9a\x4c\x64\x7a\xad\x6b\x2f\x72\x67\x4b\x18\xef\x44\x21\xcd\xba\x91\x6b\x75\x26"
"\x7c\x25\x53\xe5\xcf\xc4\x66\x57\x6d\x94\x09\xb3\x1b\x93\xc1\x87\xa9\x75\xca\x7f\x10\x4d\x25\x6a\x2b\x86\x03\xf1\x7d\x75\xfb\xe3"
"\x4c\x3c\xef\x6a\xe5\xcf\xc5\xf5\x82\x66\x7e\xfb\xeb\x6a\x25\x9c\xaa\x0a\x58\xa4\x5d\x4a\x6c\x75\xbd\xe1\xe5\x3e\x88\x74\x03\x5b"
"\x81\xd5\xa9\xd4\x1a\xa3\xd2\xfa\x9c\xcf\x38\x83\x33\x2e\xe5\x6b\x3c\xf3\x1c\xc6\xb7\x32\xad\xad\xdb\xc1\x6c\xaf\xea\xd6\x91\x5c"
"\x82\xe3\x46\x9a\x54\x15\x6c\xc1\xa4\xfd\xac\x7f\xbc\xd5\x02\xa6\x35\x15\x9b\x31\x5d\xcb\x54\x1a\x61\x54\xbd\xb5\xee\xc5\xb3\x63"
"\x08\x8e\xeb\x57\xa9\x0b\xf9\x5c\xa8\xdf\x78\x47\xb8\xfe\xc6\x5a\xaf\x84\x64\x27\xfb\x30\xe3\xcb\xe5\xdd\x67\x1e\x4f\xe2\xce\x95"
"\xf4\x1e\x66\x66\xec\xc1\x94\x7f\x29\xab\x7a\x27\x5e\x94\xaa\xbc\xa8\x37\x90\x11\x08\x2f\x8b\x33\x45\x6e\x1d\x98\xb5\xe7\x4d\x38"
"\x15\x09\xa6\xe2\x26\xa4\x87\xd2\xda\x4b\x4b\x82\x69\xb9\x29\x94\x74\x82\xf6\x6d\xcd\x83\x4b\x36\xfb\x60\xa7\xef\x00\x40\x0e\xae"
"\xf9\x7a\x71\x2e\x1e\x61\x7f\x87\xe9\xa9\x01\x59\x98\xfe\x52\x6a\xc3\x1b\x0e\x30\x81\x70\x85\xfd\xec\x0d\x06\xc1\xd6\x9e\xad\x0f"
"\xa7\x01\xe6\xef\x41\x6d\xf1\xd6\xdf\x84\x3d\x18\xbd\x13\x36\xcf\x21\x98\xe0\x3a\x10\x79\x51\xd8\xad\x17\x3d\xa8\x9e\x8b\x27\x86"
"\x84\x90\x39\x20\x95\xa1\x12\x0f\x39\x6e\x01\x02\xab\xb0\x09\xd3\x4f\x98\x3b\x3a\x39\xa6\xfe\x93\xb3\x2f\xb0\x86\xcc\x32\xc0\x0e"
"\x5f\xed\x10\x0f\xbe\xb0\x8e\xa1\x34\xc4\xd3\x7e\xf7\xca\xf5\x82\x1b\x8e\x79\xcd\x37\xa1\x0d\x27\xff\x27\xb4\xee\x2e\x9f\x69\xe3"
"\x8b\x06\x56\x3d\x17\x61\x7a\x30\x41\xd1\x79\xc4\x9b\xa7\x2a\xe1\xa8\x86\x78\xd7\x8f\xab\x6b\xa8\xab\x4c\xd6\xf1\x10\xf3\x0e\x83"
"\xb9\x76\xe5\x56\x3a\x76\x8d\xf0\xa6\xbb\xdd\xac\x84\xcd\xf1\xae\xf3\x42\xfa\x0d\x14\xf2\xce\x36\x35\x6c\xbc\x5c\xcc\x06\x93\xc9"
"\x95\x38\x7f\xd6\x46\xc0\x6c\xfc\xff\x7c\xfd\x0f\xf2\x0c\x07\x57\x42\x56\x55\xa1\x53\x59\x6b\x6b\xda\x39\xa6\xd8\xf1\xa1\x46\x88"
"\x87\xdb\x37\xfb\x22\x1e\xbe\x57\x85\x95\xd9\xf1\x59\x47\x98\xd4\xbf\x40\x46\x44\x65\xb7\x10\xa6\x35\x78\x95\x2d\xf4\xb6\x50\xf5"
"\x22\xb5\x65\x55\xa8\x5a\x7d\xf8\x3d\xfc\x8d\x46\x01\xf0\xde\x16\x71\x55\xcc\xcb\xca\x56\x3a\x65\x03\xa6\xe4\x27\x59\x34\x3c\x63"
"\x8c\x89\x58\x2a\xc3\xf7\x33\x26\x10\x03\x99\xd5\xf8\x95\x50\x7f\x4f\x55\x55\x8b\x3f\x5c\xfc\xe9\xbc\x85\xd9\x95\x48\x4b\x93\x5d"
"\xe0\x5d\x5f\xc0\x91\x4a\xc8\xda\x99\x58\xab\xfa\x8d\x05\x59\xf7\xc8\xc4\xa7\x1c\x87\x0c\xf4\x42\x1f\x63\xe8\x5f\x6d\xc4\xce\x78"
"\xd4\x32\x8e\x81\x20\x3b\xde\x1e\x8f\x89\xd4\x21\x78\x21\x8b\x22\x26\xe1\x23\xbb\x27\x01\xd8\xc7\xdf\x4c\x3b\x0e\xc0\x5e\x40\x45"
"\xdd\x73\xcf\x8e\xdd\x08\xa9\x9e\xf7\x0d\x49\x7c\xec\xd5\xd6\xab\x96\x48\x08\xed\xcc\x09\x46\x20\xfe\xf3\x6f\xf1\xb3\xd4\xb4\x10"
"\x22\xeb\x61\xc5\x05\x36\x19\x45\x7e\xcb\x81\x2e\x15\x94\xf0\xcd\x46\xa5\x2f\x02\x39\xf0\x22\xd6\x35\xcf\xc6\x38\x4f\x37\x3a\xcb"
"\x94\xf9\x81\x6d\xef\x77\xa4\x09\x85\xb7\xd1\xd0\x4c\x76\x55\x34\xce\xd8\x18\x09\x76\x32\x0f\x71\xe6\x7a\xdd\x38\xd5\xa2\xbc\xf5"
"\x4d\x11\x00\x8b\xcd\xce\x03\x8e\x8b\x63\x4f\x42\xe0\xa9\xc1\xbc\x51\x92\x79\x61\x4a\xf7\x67\x24\x13\x3f\x9b\x31\x05\xb7\x4e\xa9"
"\xa3\xb9\xa3\xb6\x2c\xa9\x89\xb1\x71\x4c\x00\xa8\x75\x0c\x63\x4a\xd1\x01\x20\xa8\x04\xfb\x0e\x8c\xef\xfd\x9c\x4e\x7b\x57\xa7\x18"
"\xbc\x53\x8c\xf3\xb3\xf6\xe9\x1b\xfb\x0c\x63\xbc\xbf\x7e\x10\x77\xfc\xf9\xac\xe5\xea\xce\x80\x61\x95\xb6\x31\xbd\xaf\x30\x24\x63"
"\x6b\xf1\xc6\x3c\xea\xee\xc2\xe6\x79\xa1\xcd\x31\xeb\xd6\x02\x45\x81\x01\x62\xbf\x5b\xb4\x1c\xcc\xec\xff\x86\x8b\x67\xe3\x48\x06"
"\x47\xa8\x9d\x4d\x7a\xb0\x04\x66\x29\xac\xaf\x19\x32\x19\x6d\x1c\x57\x98\xb6\x09\xc6\xa4\x65\x02\x49\x8b\x3d\x73\x52\x39\xaf\xb2"
"\xd0\x19\x50\x07\x91\x82\x28\x81\xc4\x41\x9f\xb4\x53\xe6\x97\x1d\x5f\xbc\x13\xc9\xd1\x91\xe6\x09\x13\xc9\xc5\x2b\xb2\x07\xd0\x83"
"\x85\x73\x99\x35\xef\x37\xc7\xfc\x7d\x5d\xad\x16\x42\x39\x07\x37\xb5\x0f\xb2\xeb\xc0\xee\x51\xc7\x7b\x7b\x44\xf0\x81\xee\xda\x05"
"\x86\xa3\x26\x10\x22\xe3\x72\x9e\x8f\xdb\xc8\xde\x5f\x0e\x33\xb4\xcf\xe4\xce\x1f\x04\xfe\x2b\xf6\x1b\xdb\x38\x18\x6c\xc4\xbe\xd4"
"\xa6\x01\x35\x75\x10\xf0\x07\x7c\x87\xe1\x64\x30\xe2\xee\x35\xc7\x94\x11\x85\xed\xc3\x8e\x07\x66\x28\x9e\x30\xe3\x6a\xbd\x12\xfb"
"\xad\xce\xf5\x01\x2b\x1b\xa9\x01\xc6\xe5\xaf\x75\x7d\xd8\xd7\x85\x3f\xec\xd3\xc2\xa6\x2f\xe4\xbb\x5b\x80\x47\x57\x87\xbd\xac\xe2"
"\x01\x31\xfd\xf7\xad\x1e\x0c\xb6\x84\x54\xe9\x4a\x3a\x20\x4b\x51\xab\xb2\x52\x0e\x42\x72\xd1\x8b\x09\xbc\x69\x9c\x53\xe6\x5d\x37"
"\x82\xf1\x9b\xcd\xe2\x78\x44\xc2\xce\x00\x38\x3b\x1b\x86\xb6\xe8\x3a\x75\x42\x6a\xf0\x1a\xae\xf2\x35\xb2\x6d\x42\x8a\xf0\xc1\xd6"
"\x10\x58\x68\x5c\xad\x9d\x04\xe1\xdd\x93\xf0\x7a\x6d\xa0\xe2\x4f\xff\xbc\x7c\x7c\xf8\x81\x7d\x09\x75\x7c\xe8\x4b\x6c\x18\x90\x38"
"\xd0\xeb\x4d\x6d\xba\xed\x48\x11\xde\xd8\x02\xae\x82\x2d\x44\xe5\x95\x02\x6c\x9e\xfe\x31\xae\x46\x57\xeb\x53\x5d\x14\x47\x07\x20"
"\x16\xd0\x2e\x80\x9e\x8d\x04\xf0\x4a\xc5\x31\x95\x3d\x14\x04\x87\x43\x4a\x6e\x09\xcd\xaa\x1d\x93\x84\x5b\x58\xaf\xa9\x72\xba\x4d"
"\x49\x9c\xad\x74\x51\xf7\x6d\x18\xc5\x3d\xdc\x22\x8f\x87\x44\x6d\x45\xcf\x82\xe7\xbf\x76\xa5\xd8\xc4\xf6\x94\x90\x82\x42\x9b\xdc"
"\xca\x1d\xdb\x26\xad\xcd\x60\x4a\xd8\x38\x0d\x6c\x24\x5d\xc9\x16\x6a\xc7\x90\xb6\x35\x8a\xaa\xa2\xe7\x98\x77\xd0\xd8\x34\xa5\xce"
"\x34\x08\x9e\xee\xa0\xc3\x4b\xaa\x3e\xc3\x47\x18\x62\x30\x9f\x1b\x17\x84\xc7\xa9\x8f\xf3\x30\xa0\x9f\x6c\xd1\xc4\xc3\x92\x56\xc3"
"\x1e\xc6\x09\x24\xb1\xb6\x90\x4d\x4c\xe0\x30\xb4\x55\x80\x9a\xc1\x27\xc9\xb3\xec\x3c\x93\x90\x9e\x0e\x3b\xc3\x29\xaf\x06\x8c\x6e"
"\x39\xce\x61\xa0\x62\xaa\xa1\x63\xdc\x0c\xc3\xe5\x60\x85\x97\x76\x0b\x84\xd2\xda\x49\x7d\xdd\x19\xa8\x69\x68\xe4\x7d\x19\x94\x90"
"\x66\xfa\xac\x52\xa7\xe0\x1c\xef\x94\xc1\x28\x3c\xde\x7e\xdf\x8f\xf1\x3e\xe6\x39\x0f\x31\xda\xaf\x4a\xf2\x51\x47\x63\x3a\xaa\x2d"
"\x78\x4c\xf7\xd6\xd4\x96\xc7\x74\x65\x8e\xaf\x95\xe4\x13\x16\x19\xca\x3a\xb6\xcd\xdf\xa1\xff\xc0\xcd\x69\xa4\xec\x96\x15\x13\x52"
"\x57\xad\x8c\x6b\x09\x8e\x3d\xc9\x6f\x3c\x1f\xd9\x35\x08\xbc\x5c\x3b\x5b\x78\x78\x36\xc6\x56\x0b\x2c\x43\x6c\x78\xe0\x89\xc3\xf0"
"\x86\xc3\x1e\x05\xb2\x18\xde\x8b\x3b\xf1\xcb\xc9\x3e\xd7\xaa\xc8\x0e\xbf\x9c\xc4\x43\x8c\xe8\x1e\xc3\x6b\xb8\x02\x3e\x8a\xb4\x9e"
"\x90\xa6\xe2\x2e\x81\x2e\x38\x4a\xae\x0d\x15\x8f\x8f\xdf\x13\x0e\xa4\xaf\xc3\x03\x52\x60\xee\x63\x81\x92\xc2\xfa\x06\x9f\x94\x4d"
"\x09\x2f\xe1\xa3\xfe\x9f\x90\xbe\xba\x47\x58\xc3\xc7\x68\x17\xcf\xbd\xe2\x0a\xfa\xaa\x65\x3c\x46\x7d\xeb\x9b\x5c\x32\x73\x71\xc2"
"\x26\x09\x1d\x55\x1e\xd9\x82\x16\x79\x31\x76\x6b\x48\x71\x46\xc7\xb0\xbb\xa4\xb6\xc7\x74\xe8\x0b\x72\x0c\x54\x85\x90\xcf\xd0\x31"
"\xe1\x79\x1a\x5a\x06\x29\x0c\xd4\xa1\x1c\x38\x29\xb1\xa5\x4a\x49\x33\x1d\x3d\x61\x13\x12\x64\xc8\x4b\x6f\xed\x98\x8e\xbb\xac\x88"
"\x07\x99\xb5\x00\xec\x6d\x3f\x6f\x31\xd8\x99\x48\x83\x01\xec\x7a\x96\x24\x20\x8f\x87\x83\xc0\xec\x9b\xa3\x95\xa6\x21\xca\xdc\x81"
"\x3e\xe8\x59\x47\x44\xf0\xae\x94\x8c\x72\x52\x5c\x5f\x52\x06\x39\xc9\xad\x2f\x05\x20\xd5\xf1\xbb\x20\x21\xa5\xb5\x50\x2e\xc7\xef"
"\x4c\x44\xe9\x94\x8f\x2f\xaa\xa6\xe4\x5b\x25\x95\xf5\x15\x88\x0e\xc0\xd2\xf5\xcd\x84\x44\x56\xef\x35\x9d\x90\xc6\xc2\xbe\xc9\x63"
"\x0c\x42\x9c\xae\xee\x97\xcc\x0f\x33\xd6\xcd\xd7\x6d\x07\x65\x3b\x86\xb0\x27\xa1\x71\x10\x9f\xd8\x88\x51\xec\xbd\xd7\xd9\x41\x9c"
"\xee\x1d\xfc\x01\xbd\xff\x53\x19\xd7\x9a\xf4\xa0\x8c\x24\xc4\xb7\x38\x0f\x2f\x9c\xf6\xc9\x44\x3f\x1e\x40\xc1\xb6\x6a\x0d\x18\x0f"
"\xb5\x07\xaa\xb5\xf6\xc1\x9f\xa6\xd0\xd0\xe0\x11\xa6\x4d\x7d\xd5\x4a\x95\x33\x9c\x63\x00\x48\x16\x2f\x9c\x1e\xac\xf0\xfa\x95\x05"
"\xef\x40\x5a\xeb\x16\x84\xbd\xdf\x79\xa0\x24\xb6\xce\x3a\x0c\x42\x9a\x9a\x1c\xa0\x0b\x48\xe2\xd6\x48\xd2\xad\x75\x67\xca\xa7\x4e"
"\x57\xbd\xbe\x37\xef\xbf\x1d\xc5\xf7\xa7\x7b\xb6\x77\xaf\xa7\xf0\xbb\x53\xcf\x35\xec\x25\x20\xef\x7d\x8a\x0f\x57\x45\x4f\xe8\x1c"
"\xce\x18\xd3\x42\x32\x16\x0a\xa7\x95\x9f\xf1\x93\x8e\x1d\x48\x83\xf1\x94\x37\x4f\x17\xcc\x02\xac\x7d\x86\xcf\xf2\xad\xef\x69\xdc"
"\x36\x81\xf4\xc3\x89\x72\xaf\xe0\xb9\x79\x7c\x5a\xc6\xe7\xda\xf9\xc9\xe1\x7f\x7d\xc6\xe9\xee\xa4\x13\x00\x00";
static const ArdAssetChunk Json0[] PROGMEM = {
  {Json0_0,sizeof(Json0_0)-1},
};
#endif
#else
#if ARDPORTAL_ENABLE_MQTT_TLS
static const char Json0_0[] PROGMEM =
"\x1f\x8b\x08\x00\x00\x00\x00\x00\x02\xff\x7d\x57\xdb\x6e\xdb\x46\x10\xfd\x95\x81\xfb\xe2\xa0\x8e\x6c\xdd\x25\xe7\x21\x50\x9c\x18"
"\x31\xea\xc4\xaa\x25\x37\x2f\x01\x8a\x35\xb9\x14\x17\x26\x77\x19\xee\xd2\xaa\x2a\x08\xe8\xd7\xf4\x17\xfa\xde\x4f\xe9\x97\x74\x66"
"\xb9\x43\x51\x8a\xdb\x17\x27\x9c\xd9\xcb\xcc\xd9\x33\x67\x46\xdb\x93\x4a\xfd\x7a\x71\xd1\x3d\xb9\x3c\xb9\x97\x22\x56\x7a\x05\xd6"
"\x09\x57\xd9\x7f\xfe\xf8\xf3\xe4\xac\x76\xf6\xd0\x79\xa3\x13\xc3\xdf\x43\xfc\x7e\x2f\x9f\x55\x24\xd9\x32\x6a\x2c\xa0\x45\xde\x98"
"\xc7\x68\xbe\x95\xce\xc9\xd2\x82\xd0\x31\xc4\x6a\xa5\x9c\x85\xa4\x34\x39\x7e\x6f\x20\x13\x7a\x55\x89\x95\x3c\x03\x5b\x88\x48\xda"
"\x33\x48\x37\x45\x2a\x75\xbd\xba\xd2\x31\x6e\x8c\x4c\x29\xed\x1b\xa8\x0a\x70\x06\xfa\x3d\x78\x58\x5e\xbf\x9e\xc0\xe3\xc6\x49\xdb"
"\x81\xd9\xdc\xaf\xfc\xf4\xf3\x72\x09\xa5\x2c\x32\x3c\x24\x1c\x05\x6b\xe5\x52\x3e\xee\x0d\x44\x29\x5e\x85\xd6\x52\x46\x46\x6b\x19"
"\xb9\x0e\xc7\x38\xc1\x18\x17\xe2\xb9\x89\x79\x8a\xdf\xd7\x22\x72\xa6\xdc\xe0\x6a\x2b\x5d\x70\x74\x2f\xd0\x71\x25\x74\x24\x33\xb6"
"\x10\x68\x5f\xd4\xeb\x6b\x05\xb8\xac\x2a\xd8\x4c\x70\x2d\x22\xa1\x41\x4b\xb7\x36\xe5\x93\x65\x47\x1f\x1d\xb3\x67\xa1\x32\xf1\x98"
"\xc9\xef\xbc\x03\x3a\x3f\x35\xc6\x4a\x10\xec\x64\x1f\x21\xbe\x58\xdc\xbc\xe7\xef\x51\x73\x73\x21\xac\xc5\x95\x31\x7b\x08\xf2\x0f"
"\x79\xe1\x36\xf0\x24\x65\x61\xc1\xa5\x88\x08\xa6\x17\x37\x2b\x21\x31\x25\x9a\x95\xe5\x4b\x18\x8a\x2e\x41\x71\x55\xc3\xe3\x61\x6d"
"\xc1\xd2\x25\x58\xae\x32\x29\x4a\xf0\xf7\x06\x73\xef\x82\xcd\xb6\xb6\xfb\x7d\x48\xa0\x12\x9f\x79\x36\xef\xc0\x1d\xde\x5f\x12\x3c"
"\x0e\x99\x45\xf0\xe7\x42\x69\xbe\xb0\x47\x00\xe2\x13\xb6\xd1\xeb\xf5\x6a\x5b\x88\xad\x4d\xa7\x1e\xe1\xf7\x59\xae\xe9\xd5\x8f\xd2"
"\xee\x0d\x5e\x48\x9b\xd7\x78\x9a\xd0\x39\x98\x79\x96\x99\xb5\x85\x16\x55\x3b\x70\xcf\x94\x00\x91\x20\x53\x99\x2a\x4d\x90\xc3\x40"
"\x10\x3c\x85\x4d\x04\xbf\xe7\xdc\x41\xe4\x04\xfd\xbb\xd2\x3c\xe1\x19\x22\x8e\x91\x3b\xfc\xb4\x3d\x02\x76\x59\x0a\x6d\x0b\x53\x32"
"\x9f\x7a\x84\xe8\xf2\x8a\xcf\xec\x13\x92\xcb\xdb\x05\x7f\x12\x34\x57\x33\x88\x64\xe9\x54\xa2\x22\xe1\x24\x9c\xce\x3f\x7c\x7a\xc5"
"\xfe\x9e\x2f\xd8\x6f\x95\xc2\x7b\xc0\x95\x95\x75\xf8\xc4\x57\xb3\x33\xc8\x85\x8b\x52\x2a\xe3\xd4\x58\xe7\xb3\xa6\x27\xf9\xbc\x9c"
"\x83\x53\x98\x2e\xef\x27\x2c\xe7\xfb\x68\xfa\x04\xe0\x83\x95\x65\x0b\xef\xfe\x90\xd3\x3c\x42\xbb\x3f\xfa\x1f\xb4\xf7\xf4\x7a\xf4"
"\x58\x9c\x57\x78\x6a\x07\xea\xe5\xb5\x09\x75\xc0\x52\x09\x58\x5f\xb8\x4d\x48\x84\xd2\xdd\x72\x86\xa5\x1e\x63\xba\x6c\x9d\xee\xcb"
"\x22\x51\x65\xbe\x16\x25\xbb\x06\x04\xd9\xfe\x36\x23\xf0\x72\xca\x35\xc9\x84\x4d\x51\x5b\x36\xa6\x72\x78\xf1\x62\x3e\xe9\x8d\x46"
"\x97\xd0\x79\x54\x1a\x70\x35\xfd\xdb\x59\xfd\xee\x3d\xfd\xde\x25\x88\xa2\xc8\x08\x60\x65\x74\x58\xa3\xb3\x0d\x07\x35\xa0\x77\xb8"
"\x3e\xba\x97\xb0\x7f\x28\x32\x23\xe2\xc3\x58\x07\x04\xea\x4f\x88\x08\x14\x66\x8d\x69\x1a\x4d\xec\x0a\xd5\xb0\x46\x21\x82\xc8\xe4"
"\x45\x26\x9d\x7c\xf3\x5f\x25\x31\x18\xd4\x35\x68\x4d\xd6\x9c\xea\xd9\x63\x0a\x15\xb1\x81\x20\xf9\x45\x64\x15\xaf\x18\x12\x10\x0b"
"\xa9\xf9\x7d\x86\xbe\xae\x50\x5f\x1d\xed\x02\xf9\x5b\x24\x0b\x07\x3f\x9c\xff\xd8\x09\xcc\xbf\x84\x28\xd7\xf1\x39\xbd\xf5\x39\x86"
"\x94\x23\x6a\x67\xb0\x92\xee\xc8\x42\x8d\xe0\xc0\xc4\x51\x0e\x6b\x04\x5a\xa9\x0f\x29\xf5\x8f\xa6\xe1\xce\x70\x10\x44\x50\x63\x92"
"\xfb\x56\x32\x1c\x7a\xda\x62\xf2\x20\xb2\xac\x01\xe1\x2d\xbb\x47\x75\xad\x1d\xee\x19\xef\x65\x89\x78\xed\x75\xa6\xe5\x9e\x1c\xba"
"\x89\x52\x2d\xef\x91\x6e\xbd\x6d\x95\xfb\xb3\x12\xa4\x51\x61\xe5\x88\x32\x80\xbf\xff\x82\x2f\x42\xf9\x83\x88\x59\x58\x36\xec\x1e"
"\x34\x92\x9b\xa0\x82\x4b\x54\x95\xab\x54\x46\x4f\x40\xb2\x7c\xde\x48\x0d\xaf\xa6\x3c\x4f\x53\x15\xc7\x52\x73\xc9\x8e\x5e\x6e\x92"
"\x23\x9f\x5e\xaa\xb0\xbf\x6d\x8a\xc6\x38\x61\x63\xa3\xf9\xa3\x69\x9d\x67\xa2\x56\x55\x29\x03\xcb\x83\x6f\x4c\x04\x98\xa7\x1b\x8b"
"\x3c\xce\x0e\x3d\x5d\x4f\x1e\x87\xe6\x54\x0a\x96\xaa\xb1\x7f\x3f\x2d\xb8\x17\xb1\x99\x20\xb8\x2e\xa5\x3c\x58\x3b\x08\x65\xe9\xfb"
"\x2a\x1b\x87\x9e\x00\xa4\x28\x6c\xf1\xd9\x91\x4c\x51\x09\xb6\x1d\x94\xdf\xcb\x98\x8e\x5b\x4f\x27\x99\xbc\x63\xca\xf3\xbd\xb2\xd1"
"\x91\x7d\x42\x39\xde\xce\x3e\xc3\x0d\x6f\x9f\x84\xf6\xb1\x37\x50\x5a\xb9\xa9\x74\x6b\x17\xa5\xa4\x8d\x83\x23\xf3\x60\xff\x16\x26"
"\x49\x32\xa5\x0f\x1b\x81\x03\x9a\x53\x34\xf6\x9a\x9b\x79\x68\x0b\xdc\x90\x8e\xda\xc3\x64\xd8\x88\xc1\x01\x6b\x27\xa3\x16\x2d\x51"
"\x59\x32\x54\x63\xa6\x4c\xec\x2f\x6e\x4e\x18\x07\x80\x09\xb4\x18\x48\xb4\xd8\x33\xf5\x83\xd7\xb3\xc8\x54\x8c\xd2\xe1\x45\x01\x72"
"\xec\x2b\x38\x32\x85\x25\xd3\x8b\xbd\x5e\xbc\x90\xc9\x41\x48\xd3\x2e\x0b\xc9\xf9\x33\xa9\x07\xca\x83\xc1\xb8\xf4\x8a\xef\x9b\x12"
"\x7e\x1f\x97\xd8\x2a\x64\x59\xe2\x4b\x6d\xeb\x49\x70\xc7\xee\xc1\x5e\xf7\xb6\xc4\xe0\x9d\x7f\xeb\xb2\x56\x38\xdf\x04\xea\xcc\xb8"
"\x9c\xa7\xc3\x90\xd9\xcb\xc7\x11\x42\xdb\x58\x6c\xec\x0e\xe8\x2f\x6c\x53\x53\x95\xf8\x91\xc2\x36\x57\xba\xc2\x01\x6f\x07\xf8\x1f"
"\xdc\x47\xe9\xc4\xf8\xc5\x0d\x75\x4a\x90\x79\x09\xdb\xd6\x37\xee\x58\xa1\x78\xc1\x84\xab\xf5\x12\xb6\x6b\x6c\xa0\x3b\xaa\x6c\x92"
"\x06\xfc\xce\xbf\x39\xb7\xdb\xba\xcc\xee\xb6\x51\x66\xa2\x27\xef\xbb\x99\xa3\x47\x15\xbb\xad\x28\x9a\x00\x09\xfe\xdb\x30\xa2\xd6"
"\xb6\xae\xd7\xde\x63\xe2\xd4\xaf\x1a\x35\x8f\x1d\xf0\xec\x7a\x5d\x0e\x0d\x20\x40\xc3\x9e\xee\x77\x9e\xb7\xec\xea\xd5\x2f\xea\x4a"
"\x93\x59\x9c\x81\x9b\x22\xc5\xf8\x3c\x8e\x3b\x5e\xd8\xaf\x07\x52\x62\x37\x36\x54\x1c\x7e\x37\xf0\xf5\x64\x9b\x28\x99\xc5\xbb\xaf"
"\x27\x4d\x10\xf4\x6a\xb7\x35\x3d\xb1\x49\xaf\x64\x43\x88\xae\x57\x63\xe6\x17\xb9\x30\x94\x44\x69\x45\x39\xd8\x66\xff\xc8\xa3\x60"
"\x5d\x3d\x0d\xe3\x5f\x61\x8d\x66\x27\x3d\xc4\x27\xdc\x92\x57\x39\x8e\xf5\x07\xca\xd1\xf5\xca\x7c\x2b\x4a\xac\x16\xe7\xed\xf0\x48"
"\x70\x07\xaf\xd7\xdb\x80\x64\xa0\x10\x46\xc8\xce\x41\x10\x0d\x10\x8f\x58\x10\x38\x10\xd7\x8c\xf0\x02\x42\x6d\x86\xa3\xf3\x42\xbb"
"\x90\x91\x97\xc4\x83\xa1\xb9\xeb\xf5\xf6\xae\x90\xfa\xc8\xee\x85\xa4\x35\xc4\x76\xbd\x8e\x10\x37\xf8\x9b\x5e\x00\x4e\x71\x18\x7b"
"\xc5\x16\xee\x0d\xb3\xc0\x12\xb6\x53\x98\x5b\x5f\x4c\x3b\x78\xc7\x46\x0a\x69\x6b\xad\x8a\x77\x70\xba\x2d\xf1\x3f\xc8\xef\x77\x39"
"\x9f\x35\xad\x9b\x75\xe8\xfe\x7e\x34\x47\x06\x05\xe1\xc1\x9f\x38\x54\x46\x24\x3c\x61\x9c\x8e\xf0\xb7\x8c\xc5\x79\x42\x69\x77\x19"
"\xaa\xee\x8c\xd6\x68\x04\xcd\x50\x72\x7e\xf6\xc2\x41\x4e\x64\x8c\x89\x97\x8d\x6b\xec\x51\x76\x83\x53\x61\xce\xd6\xc9\x1e\x6f\xac"
"\x94\x2a\xc1\xdf\x38\x88\x5a\xc9\xee\xf1\xde\x1d\x4b\x1b\x95\xaa\x20\x1a\x70\xd0\xed\x31\x08\x1e\xee\x6f\xd9\xbe\x1f\x04\xea\x5f"
"\x75\x2d\x57\xbf\x45\xae\xa4\xb5\x95\x66\x30\xe9\xa7\xc1\x04\x63\xe4\xa0\xbd\xb8\xbc\x37\x6b\x1d\x94\xb4\xd9\xb2\xa7\xab\x97\x13"
"\x5e\x72\xd4\x85\x09\x05\x3c\xfb\x8c\x26\xcc\xb5\x6d\xc9\x75\x00\xd0\xff\x2c\x91\xe5\x33\x7a\xae\xee\xee\x17\xcd\xe4\xd1\x39\xd9"
"\xfd\x0b\xb9\x00\x93\x52\x02\x0f\x00\x00";
static const ArdAssetChunk Json0[] PROGMEM = {
  {Json0_0,sizeof(Json0_0)-1},
};
#else
static const char Json0_0[] PROGMEM =
"\x1f\x8b\x08\x00\x00\x00\x00\x00\x02\xff\x7d\x57\xdb\x6e\xdb\x46\x10\xfd\x95\x81\xfb\x92\xa0\x8e\x6c\xdd\x25\xe7\x21\x70\xec\x1a"
"\x31\xea\xd8\xaa\x25\x37\x2f\x01\x8a\x35\xb9\x94\x16\x26\x77\x59\xee\x52\xaa\x4a\x08\xe8\xd7\xf4\x17\xfa\xde\x4f\xe9\x97\x74\x66"
"\xb9\x43\x51\x8a\xdb\x17\x27\x9c\xd9\xcb\xcc\x99\x33\x67\x47\xd5\x49\xa9\x7e\x39\x3f\xef\x9e\x5c\x9c\x3c\x4a\x11\x2b\xbd\x04\xeb"
"\x84\x2b\xed\x3f\x7f\xfc\x79\x72\x5a\x3b\x7b\xe8\xbc\xd5\x89\xe1\xef\x21\x7e\x5f\xcb\xb5\x8a\x24\x5b\x46\x8d\x05\xb4\xc8\x1a\xf3"
"\x18\xcd\x77\xd2\x39\x59\x58\x10\x3a\x86\x58\x2d\x95\xb3\x90\x14\x26\xc3\xef\x2d\xa4\x42\x2f\x4b\xb1\x94\xa7\x60\x73\x11\x49\x7b"
"\x0a\xab\x6d\xbe\x92\xba\x5e\x5d\xea\x18\x37\x46\xa6\x90\xf6\x3d\x94\x39\x38\x03\xfd\x1e\x3c\x2d\x6e\xde\x4d\xe0\x79\xeb\xa4\xed"
"\xc0\xe5\xcc\xaf\xfc\xfc\xd3\x62\x01\x85\xcc\x53\x3c\x24\x1c\x05\x1b\xe5\x56\x7c\xdc\x7b\x88\x56\x78\x15\x5a\x0b\x19\x19\xad\x65"
"\xe4\x3a\x1c\xe3\x04\x63\x9c\x8b\x75\x13\xf3\x14\xbf\x6f\x44\xe4\x4c\xb1\xc5\xd5\x56\xba\xe0\xe8\x9e\xa3\xe3\x4a\xe8\x48\xa6\x6c"
"\x21\xd0\xbe\xa8\x77\x37\x0a\x70\x59\x99\xb3\x99\xe0\x9a\x47\x42\x83\x96\x6e\x63\x8a\x17\xcb\x8e\x3e\x3a\x2e\xd7\x42\xa5\xe2\x39"
"\x95\xdf\x78\x07\x74\xfe\xca\x18\x2b\x41\xb0\x93\x7d\x84\xf8\x7c\x7e\x7b\xcd\xdf\xa3\xe6\xe6\x5c\x58\x8b\x2b\x63\xf6\x10\xe4\x3f"
"\x64\xb9\xdb\xc2\x8b\x94\xb9\x05\xb7\x42\x44\x30\xbd\xb8\x59\x09\x89\x29\xd0\xac\x2c\x5f\xc2\x50\x74\x09\x8a\xab\x1a\x1e\x0f\x6b"
"\x0b\x96\x2e\xc1\x72\x95\x4a\x51\x80\xbf\x37\x98\x7b\xe7\x6c\xb6\xb5\xdd\xef\x43\x02\x15\x58\xe6\xcb\x59\x07\x1e\xf0\xfe\x82\xe0"
"\x71\xc8\x2c\x82\x3f\x13\x4a\xf3\x85\x3d\x02\x10\x4b\xd8\x46\xaf\xd7\xab\x6d\x21\xb6\x36\x9d\x7a\x84\xdf\xbd\xdc\x50\xd5\x8f\xd2"
"\xee\x0d\x5e\x49\x9b\xd7\x78\x9a\xd0\x39\x98\x79\x9a\x9a\x8d\x85\x16\x55\x3b\xf0\xc8\x94\x00\x91\x20\x53\x99\x2a\x4d\x90\xc3\x40"
"\x10\x3c\x85\x4d\x04\xbf\xe7\xdc\x41\xe4\x04\xfd\xc7\xc2\xbc\xe0\x19\x22\x8e\x91\x3b\x5c\xda\x3e\x05\x3e\x33\x05\x53\xa9\x4f\xd1"
"\x3e\x59\x59\xb4\x92\xeb\x0f\xf9\xcc\xa3\xd4\xfa\xa3\xff\x49\x6d\x5f\xcb\x67\x7f\xf1\x59\x89\xa7\x76\xa0\x5e\x5e\x9b\xb0\xe9\x2c"
"\xf1\xcd\xfa\x2e\xe1\xac\xfa\x54\xeb\x87\xc5\x25\xf6\x55\x2c\x5c\x13\xc4\x74\xcf\xc1\x44\x15\xd9\x46\x14\xec\x1a\x50\xa5\xf7\xb7"
"\x19\x81\x97\x53\xad\x93\x54\xd8\x15\x36\xf2\xd6\x94\x0e\x2f\x9e\xcf\x26\xbd\xd1\xe8\x02\x3a\xcf\x4a\x03\xae\xa6\x7f\x3b\xcb\xdf"
"\xbd\xa7\xdf\xbb\x00\x91\xe7\xa9\x8a\x84\x53\x46\x87\x35\x3a\xdd\x72\x50\x03\xe2\xc3\xcd\xd1\xbd\xc4\x87\xa7\x3c\x35\x22\x3e\x8c"
"\x75\x40\xa0\xfe\x88\x88\x40\x6e\x36\x98\xa6\xd1\x54\xca\x40\xbd\x0d\x76\x3d\x44\x26\xcb\x53\xe9\xe4\xfb\xff\xe2\xdf\x60\x50\x13"
"\xde\x9a\xb4\x39\x95\x70\x59\x98\x5c\x45\x6c\x20\x48\x7e\x16\x69\xc9\x2b\x86\x04\xc4\x5c\x6a\xae\xcf\xd0\x93\x18\xc5\xcc\xd1\x2e"
"\x90\xbf\x45\x32\x77\xf0\xdd\xd9\xf7\x9d\x40\xb3\x0b\x88\x32\x1d\x9f\x51\xad\xcf\x30\xa4\x0c\x51\x3b\x85\xa5\x74\x47\x16\x52\xdd"
"\x03\x13\x47\x39\xac\x11\x68\xa5\x3e\xa4\xd4\x3f\x99\x86\x3b\xc3\x41\x50\x1c\x8d\x49\xee\x75\x7b\x38\xf4\xa2\x8e\xc9\x83\x48\xd3"
"\x06\x84\x0f\xec\x1e\xd5\xc4\x3e\xdc\x33\xde\x6b\x00\xbd\x05\xbe\xa9\x5b\xee\xc9\xa1\x9b\x28\xd5\xf2\x1e\x89\xc4\x87\x56\x6f\xad"
"\x95\x20\x41\x08\x2b\x47\x94\x01\xfc\xfd\x17\x7c\x11\xca\x1f\x44\xcc\xba\x5f\x70\x83\x8d\x06\x8d\xbe\x25\x28\x97\x12\x5b\xf8\x6a"
"\x25\xa3\x17\x20\x0d\x3c\x6b\xfa\x9a\x57\x53\x9e\x6f\x56\x2a\x8e\xa5\x7e\xcb\xb6\xd7\x5f\xa4\x91\x4f\x6f\xa5\xf0\x31\xd9\xe6\x8d"
"\x71\xc2\xc6\x46\x60\x47\xd3\x3a\xcf\x44\x2d\xcb\x42\x06\x96\x07\xdf\x98\x08\x30\x5b\x6d\x2d\xf2\x38\x3d\xf4\x74\x3d\x79\x1c\x9a"
"\x57\x52\xb0\x2e\x8c\x7d\xfd\xb4\x60\xe1\x67\x33\x41\x70\x53\x48\x79\xb0\x76\x10\xda\xd2\x3f\x62\x6c\x1c\x7a\x02\x38\xd5\xa4\x31"
"\xf6\xd9\x21\x21\x7c\x0b\xb6\x1d\x94\xdf\xeb\x98\x8e\x5b\xa5\x93\x4c\xde\x31\xe5\x79\xad\x6c\x74\x64\x9f\x50\x8e\x77\x97\xf7\x70"
"\xcb\xdb\x27\x41\xab\xf7\x06\x4a\x2b\x33\xa5\x6e\xed\xa2\x94\xb4\x71\x70\x64\x1e\xec\x6b\x61\x92\x24\x55\xfa\x50\x75\x1d\xd0\x50"
"\xa0\x51\xd8\x6f\x67\x41\x83\x59\xfd\x8f\xb4\x78\x32\x6c\xc4\xe0\x80\xb5\x93\x51\x8b\x96\xa8\x2c\xa9\xb1\x8e\x29\x13\xfb\x8b\x9b"
"\x13\xc6\x01\x60\x02\x2d\x06\x12\x2d\xf6\x4c\xfd\x94\xb3\x16\xa9\x8a\x51\x3a\xbc\x28\x40\x86\x22\x8e\xf3\x49\x58\x32\x3d\xdf\xeb"
"\xc5\x2b\x99\x1c\x84\x34\xed\xb2\x90\x9c\xad\x49\x3d\x50\x1e\x0c\xc6\xa5\x97\x7c\xdf\x94\xf0\xfb\xb4\x58\xcc\x40\x16\x05\x56\xaa"
"\xaa\xc7\xae\x1d\xbb\x07\x7b\xdd\xab\x88\xc1\x3b\x5f\xeb\xa2\x56\x38\xff\x08\xd4\x99\x71\x3b\x4f\x87\x21\xb3\xd7\x8f\x23\x84\xaa"
"\x58\x6c\xed\x0e\xe8\x2f\x54\x2b\x53\x16\xf8\xb1\x82\x2a\x53\xba\xc4\x69\x6a\x07\xf8\x1f\xdc\x47\xe9\xc4\xf8\xc5\xaf\xd7\x94\x20"
"\xf3\x12\x56\xd5\x37\xee\x58\xa1\x78\xc1\x84\xbb\xf5\x02\xaa\x8d\x4a\xd4\x8e\x3a\x9b\xa4\x01\xbf\xb3\x5f\x9d\xdb\x55\x2e\xb5\xbb"
"\x2a\x4a\x4d\xf4\xe2\x7d\xb7\x33\xf4\xa8\x7c\x57\x89\xbc\x09\x90\xe0\xbf\x0b\xf3\x60\x6d\xeb\x7a\xed\x3d\x26\x4e\x5d\xd5\xa8\x29"
"\x76\xc0\xb3\xeb\x75\x39\x3c\x00\x01\x1a\xf6\x74\xbf\xf1\x7c\x60\x57\xaf\xae\xa8\x2b\x4c\x6a\x71\xe0\x6c\x9a\x14\xe3\xf3\x38\xee"
"\x78\x61\xbf\x9e\xfe\x88\xdd\xf8\xa0\xe2\xa4\xb9\x85\xaf\x27\x55\xa2\x64\x1a\xef\xbe\x9e\x34\x41\x50\xd5\xee\x6a\x7a\xe2\x23\xbd"
"\x94\x0d\x21\xba\x5e\x8d\x99\x5f\xe4\xc2\x50\x12\xa5\x15\xe5\x60\x9b\xfd\x23\x8f\x82\x75\xf5\xe8\x89\x7f\x85\x35\x9a\x9d\x54\x88"
"\xcf\xb8\x25\x2b\x33\x9c\xa1\x0f\x94\xa3\xeb\x95\xf9\x4e\x14\xd8\x2d\xce\xdb\xe1\x99\xe0\x0e\x5e\xaf\xb7\x01\xc9\x40\x21\x8c\x90"
"\x9d\x83\x20\x1a\x20\x9e\xb1\x21\x70\xfa\xac\x19\xe1\x05\x84\x9e\x19\x8e\xce\x0b\xed\x5c\x46\x5e\x12\x0f\x26\xd4\xae\xd7\xdb\x87"
"\x5c\xea\x23\xbb\x17\x92\xd6\xc4\xd8\xf5\x3a\x42\xdc\xe0\x6f\xaa\x00\xbc\x59\xdc\xcd\xdf\xb2\x85\xdf\x86\xcb\xc0\x12\xb6\x53\x98"
"\x95\x6f\xa6\x1d\x7c\x64\x23\x85\x54\x59\xab\xe2\x1d\xbc\xa9\x0a\xfc\x0f\xf2\xfb\x63\xc6\x67\x4d\xeb\xc7\x3a\xbc\xfe\x7e\x0e\x46"
"\x06\x05\xe1\xc1\xdf\x13\xd4\x46\x24\x3c\x61\x76\x8d\xf0\x87\x83\xc5\x79\x42\x69\x77\x11\xba\xee\x94\xd6\x68\x04\xcd\x50\x72\x7e"
"\xf6\xc2\x41\x4e\xa4\x8c\x89\x97\x8d\x1b\x7c\xa3\xec\xd6\x3a\x99\xb1\x75\xb2\xc7\x1b\x3b\xa5\x4c\xf0\x07\x05\xa2\x56\xb0\x7b\xbc"
"\x77\xc7\xd2\x46\x85\xca\x89\x06\x1c\x74\x7b\x0c\x82\xa7\xc7\x3b\xb6\xef\x07\x81\xfa\x27\x54\xcb\xd5\x6f\x91\x2b\x69\x6d\xa5\x19"
"\x4c\xfa\x69\x30\xc1\x18\x39\x68\x2f\x2e\xd7\x66\xa3\x83\x92\x36\x5b\xf6\x74\xf5\x72\xc2\x4b\x8e\x5e\x61\x42\x01\xcf\x3e\xa5\x09"
"\x73\x63\x5b\x72\x1d\x00\xf4\xbf\x01\x64\xb1\x46\xcf\xd5\xc3\xe3\xbc\x99\x3c\x3a\x27\xbb\x7f\x01\x08\x66\x0e\xff\x6f\x0e\x00\x00";
static const ArdAssetChunk Json0[] PROGMEM = {
  {Json0_0,sizeof(Json0_0)-1},
};
#endif
#endif
#elif ARDPORTAL_ENABLE_OTA && ARDPORTAL_ENABLE_MQTT && !ARDPORTAL_ENABLE_CONSOLE
#if ARDPORTAL_CONTROL_PROFILE_FULL
#if ARDPORTAL_ENABLE_MQTT_TLS
static const char Json0_0[] PROGMEM =
"\x1f\x8b\x08\x00\x00\x00\x00\x00\x02\xff\x7d\x58\xdd\x6e\xe3\xb6\x12\x7e\x15\x22\x40\x81\x14\x48\xd3\xc8\xff\xce\x5e\x2c\xbc\xce"
"\x06\x9b\x36\x9b\xf8\xc4\xde\xf6\xa6\xc0\x01\x23\x51\x16\x11\x89\x54\x49\x29\x86\x6b\x18\xe8\xd3\x9c\x57\x38\xf7\xe7\x51\xce\x93"
"\x9c\x99\x11\x47\x92\xd3\xf4\xdc\xec\x86\x33\x14\xc9\xf9\xe6\x9b\x3f\x1f\xce\x6a\xfd\xcf\xab\xab\xe8\xec\xfa\xec\x49\xc9\x44\x9b"
"\xad\xf0\x95\xac\x6a\xff\xdf\x3f\xff\x75\x76\xd1\x28\x07\xa0\xbc\x33\xa9\xe5\xf5\x18\xd6\x37\xea\x55\xc7\x8a\x25\x93\x56\x22\x8c"
"\x2c\x5a\xf1\x14\xc4\xf7\xaa\xaa\x94\xf3\x42\x9a\x44\x24\x7a\xab\x2b\x2f\x52\x67\x0b\x58\xef\x45\x2e\xcd\xb6\x96\x5b\x75\x21\x7c"
"\x29\x63\xe5\x2f\x44\xb6\x2f\x33\x65\x9a\xdd\xb5\x49\xe0\xc3\xd8\x3a\xe5\x3f\x88\xba\x14\x95\x15\xc3\x81\xf8\xb6\xb9\xfd\x61\x26"
"\x9e\xf7\x95\xf2\x97\x62\xb1\xa2\x9d\x5f\xff\xb1\xd9\x08\xa7\xca\x1c\x0e\x09\x47\x89\x9d\xae\x32\x3e\xee\x83\x88\x33\xb8\x0a\xa4"
"\x4e\xc5\xd6\x18\x15\x57\x97\xfc\xc6\x19\xbc\x71\x2d\x5f\xdb\x37\xcf\x61\x7d\x2b\xe3\xca\xba\x3d\xec\xf6\xaa\x0a\x8a\xe8\x0a\x14"
"\x4b\x69\x62\x95\xb3\x04\x41\xfb\x55\xff\x70\xab\x05\x6c\xab\x4b\x16\x23\x5c\xeb\x58\x1a\x61\x54\xb5\xb3\xee\xc5\xb3\x62\x08\x8a"
"\xc5\xab\xd4\xb9\x7c\xce\xd5\x5f\xb4\x23\x3c\x3f\xb3\xd6\x2b\x21\x59\xc9\x3a\x44\x7c\xbd\xbe\xbb\xe1\xf5\xa4\xbd\xb9\x94\xde\xc3"
"\xce\x84\x35\x08\xf9\xe7\xa2\xac\xf6\xe2\x45\xa9\xd2\x8b\x2a\x03\x44\xc0\xbc\xa4\xdd\x29\x52\xeb\x40\xac\x3d\x5f\xc2\x50\x44\x08"
"\xc5\xb2\x81\x87\x60\xed\xc1\x12\x21\x2c\xcb\x5c\x49\x27\xe8\xde\x20\x1e\x5c\xb1\xd8\x37\x72\xfa\x0e\x08\xe4\xc0\xcd\x8b\xd5\xa5"
"\x78\x84\xfb\x1d\xc2\x53\x01\xb3\x10\xfe\x42\x6a\xc3\x17\x0e\x10\x40\x70\x61\x1f\xbd\xc1\xa0\x91\x85\xb7\xf5\xe9\x34\x40\xfc\x1e"
"\xd4\x0e\xbd\xfe\xc6\xec\xc1\xe8\x1d\xb3\x79\x0f\xd1\x04\xcf\x01\xcb\xf3\xdc\xee\xbc\xe8\x51\xf5\x52\x3c\x31\x25\x84\x4c\x81\xa9"
"\x4c\x95\xf6\x91\xe3\x40\x10\x38\x85\x45\x08\x3f\x71\xee\xe4\xe5\x08\xfd\x27\x67\x5f\xe0\x0c\x99\x24\xc0\x1d\x76\xed\x00\x81\xdd"
"\x38\x69\x7c\x69\x1d\xf3\x69\x80\x88\x6e\x96\x7c\xe6\x10\x91\xdc\xdc\xaf\x79\x89\xd0\x2c\x17\x22\x56\xae\xd2\xa9\x8e\x65\xa5\xc4"
"\xf9\xea\xf3\xd7\xef\x59\x3f\xa0\x80\xfd\xbd\xd6\x70\x8f\xa8\x5c\xed\x2b\x70\xf1\x72\x71\x21\x0a\x59\xc5\x19\x86\x71\x66\x7d\x45"
"\x56\xa3\x4b\x1e\x36\x2b\x51\x69\x30\x97\xbf\x47\x2c\x57\xdd\x6b\x86\x08\xe0\x37\xaf\x5c\x0f\xef\xe1\x98\xcd\x7c\x83\xf6\x70\xf2"
"\x7f\xd0\xee\xe8\xf5\x4c\x58\xfc\x58\xc3\xa9\x97\xa2\xd9\xde\x88\x20\x0f\x78\x0c\x01\x4f\x81\xdb\x3e\x09\x51\x7a\xdc\x2c\x20\xd4"
"\x13\x30\x97\xa5\xf3\x2e\x2c\x52\xed\x8a\x9d\x74\xac\x1a\x21\x64\xdd\x6d\x56\xc2\xe5\x68\x6b\x9a\x4b\x9f\x41\x6e\xd9\xdb\xba\x82"
"\x8b\xd7\xab\xd9\x60\x32\xb9\x16\x97\xcf\xda\x08\xd8\x8d\xff\x5f\x6e\xff\x20\xcd\x70\x70\x2d\x64\x59\xe6\x08\xb0\xb6\x26\xec\x31"
"\xf9\x9e\x1f\x35\x42\x3f\xdc\xbe\xb9\x17\xb1\xff\x56\xe6\x56\x26\xa7\x6f\x1d\x21\xa8\x3f\x03\x22\xa2\xb4\x3b\x30\xd3\x1a\x64\x57"
"\x88\x86\x1d\x24\x22\x11\xdb\xa2\xcc\x55\xa5\x3e\xfc\x5d\x48\x8c\xd0\xdc\x5f\x64\x5e\xf3\x99\x63\x34\x72\xad\x0c\x63\x3f\x6e\x2e"
"\xef\xdd\x3a\xc6\x5b\xbf\xd8\xd6\x6d\xe3\x51\xc8\x3f\x06\xce\xef\xb2\xf8\x78\x4c\x8c\x81\x7b\x85\xcc\xf3\xf6\xfe\x8f\xac\x9e\x34"
"\x34\x3f\xfd\x66\xda\x65\x04\xa4\x14\x85\x78\x4f\x3d\x3b\x55\xa3\x37\x7b\xda\x37\x29\xe3\x63\x2f\xd2\x5e\xb5\xc4\xf4\x10\x76\x4e"
"\xd0\x02\xf1\x9f\x7f\x8b\x5f\xa5\xa6\x83\xd0\xa9\xc0\x58\x56\x8f\xda\x6c\x97\x42\xf2\x54\x10\xd0\xcb\x4c\xc5\x2f\x02\x33\xe2\x8f"
"\x6d\x94\xf3\x6e\xb4\xf3\x3c\xd3\x49\xa2\x0c\x47\xcb\xe4\xfd\xfa\x34\x21\xf3\x32\x0d\xa5\x65\x5f\xb6\xc2\x19\x0b\xdb\x74\x3b\x99"
"\x37\x76\xa6\x7a\x5b\x3b\x15\x08\x16\x74\x53\xf4\xcf\x2a\xdb\x7b\xa0\x50\x7e\xaa\x41\xea\x6c\x6c\x05\xe2\x4c\x49\xce\x12\x53\xf2"
"\x9f\x91\x5c\x06\x58\x8c\x10\xdc\x3a\xa5\x4e\xf6\x8e\x42\x44\x50\x49\x63\xe1\x98\x08\x80\xc1\xcc\x12\xb2\x0e\x33\x04\xb2\xbf\xaf"
"\x40\xfb\xde\xc7\x74\xda\x73\x9d\x62\x6e\x4d\xd1\xce\x1b\xed\xe3\x37\xf2\x19\xda\x78\xbf\x78\x10\x77\xfc\xf9\x2c\x64\xee\x4e\x80"
"\x66\x15\xb6\x36\xbd\xaf\xd0\x24\x63\x2b\xf1\x46\x3c\xea\x7c\x61\xd3\x34\xd7\xe6\x34\x07\x57\x02\x5b\x04\x03\x69\xfe\x6e\x15\x32"
"\x32\xd7\x82\x37\x99\x79\x36\x6e\xe3\xf0\x84\xb5\xb3\x49\x8f\x96\x10\xd4\x39\x24\x42\xa6\x4c\x42\x17\xb7\x27\x4c\x03\xc0\x08\x5a"
"\x22\x30\x5f\x04\xcd\x1c\xed\xf9\xb2\x81\xac\xa9\x9c\x03\xe4\x0e\x4d\x53\x74\x64\xf5\xa8\x4b\x01\x07\x64\xd4\x91\xb0\x77\x4d\xb0"
"\x53\x3e\x6c\x6e\xe2\xf0\x9a\x8f\xc3\x4d\xef\x1f\x87\x2f\x3e\x24\x72\xef\x8f\x02\xff\x15\x87\xcc\xd6\x0e\x16\x99\x38\x14\xda\xd4"
"\xd0\xeb\x1c\x05\xfc\x01\xdf\x21\x50\x09\xac\xb8\xb6\xcc\x67\x1c\x1c\xd7\xe2\xb0\x83\x52\x71\xc4\x40\xc2\x48\x84\x75\xf1\x7b\x55"
"\x1d\x0f\x55\xee\x8f\x87\x38\xb7\xf1\x0b\xe9\xee\x56\xa0\xd1\xe5\xf1\x20\xcb\xf6\x7e\x74\xfc\x7d\x68\xc6\x1a\x59\x44\x2d\xe1\x46"
"\xba\x2d\x24\x8c\x4a\x15\xa5\x72\xf0\x62\xd7\x6a\x11\x9f\x65\xed\x9c\x32\xef\xaa\xd1\xf7\x5f\x6d\xd2\xae\x47\xd4\x55\x19\xe0\x42"
"\x27\x43\xf0\x57\x5d\x99\x8c\xa8\x15\x5b\x80\xcf\x5e\xdb\xe4\x16\x51\x3b\xf6\x60\x43\x0d\x04\x6f\x06\x39\x75\x63\x77\x4f\xc2\xeb"
"\xad\x81\x00\x3b\xff\x69\xfd\xf8\xf0\x3d\xeb\x22\xaa\x6d\x90\x81\x59\x30\xa0\xca\xac\xb7\x59\x65\xba\xeb\xa8\x1d\x5b\xda\x1c\x90"
"\x66\x09\x65\xce\x52\x01\x15\xce\xbf\x6b\x4f\x23\xcf\xf9\x58\xe7\xf9\xc9\x03\x28\xe8\xa0\xfa\xc6\x7d\x21\xf1\xa9\x54\xed\x9a\xa2"
"\x0c\xf8\xc7\xe6\x50\x1b\xb5\xae\x6c\x88\xf0\x88\xfa\xa7\x95\xf5\x9a\x88\xda\x5d\x4a\x9d\xd1\x46\xe7\x55\x5f\x86\x56\xdc\x83\x17"
"\x79\x3d\xa4\x4c\x92\xf7\x24\xf8\xfe\x85\x2b\xa0\xf4\x73\x0e\x88\xa8\x7d\x41\x99\xdc\xc9\x3d\xcb\x26\x41\x66\x10\x12\x16\x4e\x9b"
"\xe0\x97\xae\x60\x49\xd3\xb6\xe8\xed\x16\x3b\x9a\xbc\xa7\x98\x77\xd4\xc8\xea\x42\x27\x1a\x4a\x7b\xf7\xd0\xa6\x95\xb1\x86\x9f\x40"
"\xbd\xcc\x4d\xed\x9a\x12\x7b\xee\xdb\x7d\x68\xd0\x2f\x36\xaf\xdb\xc7\x52\x57\x82\x25\x83\x01\xa4\xb6\x64\x25\xeb\x16\xc0\x61\x53"
"\xc5\x80\x6a\x06\xe7\x81\x67\xd9\x69\x26\x0d\x3c\x1d\x77\x86\x53\x3e\x0d\x12\xa8\x65\x3b\x87\x4d\xe6\x2b\x0a\x0c\xd8\x13\xde\x0c"
"\x1b\xe7\x60\x00\x17\x76\x07\x29\x25\xc8\xa9\xcf\xb8\x33\x10\xb2\x50\x37\xfb\x05\x3f\xa2\xee\xe0\x46\xc5\x4e\xc1\x3b\xde\x09\x83"
"\x51\x33\x39\xfd\xbd\x1e\xed\x7d\x4c\x53\x5e\xa2\xb5\x5f\x94\xe4\xa7\x8e\xc6\xf4\x54\x9b\xf3\x9a\xfc\x56\x57\x96\xd7\xe4\x32\xc7"
"\x6e\x1d\xcd\x42\x90\x61\x03\xc3\xb2\xf9\x3b\xd9\xb6\x49\x85\x71\x9b\x21\x43\xd2\x8b\xa8\xd7\x08\x0d\x4b\xc8\x5f\xac\x89\xfe\xa2"
"\xf9\xc8\xaa\x41\x93\x6d\x2b\x67\x73\x0f\x33\x5b\x5b\xd9\x20\xcb\x50\xb2\x3b\xf2\xc6\x61\x33\x40\x61\x49\x80\x06\x10\x86\xb5\xbd"
"\xf8\xed\xec\x90\x6a\x95\x27\xc7\xdf\xce\xda\x47\x8c\xc8\x8f\xcd\x28\x5a\x42\x3e\x6a\x13\x7b\x44\x2d\xcc\x9d\x79\x95\xb9\x4e\x48"
"\x05\x4f\x49\xb5\xa1\xe0\xf1\xed\xf7\xc4\x03\xe9\xab\x66\x7a\x13\x88\x7d\x1b\xa0\xd4\xd0\x7c\x85\x4f\x8a\xba\x80\x31\xf4\xa4\xdc"
"\x46\xd4\xce\xdc\x23\xad\xe1\x63\x94\x8b\xe7\x5e\x70\x35\xed\x4c\xc8\x78\xcc\xfa\xa0\x9b\x5c\x71\xe6\x62\xc0\x26\x11\x3d\x55\x9e"
"\xc8\x9a\xd2\xff\x62\xec\xce\xd0\x90\xdd\x2a\x86\x9d\x93\x42\x09\xe9\xd8\xd7\x74\x3f\x50\xc4\x85\x7c\x86\x02\x05\xb3\x61\x53\x11"
"\xa8\xa0\x63\xdb\xc7\x86\x53\xe3\xb3\x56\x31\xb5\x28\x27\xf3\x63\x44\xfd\x0f\xe6\xa5\xb7\x72\x84\xe3\x2e\xc9\xdb\x87\xcc\x02\x01"
"\x7b\xd7\xcf\x03\x07\x3b\x11\xb5\x3c\x40\xbb\x9e\x24\x6a\x98\xc7\xcb\x41\x93\xd9\xb3\x93\x93\xa6\x8d\x95\x30\xfc\xfb\xbe\x74\x44"
"\x09\xde\x15\x92\x59\x4e\x0d\xce\xe7\x98\x49\x4e\xdd\xcd\xe7\x1c\x98\xea\x74\xcc\x32\x2a\x1d\xca\xa5\xf8\x9d\x69\x59\x3a\xe5\xe7"
"\x8b\xb2\x2e\xd8\xab\xd4\xd4\x7c\x81\x44\x07\x64\xc1\x98\x0f\x62\xea\x69\x7a\xa3\x6c\x44\x2d\x0d\xd6\x4d\x5e\xa3\x11\xe2\x1c\x46"
"\x32\xce\x0f\x33\x6e\x53\x17\xa1\x82\xb2\x1c\x4d\x38\xbc\x62\xd3\x7e\x14\x9f\x58\x88\x56\x1c\xbc\xd7\xc9\x51\x9c\x1f\x1c\xfc\x01"
"\xa5\xfd\x53\xd1\x9e\x35\xe9\x51\x19\x93\x10\x7b\x71\xde\xf4\xfb\x61\x38\xa0\xc9\x1d\x02\x36\x34\x47\x90\xf1\xb0\xb5\xc0\xe6\x28"
"\x4c\xdb\x71\x0c\x05\x0d\xc6\x0d\x6d\xaa\xeb\xd0\x89\x5c\xe0\x1e\x03\x44\xb2\xe8\x70\x1a\xcd\x60\xce\x93\x39\xdf\x30\xa3\x5f\x38"
"\xa0\x8f\xf6\x7b\x18\x1a\x39\xa7\xcf\x66\x1d\x07\x01\xa6\x3a\x05\xea\x02\x93\xb8\x34\x52\xa7\x14\xd4\x89\xf2\xb1\xd3\x65\xaf\xee"
"\xcd\xfb\x53\x92\xf8\xf6\x74\xcf\xf2\x6e\x58\x69\x7e\xf4\xe9\xa9\x86\x3d\x00\xd2\xde\xa7\x38\xa2\x29\x1a\x16\x53\x78\x63\x0b\x0b"
"\x75\x8d\x10\x38\xa1\xdb\x6b\x3f\xe9\xb2\x03\xb5\x58\xbc\xe5\xcd\xa4\x80\x28\xc0\xd9\x17\x38\x80\xee\x7c\xaf\xa5\x0c\x00\xd2\xaf"
"\x16\xca\xbd\x82\x66\xf9\xf8\xb4\x6e\xa7\xa3\xcb\xb3\xe3\xff\x00\xcc\x5f\xe0\xc4\x21\x13\x00\x00";
static const ArdAssetChunk Json0[] PROGMEM = {
  {Json0_0,sizeof(Json0_0)-1},
};
#else
static const char Json0_0[] PROGMEM =
"\x1f\x8b\x08\x00\x00\x00\x00\x00\x02\xff\x7d\x58\x5d\x6e\xe4\x36\x12\xbe\x0a\x61\x60\x01\x07\x70\x1c\xab\xff\xdb\xf3\x30\xf0\xd8"
"\x63\x8c\x77\x3d\x76\xaf\xbb\x27\x79\x09\x10\xd0\x12\xd5\x4d\x58\x22\x15\x52\x72\xa3\xb7\xd1\x40\x4e\x93\x2b\xe4\x3d\x47\xd9\x93"
"\x6c\x55\x89\x45\xa9\x1d\x67\x5f\x66\xcc\x2a\x8a\xac\x9f\xaf\xaa\x3e\xf6\xfe\xa4\xd1\xbf\x5c\x5c\x24\x27\x97\x27\x4f\x4a\x66\xda"
"\xac\x85\xaf\x65\xdd\xf8\xff\xfe\xf6\xfb\xc9\x59\xab\x1c\x80\xf2\xce\xe4\x96\xd7\x63\x58\xdf\xa8\x57\x9d\x2a\x96\x4c\xa2\x44\x18"
"\x59\x46\xf1\x14\xc4\xf7\xaa\xae\x95\xf3\x42\x9a\x4c\x64\x7a\xad\x6b\x2f\x72\x67\x4b\x58\xef\x44\x21\xcd\xba\x91\x6b\x75\x26\x7c"
"\x25\x53\xe5\xcf\xc4\x66\x57\x6d\x94\x69\x77\x37\x26\x83\x0f\x53\xeb\x94\xff\x20\x9a\x4a\xd4\x56\x0c\x07\xe2\xdb\xea\xf6\xfb\x99"
"\x78\xde\xd5\xca\x9f\x8b\xab\x05\xed\xfc\xfa\xef\xd5\x4a\x38\x55\x15\x70\x48\x38\x4a\x6c\x75\xbd\xe1\xe3\x3e\x88\x74\x03\x57\x81"
"\xd4\xa9\xd4\x1a\xa3\xd2\xfa\x9c\x6d\x9c\x81\x8d\x4b\xf9\x1a\x6d\x9e\xc3\xfa\x56\xa6\xb5\x75\x3b\xd8\xed\x55\x1d\x14\xc9\x05\x28"
"\xae\xa5\x49\x55\xc1\x12\x0c\xda\x4f\xfa\xfb\x5b\x2d\x60\x5b\x53\xb1\x18\xc3\xb5\x4c\xa5\x11\x46\xd5\x5b\xeb\x5e\x3c\x2b\x86\xa0"
"\xb8\x7a\x95\xba\x90\xcf\x85\xfa\x8b\x76\x84\xe7\x6f\xac\xf5\x4a\x48\x56\xb2\x0e\x23\xbe\x5c\xde\xdd\xf0\x7a\x12\x6f\xae\xa4\xf7"
"\xb0\x33\x63\x0d\x86\xfc\x73\x59\xd5\x3b\xf1\xa2\x54\xe5\x45\xbd\x81\x88\x80\x7b\x59\xdc\x29\x72\xeb\x40\xac\x3d\x5f\xc2\xa1\x48"
"\x30\x14\xd7\x6d\x78\x28\xac\xbd\xb0\x24\x18\x96\xeb\x42\x49\x27\xe8\xde\x20\x1e\x5c\xb0\xd8\xb7\x72\xfa\x0e\x00\xe4\x20\xcd\x57"
"\x8b\x73\xf1\x08\xf7\x3b\x0c\x4f\x0d\xc8\xc2\xf0\x97\x52\x1b\xbe\x70\x80\x01\x84\x14\xf6\xa3\x37\x18\xb4\xb2\x60\x5b\x1f\x4e\x03"
"\x8c\xdf\x83\xda\x62\xd6\xdf\xb8\x3d\x18\xbd\xe3\x36\xef\x21\x98\xe0\x39\xe0\x79\x51\xd8\xad\x17\x3d\xa8\x9e\x8b\x27\x86\x84\x90"
"\x39\x20\x95\xa1\x12\x8d\x1c\x07\x80\xc0\x29\x2c\xc2\xf0\x13\xe6\x8e\x2c\xc7\xd0\x7f\x72\xf6\x05\xce\x90\x59\x06\xd8\xe1\xd4\x0e"
"\xd1\xf0\x85\x75\x0c\xa5\x21\x5a\xfb\xcd\x2b\xd7\x73\x6e\x38\xe6\x33\xdf\xb8\x36\x9c\xfc\x1f\xd7\xba\x5c\x3e\xd3\xc5\x3f\x34\x70"
"\xea\xb9\x68\xb7\xb7\x22\x28\x3a\x8f\x78\xf3\x54\x25\xec\xd5\x10\x73\xfd\xb8\xba\x82\xba\xca\x64\x1d\x8d\x98\x77\x18\xcc\xb5\x2b"
"\xb7\xd2\xb1\x6a\x84\x99\xee\x6e\xb3\x12\x2e\xc7\x5c\xe7\x85\xf4\x1b\x28\xe4\x9d\x6d\x6a\xb8\x78\xb9\x98\x0d\x26\x93\x4b\x71\xfe"
"\xac\x8d\x80\xdd\xf8\xff\xf9\xfa\x3f\xa4\x19\x0e\x2e\x85\xac\xaa\x42\xa7\xb2\xd6\xd6\x84\x3d\xa6\xd8\xb1\x51\x23\xc4\xc3\xed\x9b"
"\x7b\x11\x0f\xdf\xaa\xc2\xca\xec\xd8\xd6\x11\x06\xf5\x5f\x10\x11\x51\xd9\x2d\xb8\x69\x0d\xa6\x32\x40\x6f\x0b\x55\x2f\x52\x5b\x56"
"\x85\xaa\xd5\x87\xbf\xc3\xdf\x08\xdd\xfd\x51\x16\x0d\x9f\x39\x46\x27\x97\xca\x70\xec\xc7\xed\xe5\xbd\x5b\xc7\x78\xeb\x17\x1b\xd3"
"\x36\x1e\x85\x62\x37\x70\x7e\xd7\x32\xc7\x63\xea\xa7\x70\xaf\x90\x45\x11\xef\xff\xc8\xea\x49\x8b\xa9\xe3\x6f\xa6\x5d\xf9\x61\x1b"
"\xa6\x7a\xea\xa9\x67\xc7\x6a\xcc\x66\x4f\xfb\xa6\x3e\x3f\xf6\x60\xfd\xaa\x25\xd6\x62\xd8\x39\x41\x0f\xc4\x9f\x7f\x88\x9f\xa4\xa6"
"\x83\x30\xa9\x0f\x2b\xc6\xf6\x64\x14\x5b\x4b\x0e\x9d\x4a\x41\xf5\x5c\x6f\x54\xfa\x22\xb0\xfd\xfc\x10\x4b\x8a\x77\xa3\x9f\xa7\x1b"
"\x9d\x65\xca\x7c\xc7\xb2\xf7\x87\xc1\x84\xdc\xdb\x68\xe8\xe3\xbb\x2a\x0a\x67\x2c\x8c\xbd\x6d\x32\x6f\xfd\xcc\xf5\xba\x71\x2a\x00"
"\x2c\xe8\xa6\x98\x9f\xc5\x66\xe7\x01\x42\xc5\xb1\x06\xa1\xb3\xb2\x35\x88\x37\x4a\x72\x49\x4e\x29\x7f\x46\x72\xcf\x65\x31\x86\xe0"
"\xd6\x29\x75\xb4\x77\x14\x2a\x82\xe6\x07\x0b\xc7\x04\x80\x5a\x47\x37\xa6\xe4\x1d\x00\x82\xd0\xdf\x57\xa0\x7f\xef\xc7\x74\xda\x4b"
"\x9d\x62\x6c\x4d\xd1\xcf\x1b\xed\xd3\x37\xf2\x19\xfa\x78\x7f\xf5\x20\xee\xf8\xf3\x59\x68\x93\x9d\x00\xdd\x2a\x6d\x63\x7a\x5f\xa1"
"\x4b\xc6\xd6\xe2\x8d\x78\xd4\xe5\xc2\xe6\x79\xa1\xcd\x71\xc3\xab\x05\xce\x63\x03\x3d\xf5\x6e\x11\xda\x1f\x37\xde\x37\x6d\x70\x36"
"\x8e\x75\x78\x84\xda\xd9\xa4\x07\x4b\x28\xea\xc2\xfa\x9a\x21\x93\xd1\xc5\xf1\x84\x69\x08\x30\x06\x2d\x13\xd8\x2f\x82\x66\x8e\xfe"
"\x7c\x59\xad\x16\x42\x39\x07\x91\xdb\xb7\x0c\xe4\xc0\xea\x51\xd7\x02\xf6\x88\xa8\x03\xc5\xde\xb5\xc5\x4e\xfd\xb0\xbd\x89\xcb\x6b"
"\x3e\x0e\x37\xbd\x7f\x1c\x5a\xbc\xcf\xe4\xce\x1f\x04\xfe\x2b\xf6\x1b\xdb\x38\x58\x6c\xc4\xbe\xd4\xa6\x01\x62\x71\x10\xf0\x07\x7c"
"\x87\x81\xca\x60\xc5\x8d\x7c\x3e\xe3\xe2\xb8\x14\xfb\xad\xce\xf5\x01\x0b\x09\x2b\x11\xd6\xe5\xaf\x75\x7d\xd8\xd7\x85\x3f\xec\xd3"
"\xc2\xa6\x2f\xa4\xbb\x5b\x80\x46\x57\x87\xbd\xac\xe2\xfd\x98\xf8\xfb\xc0\x7c\x5a\x59\x42\xfc\x6b\x25\xdd\x1a\x1a\x46\xad\xca\x4a"
"\x39\xb0\xd8\x45\x2d\xc6\xe7\xba\x71\x4e\x99\x77\xd5\x98\xfb\xaf\x36\x8b\xeb\x11\x51\x18\x03\x58\xe8\x64\x18\xfc\x45\x37\x93\x12"
"\xe2\x3d\x57\x90\xb3\xd7\xd8\xdc\x12\xe2\x3e\x0f\xb6\x06\xc7\xda\x16\x1d\xe4\x44\x7d\xee\x9e\x84\xd7\x6b\x03\x05\x76\xfa\xcf\xe5"
"\xe3\xc3\x77\xac\x4b\x68\xb6\x41\x07\x66\xc1\x80\xc6\xa0\x5e\x6f\x6a\xd3\x5d\x47\xdc\xe7\xda\x16\x10\x69\x96\x50\xe7\xac\x14\x40"
"\xe1\xf4\x1f\xf1\x34\xca\x9c\x4f\x75\x51\x1c\x19\x40\x45\xa7\x5d\x8b\x31\x16\x12\x9e\x2a\x15\xd7\x54\x65\x80\x3f\x76\x87\x38\xcb"
"\xb2\xb6\xa1\xc2\x13\x22\x2b\x0b\xeb\x35\x01\xb5\xbb\x94\x68\xc8\x4a\x17\x75\x5f\x86\x5e\xdc\x43\x16\x79\x3d\xa4\x4e\x52\xf4\x24"
"\x68\xff\x95\x2b\xc5\x26\x4e\x83\x84\xb8\x02\xca\xe4\x56\xee\x58\x36\x09\x32\x83\x21\x61\xe1\xb4\x2d\x7e\xe9\x4a\x96\xa0\xf5\x2b"
"\x08\xdb\x1a\xe9\x43\xd1\x53\xcc\x3b\x68\x6c\x9a\x52\x67\x1a\x46\x7b\x67\xe8\xf0\x82\x1a\x9f\x61\x13\x86\xe8\xcc\x4d\xe3\xda\x11"
"\x7b\xea\xe3\x3e\x74\xe8\x47\x5b\x34\xd1\x58\x62\x25\x38\x32\x38\x80\x44\x4b\x16\xb2\x89\x01\x1c\xb6\x53\x0c\xa0\x66\x90\x7c\x3f"
"\xcb\x4e\x33\x69\xc3\xd3\x61\x67\x38\xe5\xd3\xa0\x81\x5a\xf6\x73\xd8\x76\xbe\xb2\xc4\x82\x3d\xc2\xcd\xb0\x4d\x0e\x16\x70\x69\xb7"
"\xd0\x52\x82\x9c\x78\xc6\x9d\x81\x92\x85\xb9\xd9\x1f\xf8\x09\xb1\x83\x1b\x95\x3a\x05\x76\xbc\x53\x06\xa3\xf6\x99\xf2\xf7\x7a\xf4"
"\xf7\x31\xcf\x79\x89\xde\x7e\x51\x92\x4d\x1d\x8d\xc9\x54\x5b\xf0\x9a\xf2\xd6\xd4\x96\xd7\x94\x32\xc7\x69\x1d\xcd\x42\x91\x21\x81"
"\x61\xd9\xfc\x9d\x6e\xdb\xb6\xc2\x34\x76\xc8\xd0\xf4\x12\xe2\x1a\x81\xb0\x84\xfe\xc5\x9a\xe4\x2f\x9a\x8f\xac\x1a\xb4\xdd\xb6\x76"
"\xb6\xf0\xf0\x40\x8a\x93\x0d\xba\x0c\x35\xbb\x03\x6f\x1c\xb6\xaf\x15\x1c\x09\x40\x00\xe1\x65\xb4\x13\x3f\x9f\xec\x73\xad\x8a\xec"
"\xf0\xf3\x49\x34\x62\x44\x79\x6c\xdf\x7d\x15\xf4\xa3\xd8\xd8\x13\xa2\x30\x77\xe6\x55\x16\x3a\x23\x15\x98\x92\x6b\x43\xc5\xe3\xe3"
"\xf7\x84\x03\xe9\xeb\xf6\xa9\x24\x30\xf6\xb1\x40\x89\xd0\x7c\x85\x4f\xca\xa6\x84\x37\xdf\xd1\xb8\x4d\x88\xce\xdc\x23\xac\xe1\x63"
"\x94\x8b\xe7\x5e\x71\xb5\x74\x26\x74\x3c\x46\x7d\xd0\x4d\x2e\xb8\x73\x71\xc0\x26\x09\x99\x2a\x8f\x64\xed\xe8\x7f\x31\x76\x6b\xe8"
"\x45\x1b\x15\xc3\x2e\x49\x61\x84\x74\xe8\x6b\xd9\x0f\x0c\x71\x21\x9f\x61\x40\xc1\x43\xac\x9d\x08\x34\xd0\x91\xf6\xb1\xe3\x44\x7c"
"\x96\x2a\x25\x8a\x72\xf4\x58\x4b\x88\xff\x60\x5f\x7a\x2b\xc7\x70\xdc\x65\x45\x34\x64\x16\x00\xd8\xbb\x7e\x1e\x30\xd8\x89\x88\xf2"
"\x00\xec\x7a\x92\xa4\x45\x1e\x2f\x07\x6d\x67\xdf\x1c\x9d\x34\x6d\xbd\x84\x97\xb6\xef\x4b\x47\xd4\xe0\x5d\x29\x19\xe5\x44\x70\x3e"
"\xa7\x0c\x72\x62\x37\x9f\x0b\x40\xaa\xd3\x29\xcb\x68\x74\x28\x97\xe3\x77\x26\xa2\x74\xca\xe6\x8b\xaa\x29\x39\xab\x44\x6a\xbe\x40"
"\xa3\x03\xb0\x60\xcd\x07\x31\x71\x9a\xde\xbb\x31\x21\x4a\x83\x73\x93\xd7\xe8\x84\x38\x5d\xdd\x2f\xb9\x3f\xcc\x98\xa6\x5e\x85\x09"
"\xca\x72\x74\x61\xff\x8a\xa4\xfd\x20\x3e\xb1\x10\xbd\xd8\x7b\xaf\xb3\x83\x38\xdd\x3b\xf8\x03\x46\xfb\xa7\x32\x9e\x35\xe9\x41\x19"
"\x9b\x10\x67\x71\xde\xf2\xfd\xf0\x38\xa0\x67\x32\x14\x6c\x20\x47\xd0\xf1\x90\x5a\x20\x39\x0a\x4f\xdb\x34\x85\x81\x06\xcf\x0d\x6d"
"\xea\xcb\xc0\x44\xce\x70\x8f\x01\x20\x59\x4c\x38\x3d\xcd\xe0\x9d\x27\x0b\xbe\x61\x46\x3f\x27\x00\x8f\xf6\x3b\x0f\x2d\x89\xa5\xb3"
"\x0e\x83\x10\xa6\x26\x07\xe8\x02\x92\x78\x34\x12\x53\x0a\xea\x4c\xf9\xd4\xe9\xaa\x37\xf7\xe6\xfd\x57\x92\xf8\xf6\x74\xcf\xf2\xee"
"\xb1\xd2\xfe\xc2\xd2\x53\x0d\x7b\x01\xc8\x7b\x9f\xe2\x13\x4d\xd1\x63\x31\x07\x1b\x63\x58\x88\x35\x42\xe1\x04\xb6\x17\x3f\xe9\xba"
"\x03\x51\x2c\xde\xf2\xe6\xa5\x80\x51\x80\xb3\xcf\xf0\x01\xba\xf5\x3d\x4a\x19\x02\x48\x3f\x11\x28\xf7\x0a\x9a\xeb\xc7\xa7\x65\x7c"
"\x1d\x9d\x9f\x1c\xfe\x07\x46\x1c\x00\x31\x8e\x12\x00\x00";
static const ArdAssetChunk Json0[] PROGMEM = {
  {Json0_0,sizeof(Json0_0)-1},
};
#endif
#else
#if ARDPORTAL_ENABLE_MQTT_TLS
static const char Json0_0[] PROGMEM =
"\x1f\x8b\x08\x00\x00\x00\x00\x00\x02\xff\x7d\x57\xcd\x6e\x1b\x37\x10\x7e\x95\x81\x4f\x0e\xe0\x28\xd6\xbf\xec\x1c\x02\x45\x8e\x11"
"\xa3\x4e\xac\x5a\x72\x73\x09\x50\xd0\xbb\x5c\x2f\xe1\x15\xb9\x25\xb9\x16\x54\x41\x40\x9f\xa6\xaf\xd0\x7b\x1f\xa5\x4f\xd2\x19\x2e"
"\x67\xb5\x52\xdc\x5e\x6c\xef\x0c\xc9\x99\xf9\xf8\xcd\xc7\xf1\xf6\xa4\x52\xbf\x9e\x9f\x77\x4f\x2e\x4f\xee\xa5\x48\x95\x7e\x02\xe7"
"\x85\xaf\xdc\x3f\x7f\xfc\x79\x72\x56\x3b\x7b\xe8\xbc\xd1\x99\xe1\xef\x21\x7e\x5f\xc9\x17\x95\x48\xb6\x8c\x1a\x0b\x68\xb1\x6a\xcc"
"\x63\x34\xdf\x4a\xef\xa5\x75\x20\x74\x0a\xa9\x7a\x52\xde\x41\x66\xcd\x0a\xbf\x37\x50\x08\xfd\x54\x89\x27\x79\x06\xae\x14\x89\x74"
"\x67\x90\x6f\xca\x5c\xea\x7a\x75\xa5\x53\xdc\x98\x18\x2b\xdd\x7b\xa8\x4a\xf0\x06\xfa\x3d\x78\x58\x5e\xbf\x9d\xc0\xe3\xc6\x4b\xd7"
"\x81\xe9\x3c\xac\xfc\xf2\xf3\x72\x09\x56\x96\x05\x1e\x12\x8f\x82\xb5\xf2\x39\x1f\xf7\x1e\x92\x1c\x43\xa1\xd5\xca\xc4\x68\x2d\x13"
"\xdf\xe1\x1c\x27\x98\xe3\x42\xbc\x34\x39\x5f\xe0\xf7\xb5\x48\xbc\xb1\x1b\x5c\xed\xa4\x8f\x8e\xee\x39\x3a\x66\x42\x27\xb2\x60\x0b"
"\x81\xf6\x4d\xbd\xbd\x56\x80\xcb\xaa\x92\xcd\x04\xd7\x22\x11\x1a\xb4\xf4\x6b\x63\x9f\x1d\x3b\xfa\xe8\x98\xbe\x08\x55\x88\xc7\x42"
"\xfe\xe0\x1d\xd0\xf9\xb9\x31\x4e\x82\x60\x27\xfb\x08\xf1\xc5\xe2\xe6\x8a\xbf\x47\x4d\xe4\x52\x38\x87\x2b\x53\xf6\x10\xe4\x9f\x56"
"\xa5\xdf\xc0\xb3\x94\xa5\x03\x9f\x23\x22\x58\x5e\xda\xac\x84\xcc\x58\x34\x2b\xc7\x41\x18\x8a\x2e\x41\x31\xab\xe1\x09\xb0\xb6\x60"
"\xe9\x12\x2c\xb3\x42\x0a\x0b\x21\x6e\x34\xf7\xce\xd9\xec\x6a\x7b\xd8\x87\x04\xb2\x78\xcd\xd3\x79\x07\xee\x30\xbe\x25\x78\x3c\x32"
"\x8b\xe0\x5f\x09\xa5\x39\x60\x8f\x00\xc4\x2b\x6c\xa3\xd7\xeb\xd5\xb6\x98\x5b\x9b\x4e\x3d\xc2\xef\xab\x5c\xd3\xad\x1f\x95\xdd\x1b"
"\xbc\x52\x36\xaf\x09\x34\xa1\x73\xb0\xf2\xa2\x30\x6b\x07\x2d\xaa\x76\xe0\x9e\x29\x01\x22\x43\xa6\x32\x55\x9a\x24\x87\x91\x20\x78"
"\x0a\x9b\x08\xfe\xc0\xb9\x83\xcc\x09\xfa\x8f\xd6\x3c\xe3\x19\x22\x4d\x91\x3b\x7c\xb5\x3d\x02\x76\x69\x85\x76\xa5\xb1\xcc\xa7\x1e"
"\x21\xba\x9c\xf1\x99\x7d\x42\x72\x79\xbb\xe0\x4f\x82\x66\x36\x85\x44\x5a\xaf\x32\x95\x08\x2f\xe1\x74\xfe\xe9\xcb\x1b\xf6\xf7\x42"
"\xc3\xfe\x56\x29\x8c\x03\xde\x56\xce\xe3\x15\xcf\xa6\x67\xb0\x12\x3e\xc9\xa9\x8d\x73\xe3\x7c\xa8\x9a\xae\xe4\xeb\x72\x0e\x5e\x61"
"\xb9\xbc\x9f\xb0\x9c\xef\xb3\xe9\x13\x80\x0f\x4e\xda\x16\xde\xfd\x21\x97\x79\x84\x76\x7f\xf4\x3f\x68\xef\xe9\xf5\x18\xb0\x78\x57"
"\xe1\xa9\x1d\xa8\x97\xd7\x26\xd4\x01\x47\x2d\xe0\x42\xe3\x36\x29\x11\x4a\x77\xcb\x29\xb6\x7a\x8a\xe5\xb2\xf5\x62\xdf\x16\x99\xb2"
"\xab\xb5\xb0\xec\x1a\x10\x64\xfb\x68\x46\x60\x70\xaa\x35\x2b\x84\xcb\x51\x5b\x36\xa6\xf2\x18\x78\x31\x9f\xf4\x46\xa3\x4b\xe8\x3c"
"\x2a\x0d\xb8\x9a\x7e\x77\x9e\x7e\x0f\x9e\x7e\xef\x12\x44\x59\x16\x04\xb0\x32\x3a\xae\xd1\xc5\x86\x93\x1a\xd0\x3d\x5c\x1f\xc5\x25"
"\xec\x1f\xca\xc2\x88\xf4\x30\xd7\x01\x81\xfa\x13\x22\x02\xa5\x59\x63\x99\x46\x13\xbb\x62\x37\xac\x51\x88\x20\x31\xab\xb2\x90\x5e"
"\xbe\xff\xaf\x96\x18\x50\xb9\xbf\x88\xa2\xe2\x33\x87\x75\xb0\x56\x94\x21\x45\xf9\x6c\x9a\x6b\x1a\x0e\xa2\xde\x68\x3c\x6f\xaf\xda"
"\xc3\x61\x60\x08\xc6\x01\x51\x14\x4d\xbc\x0f\xec\x1e\xd5\xb4\x3e\xdc\x33\xde\x2b\x00\x51\x28\xb4\x74\xcb\x3d\x39\x74\xd3\xed\xb5"
"\xbc\x47\x12\xf1\xa1\xd5\x59\x2f\x4a\x90\x1c\xc4\x95\x23\xaa\x00\xfe\xfe\x0b\xbe\x09\x15\x0e\xa2\x4b\x44\x86\xb2\x7b\xd0\xa8\x5b"
"\x86\x62\x29\xb1\x81\x67\xb9\x4c\x9e\x81\x14\xf0\x5d\xd3\xd5\xbc\x9a\xea\x3c\xcd\x55\x9a\x4a\xcd\xdd\x31\x7a\xfd\x3d\x1a\x85\xf2"
"\x72\x85\x4f\xc9\xa6\x6c\x8c\x13\x36\x36\xf2\x3a\xba\xa8\xeb\xcc\xd4\x53\x65\x65\x24\x54\xf4\x8d\x89\x74\xf3\x7c\xe3\x90\x32\xc5"
"\xa1\x87\xa8\xb2\x34\x1e\xcd\xb9\x14\xac\x0a\xe3\x70\x7f\x5a\xb0\xec\xb3\x99\x20\xb8\xb6\x52\x1e\xac\x1d\xc4\x0e\x08\x4f\x18\x1b"
"\x87\x81\x00\xd4\xbc\x6c\x09\xd5\x91\x22\x10\xdb\xdb\x0e\xaa\xef\x75\x4c\xc7\xad\xab\x93\xdc\xc7\x63\xaa\xf3\x4a\xb9\xe4\xc8\x3e"
"\xa1\x1a\x6f\xa7\x5f\xe1\x86\xb7\x4f\xa2\x52\xef\x0d\x54\xd6\xca\x54\xba\xb5\x8b\x4a\xd2\xc6\xc3\x91\x79\xb0\xbf\x0b\x93\x65\x85"
"\xd2\x87\x9a\xeb\x81\x46\x02\x8d\xb2\x7e\x33\x8f\x0a\xcc\xda\x7f\xa4\xc4\x93\x61\xd3\x77\x07\xac\x9d\x8c\x5a\xb4\xc4\x26\x2e\x50"
"\xf8\x98\x32\x69\x08\xdc\x9c\x30\x8e\x00\x13\x68\x29\x90\x3e\x44\xcf\x05\xd5\xf3\x79\x89\x2a\x29\xad\x45\xe4\xb6\xf5\x10\xb4\x63"
"\xf7\x60\xdf\xf2\x5b\x62\xd4\x2e\x60\x6f\xeb\xe6\x0e\xfa\x57\x47\xe2\xf6\xba\x18\xc6\x48\xaf\x1f\x47\x19\x6f\x53\xb1\x71\x3b\xa0"
"\x9f\xb0\xcd\x4d\x65\xf1\x23\x87\xed\x4a\xe9\x0a\x67\x9b\x1d\xe0\x1f\xb8\x8f\x80\x4a\xf1\x8b\xdf\x92\x8b\x09\x37\xc7\x25\x6c\xd7"
"\xf8\x34\xec\xa8\x91\xa8\x13\xf1\x7b\xf5\x9b\xf7\xbb\xad\x2f\xdc\x6e\x9b\x14\x26\x79\x0e\xbe\x9b\x39\x7a\x54\xb9\xdb\x8a\xb2\x89"
"\x4f\x17\x7f\x1b\x87\xaf\xda\xd6\x0d\xca\x73\x7c\x4f\x35\x88\x49\x83\x6d\x84\xab\x3b\x3c\xaf\xc5\x25\x54\x9f\xb6\x46\xc1\xee\xb0"
"\xfb\x83\xe7\x03\xbb\x7a\xf5\x3d\x79\x6b\x0a\x87\xd3\x5d\xd3\x13\x98\x5f\x80\x69\xc7\x0b\xfb\xf5\xa8\x45\x64\xc2\xa7\x02\xc7\xba"
"\x0d\x7c\x3f\xd9\x66\x4a\x16\xe9\xee\xfb\x49\x93\x04\x5d\xca\x6d\xcd\x06\x7c\x7e\x9e\x64\x43\x89\x6e\x10\xbf\x1b\xfd\x22\x0a\x95"
"\x06\x17\xa6\x92\x29\xad\xa8\x06\xd7\xec\x1f\x05\x14\x9c\xaf\xe7\x3c\xfc\x29\x9c\xd1\xec\x24\xaa\x7c\xc1\x2d\xab\x6a\x85\x03\xeb"
"\x41\xa3\x76\x83\x10\xde\x0a\x8b\xe4\xf4\xc1\x0e\x8f\x04\x77\xf4\x06\x79\x8b\x48\x46\x86\x60\x86\xec\x1c\xc4\x1e\x05\xf1\x88\xfc"
"\xc3\x51\xaf\xbe\xf0\xd0\xaf\xa4\xea\x9c\x5d\xd0\xb5\x85\x4c\x82\x02\x1d\x8c\x83\xdd\x20\x6f\x77\xa5\xd4\x47\xf6\xd0\xb7\xad\xf1"
"\xac\x1b\xda\x96\xb8\xc1\xdf\x74\x03\x70\x8a\x63\xc6\x1b\xb6\xb0\x14\x4f\x23\x4b\xd8\x4e\x69\x6e\x5f\xe8\x21\xda\xc1\x47\x36\x52"
"\x4a\x5b\xe7\x54\xba\x83\xd3\xad\xc5\x3f\x90\xbe\x1f\x57\x7c\xd6\xc5\x79\xc8\x38\xbe\x6b\x61\xe8\x44\x06\xc5\x3e\xc7\xe1\x9d\xba"
"\x84\xfa\x3c\x0e\x8a\x09\x4e\xe9\x0e\x5f\x4a\xa5\xfd\x65\x6c\xaa\x33\x5a\xa3\x11\x34\x43\xc5\x85\xa9\x02\x47\x14\x51\x30\x26\x93"
"\x30\x9c\xe3\x93\xe0\x36\x38\xef\xac\xd8\x3a\xd9\xe3\xbd\x12\xba\xca\x70\x7a\x47\xd4\x2c\xbb\xc7\x7b\x77\x2a\x5d\x62\x55\x49\x34"
"\xe0\xa4\xdb\x0f\x3c\x3c\xdc\xdf\xb2\x7d\xff\xee\xd6\xff\xaf\xb4\x5c\xfd\x16\xb9\xb2\xd6\x56\x9a\x2e\x64\x98\x73\x32\xcc\x91\x93"
"\x0e\xda\x71\x65\xd6\x3a\x0a\x57\xb3\x65\x4f\xd7\xa0\x16\xbc\xe4\xe8\xd1\x23\x14\xf0\xec\x33\x9a\x9d\xd6\xae\xa5\x8e\x11\xc0\x30"
"\x70\x4b\xfb\x82\x9e\xd9\xdd\xfd\xa2\x79\xe8\x3b\x27\xbb\x7f\x01\x71\x3f\x3a\x6f\xdc\x0d\x00\x00";
static const ArdAssetChunk Json0[] PROGMEM = {
  {Json0_0,sizeof(Json0_0)-1},
};
#else
static const char Json0_0[] PROGMEM =
"\x1f\x8b\x08\x00\x00\x00\x00\x00\x02\xff\x7d\x57\xcd\x6e\xe3\x36\x10\x7e\x15\xc2\xa7\x5d\x20\xeb\x8d\xff\xed\xec\x61\x91\x4d\x1a"
"\x34\xa8\x77\xe3\xc6\x4e\xf7\xb2\x40\xc1\x48\x94\x45\x44\x22\x55\x92\xb2\xe1\x0a\x02\xfa\x34\x7d\x85\xde\xfb\x28\x7d\x92\xce\x50"
"\x1c\x59\xf6\xa6\xbd\x24\xd1\xcc\x90\x33\xf3\xcd\x37\xc3\x49\xd5\x2b\xe5\xaf\x97\x97\x83\xde\x55\xef\x51\xf0\x58\xaa\x2d\xb3\x8e"
"\xbb\xd2\xfe\xf3\xc7\x9f\xbd\x8b\x46\x39\x04\xe5\xbd\x4a\x34\x7d\x4f\xe0\xfb\x56\xec\x64\x24\x48\x32\x6d\x25\x4c\xf1\xbc\x15\xcf"
"\x40\xbc\x14\xce\x09\x63\x19\x57\x31\x8b\xe5\x56\x3a\xcb\x12\xa3\x73\xf8\x3e\xb0\x8c\xab\x6d\xc9\xb7\xe2\x82\xd9\x82\x47\xc2\x5e"
"\xb0\xf4\x50\xa4\x42\x35\xd6\xa5\x8a\xe1\x60\xa4\x8d\xb0\x1f\x58\x59\x30\xa7\xd9\x68\xc8\x9e\x36\x77\xef\xe6\xec\xf9\xe0\x84\xed"
"\xb3\xeb\x95\xb7\xfc\xfc\xf3\x66\xc3\x8c\x28\x32\xb8\x24\x5c\xc5\xf6\xd2\xa5\x74\xdd\x07\x16\xa5\xe0\x0a\xa4\x46\x44\x5a\x29\x11"
"\xb9\x3e\xc5\x38\x87\x18\xd7\x7c\xd7\xc6\xbc\x80\xef\x3b\x1e\x39\x6d\x0e\x60\x6d\x85\x0b\x8a\xc1\x25\x28\x6e\xb8\x8a\x44\x46\x12"
"\x04\xed\xab\x7c\x77\x27\x19\x98\x95\x05\x89\x11\xae\x75\xc4\x15\x53\xc2\xed\xb5\x79\xb1\xa4\x18\x81\xe2\x7a\xc7\x65\xc6\x9f\x33"
"\xf1\x9d\x76\x8c\xf7\xa7\x5a\x5b\xc1\x38\x29\x49\x87\x88\xaf\xd7\xf7\xb7\xf4\x3d\x6d\x3d\x17\xdc\x5a\xb0\x8c\x49\x83\x90\xff\x90"
"\x17\xee\xc0\x5e\x84\x28\x2c\x73\x29\x20\x02\xe9\xc5\xad\x25\x4b\xb4\x01\xb1\xb4\xe4\x84\xa0\x18\x20\x14\x37\x0d\x3c\x1e\xd6\x0e"
"\x2c\x03\x84\xe5\x26\x13\xdc\x30\xef\x37\x88\x87\x97\x24\xb6\x8d\xdc\x9f\x03\x02\x19\x28\xf3\xf5\xaa\xcf\x1e\xc0\xbf\x41\x78\x1c"
"\x30\x0b\xe1\xcf\xb9\x54\xe4\x70\x88\x00\x42\x09\xbb\xe8\x0d\x87\x8d\x2c\xc4\xd6\xa5\xd3\x10\xf1\xfb\x22\xf6\x58\xf5\xb3\xb4\x87"
"\xe3\x57\xd2\x26\x1b\x4f\x13\xbc\x07\x32\xcf\x32\xbd\xb7\xac\x43\xd5\x3e\x7b\x24\x4a\x30\x9e\x00\x53\x89\x2a\x6d\x90\x93\x40\x10"
"\xb8\x85\x44\x08\xbf\xe7\xdc\x49\xe4\x08\xfd\x27\xa3\x5f\xe0\x0e\x1e\xc7\xc0\x1d\x2a\xed\x08\x03\x5f\x69\x43\x54\x1a\x61\xb4\x4f"
"\x56\x98\x4e\x72\xa3\x09\xdd\x79\x96\xda\x68\xfa\x3f\xa9\x1d\x6b\xf9\xec\x1d\xbf\x2f\xe1\xd6\x3e\x6b\xcc\x1b\x11\x34\x9d\x45\xbe"
"\x59\xdf\x25\x94\xd5\x08\x6b\xfd\xb0\xb9\x86\xbe\x8a\xb9\x6b\x83\x58\x1c\x39\x98\x48\x93\xef\xb9\x21\xd5\x18\x2b\x7d\xf4\xa6\x39"
"\x38\xc7\x5a\x27\x19\xb7\x29\x34\xf2\x41\x97\x0e\x1c\xaf\x57\xf3\xe1\x74\x7a\xc5\xfa\xcf\x52\x31\xb0\xc6\xdf\xfd\xed\xef\x5e\x33"
"\x1a\x5e\x31\x5e\x14\x99\x8c\xb8\x93\x5a\x05\x1b\x95\x1d\x28\xa8\x31\xf2\xe1\xee\xcc\x2f\xf2\xe1\xa9\xc8\x34\x8f\x4f\x63\x1d\x23"
"\xa8\x3f\x01\x22\xac\xd0\x7b\x48\x53\x2b\x2c\x65\xa0\xde\x1e\xba\x9e\x45\x3a\x2f\x32\xe1\xc4\x87\xff\xe2\xdf\x18\xd3\xfd\x85\x67"
"\x25\xdd\x39\x69\x9c\x75\xbc\x4c\xd0\xcb\x8f\xba\x2d\xd3\x64\x1c\x9a\x5b\xc1\x7d\xc7\x11\x39\x99\xf8\xf9\x09\x7e\x18\xcf\xb2\xd6"
"\xdf\x47\x52\x4f\x1b\x0e\x9d\x9e\x99\x1d\xdb\x0d\xc7\xae\xef\x9f\x8e\x7a\x7e\xaa\xc6\xea\x75\xb4\x67\xfd\xf8\xb1\x43\xe3\x9d\xe4"
"\xd8\x7b\xc1\x72\x8a\x19\xb0\xbf\xff\x62\x5f\xb9\xf4\x17\x61\x11\xbf\x6c\x88\xcb\xd3\x71\x3b\x4a\x12\x98\x4c\x02\xba\xe5\x26\x15"
"\xd1\x0b\xc3\x71\xf3\xbe\x6d\x21\xb2\xc6\x3c\xdf\xa4\x32\x8e\x85\x7a\x4b\xb2\xd7\x87\xff\xd4\xa7\x97\x4a\x98\xdb\x87\xa2\x15\xce"
"\x49\xd8\xce\xb2\xe9\xa2\xc9\x33\x91\xdb\xd2\x88\x40\xa8\xa0\x9b\x21\xe9\x56\xe9\xc1\x02\x65\xb2\x53\x0d\x52\x65\xa3\x1d\x88\x53"
"\xc1\xa9\x05\x67\xbe\x7e\x8a\xd3\x8c\x25\x31\x42\x70\x67\x84\x38\xb1\x1d\x87\x0e\xf0\xef\x05\x09\x27\x9e\x00\x4e\xb6\x69\xcc\x7c"
"\x76\x40\x08\xcf\xf6\xae\x02\xf3\x7b\x1d\xd3\x59\xa7\x74\x82\xfa\x78\x86\x79\xde\x4a\x1b\x9d\xc9\xe7\x98\xe3\xf2\xfa\x0b\xbb\xa7"
"\xe3\xf3\x30\x16\x8f\x02\x4c\x2b\xd7\xa5\xea\x9c\xc2\x94\x94\x76\xec\x4c\x3c\x3e\xd6\x42\x27\x49\x26\xd5\xe9\x80\x73\x0c\xdf\x5f"
"\x05\x33\xf4\x7e\x15\xc6\x1d\x0d\xda\xb3\xb1\x37\x9f\xb4\x7d\x77\xc2\xda\xf9\xb4\x43\x4b\x68\xe2\x4c\x5b\x47\x94\x89\xbd\xe3\xf6"
"\x86\x59\x00\x18\x41\x8b\x19\xce\x87\xa0\x59\x60\x3e\x3f\x6e\x36\x2b\x26\x8c\x01\xe4\xaa\x66\xe3\xa8\x49\x3d\x3e\xb6\x7c\x85\x8c"
"\xaa\x3d\xf6\xa6\x69\x6e\x3f\xff\x1a\x4f\xd4\x5e\x8b\x49\xf0\xf4\xfa\x75\x18\x71\x15\xf3\x83\xad\x19\xfe\x64\x55\xaa\x4b\x03\x1f"
"\x29\xab\x72\xa9\x4a\x58\x24\x6a\x06\x7f\xc0\x39\x04\x2a\x86\x2f\x1a\xdc\x8b\x39\x35\xc7\x15\xab\xf6\x32\x91\x35\x36\x12\x76\x22"
"\x7c\xe7\xbf\x39\x57\x57\x2e\xb3\x75\x15\x65\x3a\x7a\xf1\xba\xfb\x15\x68\x64\x51\x57\xbc\x68\xfd\x63\xe1\x97\x61\xd3\x69\x64\x03"
"\x3f\x79\xce\xeb\xd4\x80\x18\xb5\xd8\x06\xb8\x06\x93\xcb\x66\xb8\xf8\xec\xe3\xce\xde\x35\x98\x0c\xbe\xd3\x7c\x24\xd5\xb0\xa9\x93"
"\x33\x3a\xb3\xb0\x4a\xb5\x3d\x01\xf1\x79\x98\x6a\x32\x1c\x35\x7b\x0d\x92\x09\x9e\x0a\xd8\xa1\x0e\xec\x5b\xaf\x4a\xa4\xc8\xe2\xfa"
"\x5b\xaf\x0d\x02\x8b\xb2\x6c\xd8\x00\xcf\xcf\x56\xb4\x94\x18\xf8\xe1\x77\xaf\x76\x3c\x93\xb1\x57\x41\x28\x89\x54\x12\x73\xb0\xed"
"\xf9\xa9\x47\xc1\xba\x66\xa9\x82\x9f\xdc\x6a\x45\x4a\xa4\xca\x67\x38\x92\x97\x39\x6c\x87\x27\x8d\x3a\xf0\x83\x70\xc9\x0d\x90\xd3"
"\x79\x39\x7b\x46\xb8\x83\xd6\x8f\xb7\x80\x64\x60\x08\x44\x48\xca\x71\xe8\x51\xc6\x9f\x81\x7f\xb0\x57\x35\x05\xf7\xfd\x8a\x53\x9d"
"\xa2\xf3\x73\x6d\x2d\x22\x3f\x81\x4e\x76\xaf\x81\x1f\x6f\x0f\x85\x50\x67\x72\xdf\xb7\x9d\x5d\x68\xe0\xdb\x16\xb9\x41\xdf\x58\x01"
"\xf6\x66\xb3\x5c\xbf\x25\x09\x8d\xe2\xeb\xc0\x12\x92\x63\x98\xd5\x0e\x1f\xa2\x9a\x7d\x22\x21\x86\x54\x59\x2b\xe3\x9a\xbd\xa9\x0c"
"\xfc\x01\xf4\xfd\x94\xd3\x5d\x8b\x4b\x1f\x71\x78\xd7\xfc\x86\x07\x0c\x0a\x7d\x0e\x9b\x32\x76\x09\xf6\x79\xd8\xca\x22\x58\x89\x2d"
"\xbc\x94\x52\xb9\xab\xd0\x54\x17\x68\xa3\x00\x34\x8d\xc9\xf9\xad\x02\x56\x14\x9e\x11\x26\x73\xbf\x09\xc3\x93\x60\x0f\xd6\x89\x9c"
"\xa4\xf3\x23\xde\x39\x57\x65\x02\xab\x32\xa0\x66\x48\x3d\x3b\xaa\x63\x61\x23\x23\x0b\xa4\x01\x05\xdd\x7d\xe0\xd9\xd3\xe3\x92\xe4"
"\xc7\x77\xb7\xf9\xe7\xa0\xa3\x1a\x75\xc8\x95\x74\x8e\xe2\x76\x21\xfc\x9e\x93\x40\x8c\x14\xb4\x9f\x1d\xb7\x7a\xaf\xc2\xe0\x6a\x8f"
"\x1c\xe9\xea\xa7\x05\x99\x9c\x3d\x7a\x88\x02\xdc\x7d\x81\xbb\xd3\xde\x76\xa6\x63\x00\xd0\x6f\xb7\xc2\xec\x40\x73\xf3\xf0\xb8\x6e"
"\x1f\xfa\x7e\xaf\xfe\x17\xe7\xfb\x83\xf7\x49\x0d\x00\x00";
static const ArdAssetChunk Json0[] PROGMEM = {
  {Json0_0,sizeof(Json0_0)-1},
};
#endif
#endif
#elif ARDPORTAL_ENABLE_OTA && !ARDPORTAL_ENABLE_MQTT && !ARDPORTAL_ENABLE_CONSOLE
#if ARDPORTAL_CONTROL_PROFILE_FULL
#if ARDPORTAL_ENABLE_MQTT_TLS
static const char Json0_0[] PROGMEM =
"\x1f\x8b\x08\x00\x00\x00\x00\x00\x02\xff\x75\x58\xdd\x6e\xe3\xb8\x15\x7e\x15\x22\x40\x81\x2c\x90\x4d\xe3\x7f\x3b\x73\x31\xc8\x24"
"\x13\x8c\xdb\x4c\xe2\xc6\x9e\xdd\x9b\x05\x0a\x46\xa2\x2c\x22\x12\xa9\x92\x52\x0c\xd7\x30\xd0\xa7\xe9\x2b\xf4\xbe\x8f\xd2\x27\xe9"
"\x39\x47\x3c\x94\x9c\xcd\xde\x24\xe1\x77\x28\xf2\xfc\x7c\xe7\x87\x39\x9c\x35\xfa\xef\x57\x57\x83\xb3\xeb\xb3\x67\x25\x53\x6d\xb6"
"\xc2\xd7\xb2\x6e\xfc\xff\xfe\xf5\xef\xb3\x8b\x56\x38\x04\xe1\xd2\x64\x96\xd7\x13\x58\xdf\xa9\x37\x9d\x28\x46\xa6\x11\x11\x46\x96"
"\x11\x9e\x01\xfc\xa0\xea\x5a\x39\x2f\xa4\x49\x45\xaa\xb7\xba\xf6\x22\x73\xb6\x84\xf5\x5e\x14\xd2\x6c\x1b\xb9\x55\x17\xc2\x57\x32"
"\x51\xfe\x42\xe4\xfb\x2a\x57\xa6\xdd\xdd\x98\x14\x3e\x4c\xac\x53\xfe\x93\x68\x2a\x51\x5b\x31\x1a\x8a\x1f\x9b\xfb\x9f\xe7\xe2\x65"
"\x5f\x2b\x7f\x29\x6e\x56\xb4\xf3\xfb\xdf\x36\x1b\xe1\x54\x55\xc0\x21\xe1\x28\xb1\xd3\x75\xce\xc7\x7d\x12\x49\x0e\x57\x01\xea\x54"
"\x62\x8d\x51\x49\x7d\xc9\x3a\xce\x41\xc7\xb5\x7c\x8b\x3a\x2f\x60\x7d\x2f\x93\xda\xba\x3d\xec\xf6\xaa\x0e\x82\xc1\x15\x08\x6e\xa5"
"\x49\x54\xc1\x08\x3a\xed\x57\xfd\xf3\xbd\x16\xb0\xad\xa9\x18\x46\x77\xad\x13\x69\x84\x51\xf5\xce\xba\x57\xcf\x82\x11\x08\x6e\xde"
"\xa4\x2e\xe4\x4b\xa1\x7e\x27\x1d\xe3\xf9\xb9\xb5\x5e\x09\xc9\x42\x96\xa1\xc7\xd7\xeb\xe5\x1d\xaf\xa7\xf1\xe6\x4a\x7a\x0f\x3b\x53"
"\x96\xa0\xcb\xbf\x96\x55\xbd\x17\xaf\x4a\x55\x5e\xd4\x39\x78\x04\xcc\x4b\xe3\x4e\x91\x59\x07\xb0\xf6\x7c\x09\xbb\x62\x80\xae\xb8"
"\x6d\xdd\x43\x6e\xed\xb9\x65\x80\x6e\xb9\x2d\x94\x74\x82\xee\x0d\xf0\xf0\x8a\x61\xdf\xe2\xf4\x1d\x10\xc8\x41\x98\x6f\x56\x97\xe2"
"\x09\xee\x77\xe8\x9e\x1a\x98\x85\xee\x2f\xa5\x36\x7c\xe1\x10\x1d\x08\x21\xec\x7b\x6f\x38\x6c\xb1\xa0\x5b\x9f\x4e\x43\xf4\xdf\xa3"
"\xda\x61\xd4\xdf\x99\x3d\x1c\x7f\x60\x36\xef\x21\x9a\xe0\x39\x60\x79\x51\xd8\x9d\x17\x3d\xaa\x5e\x8a\x67\xa6\x84\x90\x19\x30\x95"
"\xa9\x12\x95\x9c\x04\x82\xc0\x29\x01\x1a\xa1\xa3\x9e\x36\x37\x40\xca\x54\xd6\xac\xde\x68\xd1\x05\x30\xd3\xae\xdc\x49\xc7\xa2\x31"
"\xba\x29\xba\xfd\xc5\x4a\x88\x02\x3a\x2a\x2b\xa4\xcf\x21\x0b\xf6\xb6\xa9\x2f\xc5\xd7\xf5\x6a\x3e\x9c\x4e\xaf\xc5\xe5\x8b\x36\x02"
"\x76\xe3\xef\xcb\xed\x3f\x49\x32\x1a\x5e\x0b\x59\x55\x85\x4e\x64\xad\xad\x09\x7b\x4c\xb1\x67\x3d\xc7\xe8\xcc\xfb\x77\xf7\xa2\x33"
"\x7f\x54\x85\x95\xe9\xa9\xae\x63\x74\xe5\x5f\xc1\x53\xa2\xb2\x3b\xb0\xd9\x1a\xf4\x43\x88\xdb\x0e\x52\x46\x24\xb6\xac\x0a\x55\xab"
"\x4f\x7f\x14\xbc\x31\x9a\xfb\x8b\x2c\x1a\x3e\x73\x82\x46\xae\x95\xe1\x98\x4c\xda\xcb\x7b\xb7\x4e\xf0\xd6\x6f\x36\x06\x74\x32\x0e"
"\x99\x62\xe0\xfc\xae\xde\x4c\x26\x54\x8c\xe0\x5e\x21\x8b\x22\xde\xff\x99\xc5\xd3\x36\x20\xa7\xdf\xcc\x3a\xee\x62\x0d\x23\x32\xf6"
"\xc4\xef\xe8\xfb\xb9\x17\xf5\x37\x2d\x91\xaa\x61\xe7\x14\x75\x14\xff\xfd\x8f\xf8\x55\x6a\x3a\x09\xc3\xf6\xb8\xe1\xd0\x4f\xc7\x31"
"\xf3\x32\x48\x64\x05\xe4\xba\xcd\x55\xf2\x2a\x30\x3b\xff\x1c\x19\xc7\xbb\xd1\x92\xf3\x5c\xa7\xa9\x32\x3f\x31\xf6\x71\xad\x9c\x92"
"\x01\xb9\x86\x32\xb7\xaf\x22\x38\x67\x30\xa6\xfe\x74\xd1\x1a\x9a\xe9\x6d\xe3\x54\xa0\x50\x90\xcd\x30\x02\xab\x7c\xef\x81\x24\xc5"
"\xa9\x04\xc9\xb1\xb1\x35\xc0\xb9\x92\x9c\x6b\x33\x8a\x90\x91\x5c\x92\x18\x46\x17\xdc\x3b\xa5\x4e\xf6\x8e\x03\xe7\xa9\xbc\x32\x38"
"\xa1\x10\xd7\x3a\x9a\x31\x23\xeb\x20\xe4\xc4\xef\xbe\x00\xed\xfb\xd8\xa7\xb3\x5e\xdd\x51\xcc\x9e\x19\xda\x79\xa7\x7d\xf2\x0e\x9f"
"\xa3\x8d\x0f\x37\x8f\x62\xc9\x9f\xcf\x43\x15\xe9\x00\x34\xab\xb4\x8d\xe9\x7d\x85\x26\x19\x5b\x8b\x77\xf0\xb8\x8b\x85\xcd\xb2\x42"
"\x9b\xd3\x7a\x50\x0b\x6c\x57\x06\x4a\xce\x72\x15\xaa\x03\xd7\xa5\x77\x55\x62\x3e\x89\x99\x76\xc2\xcb\xf9\xb4\xc7\x4b\x48\xdb\xc2"
"\xfa\x9a\x29\x93\xd2\xc5\xf1\x84\x59\x70\x30\x3a\x2d\x15\x58\x11\x82\x64\x81\xf6\x7c\xdb\x6c\x56\x42\x39\x07\x9e\x3b\xb4\x0d\xfa"
"\xc8\xe2\x71\x97\xe4\x07\x64\xd4\x91\x7c\xef\xda\x74\xa6\x4a\xd8\xde\xc4\x09\xb4\x98\x84\x9b\x3e\x3e\x0e\x35\x3e\xa4\x72\xef\x8f"
"\x02\x7f\x8a\x43\x6e\x1b\x07\x8b\x5c\x1c\x4a\x6d\x1a\xe8\xbb\x47\x01\x7f\xc0\x77\xe8\xa8\x14\x56\xdc\xc2\x16\x73\x4e\x8e\x6b\x71"
"\xd8\xe9\x4c\x1f\x31\x91\xb0\x39\xc3\xba\xfc\x47\x5d\x1f\x0f\x75\xe1\x8f\x87\xa4\xb0\xc9\x2b\xc9\x96\x2b\x90\xe8\xea\x78\x90\x55"
"\xbc\x1f\x03\xff\x10\x06\x83\x16\x1b\xd0\x78\xb2\x91\x6e\x0b\x25\xa1\x56\x65\xa5\x1c\x68\xec\xa2\x14\xfd\x73\xdb\x38\xa7\xcc\x87"
"\x62\x8c\xfd\x77\x9b\xc6\xf5\x98\x3a\xbc\x01\x2e\x74\x18\x3a\x7f\x05\x2e\xf3\x0c\xa0\x29\x37\x10\xb3\xb7\x58\xbe\x06\x34\x1a\x3c"
"\xda\x1a\x0c\x6b\x8b\x70\xc0\x69\x32\x58\x3e\x0b\xaf\xb7\x06\x12\xec\xfc\x2f\xeb\xa7\xc7\x9f\x58\x86\x9a\xaf\xb0\xc6\x32\x80\xca"
"\x7e\x71\x7a\x9b\xd7\xa6\xbb\x8e\x46\x83\x5b\x5b\x80\xa7\x19\xa1\xda\x58\x29\xa0\xc2\xf9\x9f\xe2\x69\x14\x39\x9f\xe8\xa2\x38\x51"
"\x80\x92\x4e\xbb\x96\x63\x0c\x12\x9f\x2a\x15\xd7\x94\x65\xc0\x3f\x36\x87\x5a\xfa\xba\xb6\x21\xc3\x07\xd4\xcb\x57\xd6\x6b\x22\x6a"
"\x77\x29\x75\xe9\x8d\x2e\xea\x3e\x86\x56\x3c\x40\x14\x79\x3d\xa2\x4a\x52\xf4\x10\xd4\xff\xc6\x95\x22\x8f\xf5\x7e\x40\xad\x14\x31"
"\xb9\x93\x7b\xc6\xa6\x01\x33\xe8\x12\x06\x67\x6d\xf2\x4b\x57\x32\x82\xda\x6f\xc0\x6d\x5b\xc8\x41\x59\xf4\x04\x8b\x8e\x1a\x79\x53"
"\xea\x54\xc3\x0c\xd0\x29\x3a\xba\xa2\xc2\x67\x58\x85\x11\x1a\x73\xd7\xb8\xb6\x89\x9e\xfb\xb8\x0f\x0d\xfa\xc5\x16\x4d\x54\x76\x34"
"\x0a\x2d\x83\x1d\x38\x42\x8b\x56\xb2\x89\x0e\x1c\xb5\x7d\x0a\xa8\x66\x70\x36\x7d\x91\x9d\x64\xda\xba\xa7\xe3\xce\x68\xc6\xa7\x41"
"\x01\xb5\x6c\xe7\xa8\xad\x7c\x65\x89\x09\x7b\xc2\x9b\x51\x1b\x1c\x4c\xe0\xd2\xee\xa0\xa4\x04\x9c\x26\x89\xa5\x81\x94\x85\xce\xd8"
"\x6f\xe9\x03\xea\xff\x77\x2a\x71\x0a\xf4\xf8\x20\x0d\xc6\xed\x14\xff\xc7\x72\xb4\xf7\x29\xcb\x78\x89\xd6\x7e\x53\x92\x55\x1d\x4f"
"\x48\x55\x5b\xf0\x9a\xe2\xd6\xd4\x96\xd7\x14\x32\xc7\x61\x1d\xcf\x43\x92\xe1\x88\xc2\xd8\xe2\x83\x6a\xdb\x96\xc2\x24\x56\xc8\x50"
"\xf4\x06\x34\x4d\x84\x91\x24\xd4\x2f\x96\x0c\x7e\x27\xf9\xcc\xa2\x61\x5b\x6d\x6b\x67\x0b\x0f\xef\x87\xd8\xd9\xa0\xca\x50\xb1\x3b"
"\xf2\xc6\x51\x3b\xcc\x63\x4b\x48\xb5\x87\x87\xc3\x5e\xfc\x76\x76\xc8\xb4\x2a\xd2\xe3\x6f\x67\x51\x89\x31\xc5\xb1\x7d\x16\x55\x50"
"\x8f\x62\x61\x1f\xd0\x90\xb2\x34\x6f\xb2\xd0\x29\x89\x40\x95\x4c\x1b\x4a\x1e\x1f\xbf\x27\x1e\x48\x5f\xb7\x2f\x09\x81\xbe\x8f\x09"
"\x4a\x23\xcb\x77\xf8\xa4\x6c\x4a\x78\x12\x9d\xb4\xdb\xc1\x64\x4e\x5f\x02\xad\xe1\x63\xc4\xc5\x4b\x2f\xb9\xda\x71\x26\x54\x3c\x66"
"\x7d\x90\x4d\xaf\xb8\x72\xb1\xc3\xa6\x03\x52\x55\x9e\x60\x6d\xeb\x7f\x35\x76\x67\xe8\xc1\x17\x05\xa3\x2e\x48\xa1\x85\x74\xec\x6b"
"\xa7\x1f\x68\xe2\x42\xbe\x40\x83\x82\x77\x4a\xdb\x11\xa8\xa1\xe3\x60\xc7\x86\xd3\xe0\xb3\x56\x09\x8d\x28\x27\x6f\x99\x01\xcd\x3f"
"\x58\x97\xde\xe3\xe8\x8e\x65\x5a\x44\x45\xe6\x81\x80\xbd\xeb\x17\x81\x83\x1d\x44\x23\x0f\xd0\xae\x87\x0c\x5a\xe6\xf1\x72\xd8\x56"
"\xf6\xfc\xe4\xa4\x59\x6b\x25\x3c\x44\x7d\x1f\x1d\x53\x81\x77\xa5\x64\x96\xd3\x80\xf3\x35\x61\x92\xd3\x74\xf3\xb5\x00\xa6\x3a\x9d"
"\x30\x46\xad\x43\xb9\x0c\xbf\x33\x91\xa5\x33\x56\x5f\x54\x4d\xc9\x51\xa5\xa1\xe6\x1b\x14\x3a\x20\x0b\xe6\x7c\x80\x69\xa6\xe9\x3d"
"\xab\x06\x34\xd2\x60\xdf\xe4\x35\x1a\x21\xce\x37\x0f\x6b\xae\x0f\x73\x1e\x53\x6f\x42\x07\x65\x1c\x4d\x38\xbc\xe1\x58\x7e\x14\x5f"
"\x18\x44\x2b\x0e\xde\xeb\xf4\x28\xce\x0f\x0e\xfe\x80\xd6\xfe\xa5\x8c\x67\x4d\x7b\x54\xc6\x22\xc4\x51\x5c\xb4\x13\x7d\x18\xff\xe9"
"\x15\x09\x09\x1b\x86\x23\xa8\x78\x38\x5a\xe0\x70\x14\x5e\x7e\x09\x3c\xbb\x3d\x3c\x28\xb4\xa9\xaf\xc3\x24\x72\x81\x7b\x0c\x10\xc9"
"\x62\xc0\xe9\x51\x66\x1d\xd4\x2e\xbe\x61\x4e\xaf\x6d\x98\xa3\xfd\xde\x43\x49\x62\x74\xde\x71\x10\xdc\xd4\x64\x40\x5d\x60\x12\xb7"
"\x46\x9a\x94\x82\x38\x55\x3e\x71\xba\xea\xf5\xbd\x45\xff\x1d\x24\x7e\x3c\x3f\x30\xde\x3d\x47\xda\x7f\x40\xf4\x44\xa3\x9e\x03\xb2"
"\xde\xa7\xf8\x08\x53\xf4\xaa\xcc\x40\xc7\xe8\x16\x9a\x1a\x21\x71\xc2\xb4\x17\x3f\xe9\xaa\x03\x8d\x58\xbc\xe5\xdd\x4b\x01\xbd\x00"
"\x67\x5f\x88\x17\x07\x6f\xd1\xde\x48\x19\x1c\x48\x2f\x68\xe5\xde\x40\x72\xfb\xf4\xbc\x8e\xef\x9f\xcb\xb3\xe3\xff\x01\x6e\x66\x13"
"\x8b\xad\x11\x00\x00";
static const ArdAssetChunk Json0[] PROGMEM = {
  {Json0_0,sizeof(Json0_0)-1},
};
#else
static const char Json0_0[] PROGMEM =
"\x1f\x8b\x08\x00\x00\x00\x00\x00\x02\xff\x75\x58\xdd\x6e\xe3\xb8\x15\x7e\x15\x22\x40\x81\x2c\x90\x4d\xe3\x7f\x3b\x73\x31\xc8\x24"
"\x13\x8c\xdb\x4c\xe2\xc6\x9e\xdd\x9b\x05\x0a\x46\xa2\x2c\x22\x12\xa9\x92\x52\x0c\xd7\x30\xd0\xa7\xe9\x2b\xf4\xbe\x8f\xd2\x27\xe9"
"\x39\x47\x3c\x94\x9c\xcd\xde\x24\xe1\x77\x28\xf2\xfc\x7c\xe7\x87\x39\x9c\x35\xfa\xef\x57\x57\x83\xb3\xeb\xb3\x67\x25\x53\x6d\xb6"
"\xc2\xd7\xb2\x6e\xfc\xff\xfe\xf5\xef\xb3\x8b\x56\x38\x04\xe1\xd2\x64\x96\xd7\x13\x58\xdf\xa9\x37\x9d\x28\x46\xa6\x11\x11\x46\x96"
"\x11\x9e\x01\xfc\xa0\xea\x5a\x39\x2f\xa4\x49\x45\xaa\xb7\xba\xf6\x22\x73\xb6\x84\xf5\x5e\x14\xd2\x6c\x1b\xb9\x55\x17\xc2\x57\x32"
"\x51\xfe\x42\xe4\xfb\x2a\x57\xa6\xdd\xdd\x98\x14\x3e\x4c\xac\x53\xfe\x93\x68\x2a\x51\x5b\x31\x1a\x8a\x1f\x9b\xfb\x9f\xe7\xe2\x65"
"\x5f\x2b\x7f\x29\x6e\x56\xb4\xf3\xfb\xdf\x36\x1b\xe1\x54\x55\xc0\x21\xe1\x28\xb1\xd3\x75\xce\xc7\x7d\x12\x49\x0e\x57\x01\xea\x54"
"\x62\x8d\x51\x49\x7d\xc9\x3a\xce\x41\xc7\xb5\x7c\x8b\x3a\x2f\x60\x7d\x2f\x93\xda\xba\x3d\xec\xf6\xaa\x0e\x82\xc1\x15\x08\x6e\xa5"
"\x49\x54\xc1\x08\x3a\xed\x57\xfd\xf3\xbd\x16\xb0\xad\xa9\x18\x46\x77\xad\x13\x69\x84\x51\xf5\xce\xba\x57\xcf\x82\x11\x08\x6e\xde"
"\xa4\x2e\xe4\x4b\xa1\x7e\x27\x1d\xe3\xf9\xb9\xb5\x5e\x09\xc9\x42\x96\xa1\xc7\xd7\xeb\xe5\x1d\xaf\xa7\xf1\xe6\x4a\x7a\x0f\x3b\x53"
"\x96\xa0\xcb\xbf\x96\x55\xbd\x17\xaf\x4a\x55\x5e\xd4\x39\x78\x04\xcc\x4b\xe3\x4e\x91\x59\x07\xb0\xf6\x7c\x09\xbb\x62\x80\xae\xb8"
"\x6d\xdd\x43\x6e\xed\xb9\x65\x80\x6e\xb9\x2d\x94\x74\x82\xee\x0d\xf0\xf0\x8a\x61\xdf\xe2\xf4\x1d\x10\xc8\x41\x98\x6f\x56\x97\xe2"
"\x09\xee\x77\xe8\x9e\x1a\x98\x85\xee\x2f\xa5\x36\x7c\xe1\x10\x1d\x08\x21\xec\x7b\x6f\x38\x6c\xb1\xa0\x5b\x9f\x4e\x43\xf4\xdf\xa3"
"\xda\x61\xd4\xdf\x99\x3d\x1c\x7f\x60\x36\xef\x21\x9a\xe0\x39\x60\x79\x51\xd8\x9d\x17\x3d\xaa\x5e\x8a\x67\xa6\x84\x90\x19\x30\x95"
"\xa9\x12\x95\x9c\x04\x82\xc0\x29\x01\x1a\xa1\xa3\x9e\x36\x37\x40\xca\x54\xd6\xac\xde\x68\xd1\x05\x30\xd3\xae\xdc\x49\xc7\xa2\x31"
"\xba\x29\xba\xfd\xc5\x4a\x88\x02\x3a\x2a\x2b\xa4\xcf\x21\x0b\xf6\xb6\xa9\x2f\xc5\xd7\xf5\x6a\x3e\x9c\x4e\xaf\xc5\xe5\x8b\x36\x02"
"\x76\xe3\xef\xcb\xed\x3f\x49\x32\x1a\x5e\x0b\x59\x55\x85\x4e\x64\xad\xad\x09\x7b\x4c\xb1\x67\x3d\xc7\xe8\xcc\xfb\x77\xf7\xa2\x33"
"\x7f\x54\x85\x95\xe9\xa9\xae\x63\x74\xe5\x5f\xc1\x53\xa2\xb2\x3b\xb0\xd9\x1a\xf4\x43\x88\xdb\x0e\x52\x46\x24\xb6\xac\x0a\x55\xab"
"\x4f\x7f\x14\xbc\x31\x9a\xfb\x8b\x2c\x1a\x3e\x73\x82\x46\xae\x95\xe1\x98\x4c\xda\xcb\x7b\xb7\x4e\xf0\xd6\x6f\x36\x06\x74\x32\x0e"
"\x99\x62\xe0\xfc\xae\xde\x4c\x26\x54\x8c\xe0\x5e\x21\x8b\x22\xde\xff\x99\xc5\xd3\x36\x20\xa7\xdf\xcc\x3a\xee\x62\x0d\x23\x32\xf6"
"\xc4\xef\xe8\xfb\xb9\x17\xf5\x37\x2d\x91\xaa\x61\xe7\x14\x75\x14\xff\xfd\x8f\xf8\x55\x6a\x3a\x09\xc3\xf6\xb8\xe1\xd0\x4f\xc7\x31"
"\xf3\x32\x48\x64\x05\xe4\xba\xcd\x55\xf2\x2a\x30\x3b\xff\x1c\x19\xc7\xbb\xd1\x92\xf3\x5c\xa7\xa9\x32\x3f\x31\xf6\x71\xad\x9c\x92"
"\x01\xb9\x86\x32\xb7\xaf\x22\x38\x67\x30\xa6\xfe\x74\xd1\x1a\x9a\xe9\x6d\xe3\x54\xa0\x50\x90\xcd\x30\x02\xab\x7c\xef\x81\x24\xc5"
"\xa9\x04\xc9\xb1\xb1\x35\xc0\xb9\x92\x9c\x6b\x33\x8a\x90\x91\x5c\x92\x18\x46\x17\xdc\x3b\xa5\x4e\xf6\x8e\x03\xe7\xa9\xbc\x32\x38"
"\xa1\x10\xd7\x3a\x9a\x31\x23\xeb\x20\xe4\xc4\xef\xbe\x00\xed\xfb\xd8\xa7\xb3\x5e\xdd\x51\xcc\x9e\x19\xda\x79\xa7\x7d\xf2\x0e\x9f"
"\xa3\x8d\x0f\x37\x8f\x62\xc9\x9f\xcf\x43\x15\xe9\x00\x34\xab\xb4\x8d\xe9\x7d\x85\x26\x19\x5b\x8b\x77\xf0\xb8\x8b\x85\xcd\xb2\x42"
"\x9b\xd3\x7a\x50\x0b\x6c\x57\x06\x4a\xce\x72\x15\xaa\x03\xd7\xa5\x77\x55\x62\x3e\x89\x99\x76\xc2\xcb\xf9\xb4\xc7\x4b\x48\xdb\xc2"
"\xfa\x9a\x29\x93\xd2\xc5\xf1\x84\x59\x70\x30\x3a\x2d\x15\x58\x11\x82\x64\x81\xf6\x7c\xdb\x6c\x56\x42\x39\x07\x9e\x3b\xb4\x0d\xfa"
"\xc8\xe2\x71\x97\xe4\x07\x64\xd4\x91\x7c\xef\xda\x74\xa6\x4a\xd8\xde\xc4\x09\xb4\x98\x84\x9b\x3e\x3e\x0e\x35\x3e\xa4\x72\xef\x8f"
"\x02\x7f\x8a\x43\x6e\x1b\x07\x8b\x5c\x1c\x4a\x6d\x1a\xe8\xbb\x47\x01\x7f\xc0\x77\xe8\xa8\x14\x56\xdc\xc2\x16\x73\x4e\x8e\x6b\x71"
"\xd8\xe9\x4c\x1f\x31\x91\xb0\x39\xc3\xba\xfc\x47\x5d\x1f\x0f\x75\xe1\x8f\x87\xa4\xb0\xc9\x2b\xc9\x96\x2b\x90\xe8\xea\x78\x90\x55"
"\xbc\x1f\x03\xff\x10\x06\x83\x16\x1b\xd0\x78\xb2\x91\x6e\x0b\x25\xa1\x56\x65\xa5\x1c\x68\xec\xa2\x14\xfd\x73\xdb\x38\xa7\xcc\x87"
"\x62\x8c\xfd\x77\x9b\xc6\xf5\x98\x3a\xbc\x01\x2e\x74\x18\x3a\x7f\x05\x2e\xf3\x0c\xa0\x29\x37\x10\xb3\xb7\x58\xbe\x06\x34\x1a\x3c"
"\xda\x1a\x0c\x6b\x8b\x70\xc0\x69\x32\x58\x3e\x0b\xaf\xb7\x06\x12\xec\xfc\x2f\xeb\xa7\xc7\x9f\x58\x86\x9a\xaf\xb0\xc6\x32\x80\xca"
"\x7e\x71\x7a\x9b\xd7\xa6\xbb\x8e\x46\x83\x5b\x5b\x80\xa7\x19\xa1\xda\x58\x29\xa0\xc2\xf9\x9f\xe2\x69\x14\x39\x9f\xe8\xa2\x38\x51"
"\x80\x92\x4e\xbb\x96\x63\x0c\x12\x9f\x2a\x15\xd7\x94\x65\xc0\x3f\x36\x87\x5a\xfa\xba\xb6\x21\xc3\x07\xd4\xcb\x57\xd6\x6b\x22\x6a"
"\x77\x29\x75\xe9\x8d\x2e\xea\x3e\x86\x56\x3c\x40\x14\x79\x3d\xa2\x4a\x52\xf4\x10\xd4\xff\xc6\x95\x22\x8f\xf5\x7e\x40\xad\x14\x31"
"\xb9\x93\x7b\xc6\xa6\x01\x33\xe8\x12\x06\x67\x6d\xf2\x4b\x57\x32\x82\xda\x6f\xc0\x6d\x5b\xc8\x41\x59\xf4\x04\x8b\x8e\x1a\x79\x53"
"\xea\x54\xc3\x0c\xd0\x29\x3a\xba\xa2\xc2\x67\x58\x85\x11\x1a\x73\xd7\xb8\xb6\x89\x9e\xfb\xb8\x0f\x0d\xfa\xc5\x16\x4d\x54\x76\x34"
"\x0a\x2d\x83\x1d\x38\x42\x8b\x56\xb2\x89\x0e\x1c\xb5\x7d\x0a\xa8\x66\x70\x36\x7d\x91\x9d\x64\xda\xba\xa7\xe3\xce\x68\xc6\xa7\x41"
"\x01\xb5\x6c\xe7\xa8\xad\x7c\x65\x89\x09\x7b\xc2\x9b\x51\x1b\x1c\x4c\xe0\xd2\xee\xa0\xa4\x04\x9c\x26\x89\xa5\x81\x94\x85\xce\xd8"
"\x6f\xe9\x03\xea\xff\x77\x2a\x71\x0a\xf4\xf8\x20\x0d\xc6\xed\x14\xff\xc7\x72\xb4\xf7\x29\xcb\x78\x89\xd6\x7e\x53\x92\x55\x1d\x4f"
"\x48\x55\x5b\xf0\x9a\xe2\xd6\xd4\x96\xd7\x14\x32\xc7\x61\x1d\xcf\x43\x92\xe1\x88\xc2\xd8\xe2\x83\x6a\xdb\x96\xc2\x24\x56\xc8\x50"
"\xf4\x06\x34\x4d\x84\x91\x24\xd4\x2f\x96\x0c\x7e\x27\xf9\xcc\xa2\x61\x5b\x6d\x6b\x67\x0b\x0f\xef\x87\xd8\xd9\xa0\xca\x50\xb1\x3b"
"\xf2\xc6\x51\x3b\xcc\x63\x4b\x48\xb5\x87\x87\xc3\x5e\xfc\x76\x76\xc8\xb4\x2a\xd2\xe3\x6f\x67\x51\x89\x31\xc5\xb1\x7d\x16\x55\x50"
"\x8f\x62\x61\x1f\xd0\x90\xb2\x34\x6f\xb2\xd0\x29\x89\x40\x95\x4c\x1b\x4a\x1e\x1f\xbf\x27\x1e\x48\x5f\xb7\x2f\x09\x81\xbe\x8f\x09"
"\x4a\x23\xcb\x77\xf8\xa4\x6c\x4a\x78\x12\x9d\xb4\xdb\xc1\x64\x4e\x5f\x02\xad\xe1\x63\xc4\xc5\x4b\x2f\xb9\xda\x71\x26\x54\x3c\x66"
"\x7d\x90\x4d\xaf\xb8\x72\xb1\xc3\xa6\x03\x52\x55\x9e\x60\x6d\xeb\x7f\x35\x76\x67\xe8\xc1\x17\x05\xa3\x2e\x48\xa1\x85\x74\xec\x6b"
"\xa7\x1f\x68\xe2\x42\xbe\x40\x83\x82\x77\x4a\xdb\x11\xa8\xa1\xe3\x60\xc7\x86\xd3\xe0\xb3\x56\x09\x8d\x28\x27\x6f\x99\x01\xcd\x3f"
"\x58\x97\xde\xe3\xe8\x8e\x65\x5a\x44\x45\xe6\x81\x80\xbd\xeb\x17\x81\x83\x1d\x44\x23\x0f\xd0\xae\x87\x0c\x5a\xe6\xf1\x72\xd8\x56"
"\xf6\xfc\xe4\xa4\x59\x6b\x25\x3c\x44\x7d\x1f\x1d\x53\x81\x77\xa5\x64\x96\xd3\x80\xf3\x35\x61\x92\xd3\x74\xf3\xb5\x00\xa6\x3a\x9d"
"\x30\x46\xad\x43\xb9\x0c\xbf\x33\x91\xa5\x33\x56\x5f\x54\x4d\xc9\x51\xa5\xa1\xe6\x1b\x14\x3a\x20\x0b\xe6\x7c\x80\x69\xa6\xe9\x3d"
"\xab\x06\x34\xd2\x60\xdf\xe4\x35\x1a\x21\xce\x37\x0f\x6b\xae\x0f\x73\x1e\x53\x6f\x42\x07\x65\x1c\x4d\x38\xbc\xe1\x58\x7e\x14\x5f"
"\x18\x44\x2b\x0e\xde\xeb\xf4\x28\xce\x0f\x0e\xfe\x80\xd6\xfe\xa5\x8c\x67\x4d\x7b\x54\xc6\x22\xc4\x51\x5c\xb4\x13\x7d\x18\xff\xe9"
"\x15\x09\x09\x1b\x86\x23\xa8\x78\x38\x5a\xe0\x70\x14\x5e\x7e\x09\x3c\xbb\x3d\x3c\x28\xb4\xa9\xaf\xc3\x24\x72\x81\x7b\x0c\x10\xc9"
"\x62\xc0\xe9\x51\x66\x1d\xd4\x2e\xbe\x61\x4e\xaf\x6d\x98\xa3\xfd\xde\x43\x49\x62\x74\xde\x71\x10\xdc\xd4\x64\x40\x5d\x60\x12\xb7"
"\x46\x9a\x94\x82\x38\x55\x3e\x71\xba\xea\xf5\xbd\x45\xff\x1d\x24\x7e\x3c\x3f\x30\xde\x3d\x47\xda\x7f\x40\xf4\x44\xa3\x9e\x03\xb2"
"\xde\xa7\xf8\x08\x53\xf4\xaa\xcc\x40\xc7\xe8\x16\x9a\x1a\x21\x71\xc2\xb4\x17\x3f\xe9\xaa\x03\x8d\x58\xbc\xe5\xdd\x4b\x01\xbd\x00"
"\x67\x5f\x88\x17\x07\x6f\xd1\xde\x48\x19\x1c\x48\x2f\x68\xe5\xde\x40\x72\xfb\xf4\xbc\x8e\xef\x9f\xcb\xb3\xe3\xff\x01\x6e\x66\x13"
"\x8b\xad\x11\x00\x00";
static const ArdAssetChunk Json0[] PROGMEM = {
  {Json0_0,sizeof(Json0_0)-1},
};
#endif
#else
#if ARDPORTAL_ENABLE_MQTT_TLS
static const char Json0_0[] PROGMEM =
"\x1f\x8b\x08\x00\x00\x00\x00\x00\x02\xff\x75\x56\xcd\x6e\xdb\x46\x10\x7e\x95\x81\x4e\x09\xe0\xa8\xd6\xbf\xe4\x1c\x02\xc7\x8e\x11"
"\xa3\x8e\xad\x5a\x4a\x73\x09\x50\xac\xc8\xa5\xb8\x30\xb5\xcb\x72\x97\x12\x54\x42\x40\x9f\xa6\xaf\xd0\x7b\x1f\xa5\x4f\xd2\x99\xe5"
"\x0e\x45\x29\xee\x45\x36\x67\x76\x77\x66\xbe\xf9\xe6\xa7\xea\x94\xea\xb7\xcb\xcb\x5e\xe7\xaa\xf3\x2c\x45\xac\xf4\x1a\xac\x13\xae"
"\xb4\xff\xfe\xf9\x57\xe7\xa2\x56\xf6\x51\x79\xaf\x13\xc3\xdf\x23\xfc\xbe\x95\x5b\x15\x49\x96\x8c\x1b\x09\x68\xb1\x69\xc4\x13\x14"
"\x3f\x48\xe7\x64\x61\x41\xe8\x18\x62\xb5\x56\xce\x42\x52\x98\x0d\x7e\xef\x21\x13\x7a\x5d\x8a\xb5\xbc\x00\x9b\x8b\x48\xda\x0b\x48"
"\xf7\x79\x2a\x75\x7d\xba\xd4\x31\x5e\x8c\x4c\x21\xed\x7b\x28\x73\x70\x06\x06\x7d\xf8\xba\xbc\x7b\x37\x85\xd5\xde\x49\xdb\x85\xeb"
"\xb9\x3f\xf9\xe5\x97\xe5\x12\x0a\x99\x67\xf8\x48\x78\x0a\x76\xca\xa5\xfc\xdc\x7b\x88\x52\x34\x85\xd2\x42\x46\x46\x6b\x19\xb9\x2e"
"\xfb\x38\x45\x1f\x17\x62\xdb\xf8\x3c\xc3\xef\x3b\x11\x39\x53\xec\xf1\xb4\x95\x2e\x28\x7a\x97\xa8\xb8\x11\x3a\x92\x19\x4b\x08\xb4"
"\x6f\xea\xdd\x9d\x02\x3c\x56\xe6\x2c\x26\xb8\x16\x91\xd0\xa0\xa5\xdb\x99\xe2\xc5\xb2\x62\x80\x8a\xeb\xad\x50\x99\x58\x65\xf2\x07"
"\xed\x90\xde\x4f\x8d\xb1\x12\x04\x2b\x59\x47\x88\x2f\x16\xf7\xb7\xfc\x3d\x6e\x2c\xe7\xc2\x5a\x3c\x19\xb3\x86\x20\xff\xb4\xc9\xdd"
"\x1e\x5e\xa4\xcc\x2d\xb8\x14\x11\xc1\xf0\xe2\xe6\x24\x24\xa6\x40\xb1\xb2\x6c\x84\xa1\xe8\x11\x14\x37\x35\x3c\x1e\xd6\x16\x2c\x3d"
"\x82\xe5\x26\x93\xa2\x00\x6f\x37\x88\xfb\x97\x2c\xb6\xb5\xdc\xdf\x43\x02\x15\x98\xe6\xeb\x79\x17\x9e\xd0\x7e\x41\xf0\x38\x64\x16"
"\xc1\xbf\x11\x4a\xb3\xc1\x3e\x01\x88\x29\x6c\xa3\xd7\xef\xd7\xb2\xe0\x5b\x9b\x4e\x7d\xc2\xef\x51\xee\x28\xeb\x67\x61\xf7\x87\xaf"
"\x84\xcd\x67\x3c\x4d\xe8\x1d\x8c\x3c\xcb\xcc\xce\x42\x8b\xaa\x5d\x78\x66\x4a\x80\x48\x90\xa9\x4c\x95\xc6\xc9\x51\x20\x08\xbe\x12"
"\x44\x03\x02\xea\x69\x79\x8d\xa4\x8c\x85\x63\xf7\x06\xb3\x63\x02\x13\x55\x6c\x76\xa2\x60\xd5\x90\x60\x6a\x60\x5f\x19\x81\x59\x20"
"\xa0\x92\x4c\xd8\x14\xab\x60\x6f\x4a\xd7\x85\x4f\x8b\xf9\xb4\x3f\x1e\x5f\x41\x77\xa5\x34\xe0\x69\xfa\xdb\x5d\xff\xe1\x35\x83\xfe"
"\x15\x88\x3c\xcf\x54\x24\x9c\x32\x3a\x9c\xd1\xd9\x9e\xfd\x1c\x12\x98\x77\x67\x76\x09\xcc\xaf\x79\x66\x44\x7c\xea\xeb\x90\xa0\xfc"
"\x19\x91\x82\xdc\xec\x30\x66\xa3\x09\x87\x90\xb7\x1d\x96\x0c\x44\x66\x93\x67\xd2\xc9\xf7\xff\x97\xbc\x21\x85\xfb\xab\xc8\x4a\x7e"
"\x73\x54\x1b\x6b\x59\x19\x91\x95\xcf\xa6\x49\xe0\x68\x18\x2a\x43\xe3\x7b\xc7\xfe\x32\x1a\xf9\xe6\x83\x76\x40\x64\x59\x63\xef\x03"
"\xab\xc7\x75\x02\x4e\xef\x4c\x8e\x5c\xa5\x9e\xe5\xc9\xd7\x52\x9f\xd1\xf5\x43\x2b\xcb\x5b\x25\x88\x9a\xe1\xe4\x98\x7c\x84\x7f\xfe"
"\x86\x6f\x42\xf9\x97\x28\x4d\x8f\x4b\x4e\xf5\x78\xd8\x54\x5a\x82\x85\x2b\x91\x4c\x37\xa9\x8c\x5e\x80\xaa\xf1\xa7\x86\x61\x7c\x9a"
"\x22\x79\x93\xaa\x38\x96\xfa\x2d\xcb\x5e\xef\x8d\x63\x1f\x40\xaa\xb0\xad\xed\xf3\x46\x38\x65\x61\x53\xea\xe3\x59\x1d\x68\xa2\xd6"
"\x65\x21\x03\x65\x82\x6e\x42\xb4\x9a\xa7\x7b\x8b\xa4\xc8\x4e\x35\x44\x86\xa5\x71\x28\x4e\xa5\xe0\xda\x9a\xf8\x0c\x69\xc1\x2d\x88"
"\xc5\x04\xc1\x5d\x21\xe5\xc9\xd9\x61\xe0\xb8\x6f\xa7\x2c\x1c\xf9\x14\x3b\xd5\x84\x31\xf1\xd1\x61\xca\x3d\x9f\xdb\x0a\x8a\xef\x75"
"\x4c\x27\xad\x3e\x23\xb9\x82\x27\x14\xe7\xad\xb2\xd1\x99\x7c\x4a\x31\x3e\x5c\x3f\xc2\x3d\x5f\x9f\x86\xae\x71\x14\x50\x58\x1b\x53"
"\xea\xd6\x2d\x0a\x49\x1b\x07\x67\xe2\xe1\x31\x17\x26\x49\x32\xa5\x4f\xeb\xdf\x01\x8d\x27\x8d\x2d\xe6\x7e\x1e\xba\x01\xf7\xa1\xb3"
"\xae\x30\x1d\x35\x95\x75\xc2\xcb\xe9\xb8\xc5\x4b\x2c\xd3\xcc\x58\xc7\x94\x89\xbd\xe1\xe6\x85\x49\x00\x98\x40\x8b\x81\x3a\x40\xd0"
"\xcc\x28\x9e\xcf\xcb\xe5\x1c\x64\x51\x20\x72\x55\x3d\x90\x0f\xac\x1e\x1e\x8b\xba\x22\x46\x1d\x3c\xf6\x45\x5d\xbe\xbe\xf3\xd5\x96"
"\xb8\x80\x66\xa3\x60\xe9\xf5\xe7\xc8\xe3\x2a\x16\x7b\x7b\x00\xfa\x85\x2a\x35\x65\x81\x1f\x29\x54\x1b\xa5\x4b\x9c\xb3\x07\xc0\x7f"
"\xf0\x1e\x01\x15\xe3\x17\x8f\xac\xd9\x94\x8b\xe3\x0a\xaa\x9d\x4a\xd4\x81\x0a\x89\x86\x31\x7e\x6f\x7e\x77\xee\x50\xb9\xcc\x1e\xaa"
"\x28\x33\xd1\x8b\xd7\xdd\xcf\x51\xa3\xf2\x43\x25\xf2\xc6\x3e\x25\xfe\x21\x2c\x02\xb5\xac\xe7\x7b\xcb\x79\x9e\x6a\x10\xa3\x06\xdb"
"\x00\x57\x6f\x74\x59\xb7\x0f\x1f\x7d\xdc\x5a\x4b\x7a\xa3\xde\x0f\x9a\x0f\xac\xea\xd7\x79\x72\x85\xc9\x2c\x6e\x1a\x4d\x4d\xa0\x7f"
"\x1e\xa6\x03\x1f\x1c\xd4\x63\x9f\xc8\x14\x2b\x8b\x2b\xc6\x1e\xbe\x77\xaa\x44\xc9\x2c\x3e\x7c\xef\x34\x4e\x50\x52\x1e\x6a\x36\xe0"
"\xe0\x59\xcb\x86\x12\x3d\xdf\xde\xee\xf5\x56\x64\x2a\xf6\x2a\x74\x25\x51\x5a\x51\x0c\xb6\xb9\x3f\xf6\x28\x58\x57\xef\x1c\xf8\x2b"
"\xac\xd1\xac\x24\xaa\x7c\xc1\x2b\x9b\x72\x83\xcb\xd3\x49\xa1\xf6\x46\x53\x7f\xb3\x40\x72\x3a\x2f\x87\x15\xc1\x1d\xb4\xbe\xbd\x05"
"\x24\x03\x43\xd0\x43\x56\x0e\x43\x8d\x82\x58\x21\xff\x70\xed\xa8\x13\xee\xeb\x95\xfa\x36\x7b\xe7\xfb\xda\x42\x46\xbe\x03\x9d\xac"
"\x26\x3d\xdf\xde\x9e\x72\xa9\xcf\xe4\xbe\x6e\x5b\xab\x42\xcf\x97\x2d\x71\x83\xbf\x29\x03\xf0\x66\xf9\xb0\x78\xcb\x12\x6e\xc5\xd7"
"\x81\x25\x2c\x27\x37\xab\x2d\x8d\x9a\x03\x7c\x64\x21\xb9\x54\x59\xab\xe2\x03\xbc\xa9\x0a\xfc\x07\xe9\xfb\x71\xc3\x6f\xcd\x2e\xbd"
"\xc7\x61\x72\xf9\x05\x08\x19\x14\xea\x1c\x17\x49\xaa\x12\xaa\xf3\xb0\xb4\x44\xb8\x31\x5a\x9c\x85\x4a\xbb\xab\x50\x54\x17\x74\x46"
"\x23\x68\x86\x82\xf3\xfb\x84\x29\xb0\xa1\x32\x26\x53\xbf\x28\xe2\x48\xb0\x7b\xeb\xe4\x86\xa5\xd3\x23\xde\x1b\xa1\xcb\x04\x37\x49"
"\x44\xad\x60\xf5\xe4\xa8\x8e\xa5\x8d\x0a\x95\x13\x0d\xd8\xe9\xf6\x08\x87\xaf\xcf\x0f\x2c\x3f\x4e\xd6\x7a\x77\x6e\xa9\x06\x2d\x72"
"\x25\xad\xab\xb4\x3f\x48\xbf\x10\x25\xe8\x23\x3b\xed\x7b\xc7\xad\xd9\xe9\xd0\xb8\x9a\x2b\x47\xba\xfa\x6e\xc1\x47\xce\x86\x1e\xa1"
"\x80\x6f\x5f\xc0\xaa\xc0\x35\xaa\xd5\x1d\x03\x80\x7e\xf9\x93\xc5\x16\x35\x37\x4f\xcf\x8b\x66\x94\x77\x3b\x87\xff\x00\xff\xf7\x64"
"\x5b\x68\x0c\x00\x00";
static const ArdAssetChunk Json0[] PROGMEM = {
  {Json0_0,sizeof(Json0_0)-1},
};
#else
static const char Json0_0[] PROGMEM =
"\x1f\x8b\x08\x00\x00\x00\x00\x00\x02\xff\x75\x56\xcd\x6e\xdb\x46\x10\x7e\x95\x81\x4e\x09\xe0\xa8\xd6\xbf\xe4\x1c\x02\xc7\x8e\x11"
"\xa3\x8e\xad\x5a\x4a\x73\x09\x50\xac\xc8\xa5\xb8\x30\xb5\xcb\x72\x97\x12\x54\x42\x40\x9f\xa6\xaf\xd0\x7b\x1f\xa5\x4f\xd2\x99\xe5"
"\x0e\x45\x29\xee\x45\x36\x67\x76\x77\x66\xbe\xf9\xe6\xa7\xea\x94\xea\xb7\xcb\xcb\x5e\xe7\xaa\xf3\x2c\x45\xac\xf4\x1a\xac\x13\xae"
"\xb4\xff\xfe\xf9\x57\xe7\xa2\x56\xf6\x51\x79\xaf\x13\xc3\xdf\x23\xfc\xbe\x95\x5b\x15\x49\x96\x8c\x1b\x09\x68\xb1\x69\xc4\x13\x14"
"\x3f\x48\xe7\x64\x61\x41\xe8\x18\x62\xb5\x56\xce\x42\x52\x98\x0d\x7e\xef\x21\x13\x7a\x5d\x8a\xb5\xbc\x00\x9b\x8b\x48\xda\x0b\x48"
"\xf7\x79\x2a\x75\x7d\xba\xd4\x31\x5e\x8c\x4c\x21\xed\x7b\x28\x73\x70\x06\x06\x7d\xf8\xba\xbc\x7b\x37\x85\xd5\xde\x49\xdb\x85\xeb"
"\xb9\x3f\xf9\xe5\x97\xe5\x12\x0a\x99\x67\xf8\x48\x78\x0a\x76\xca\xa5\xfc\xdc\x7b\x88\x52\x34\x85\xd2\x42\x46\x46\x6b\x19\xb9\x2e"
"\xfb\x38\x45\x1f\x17\x62\xdb\xf8\x3c\xc3\xef\x3b\x11\x39\x53\xec\xf1\xb4\x95\x2e\x28\x7a\x97\xa8\xb8\x11\x3a\x92\x19\x4b\x08\xb4"
"\x6f\xea\xdd\x9d\x02\x3c\x56\xe6\x2c\x26\xb8\x16\x91\xd0\xa0\xa5\xdb\x99\xe2\xc5\xb2\x62\x80\x8a\xeb\xad\x50\x99\x58\x65\xf2\x07"
"\xed\x90\xde\x4f\x8d\xb1\x12\x04\x2b\x59\x47\x88\x2f\x16\xf7\xb7\xfc\x3d\x6e\x2c\xe7\xc2\x5a\x3c\x19\xb3\x86\x20\xff\xb4\xc9\xdd"
"\x1e\x5e\xa4\xcc\x2d\xb8\x14\x11\xc1\xf0\xe2\xe6\x24\x24\xa6\x40\xb1\xb2\x6c\x84\xa1\xe8\x11\x14\x37\x35\x3c\x1e\xd6\x16\x2c\x3d"
"\x82\xe5\x26\x93\xa2\x00\x6f\x37\x88\xfb\x97\x2c\xb6\xb5\xdc\xdf\x43\x02\x15\x98\xe6\xeb\x79\x17\x9e\xd0\x7e\x41\xf0\x38\x64\x16"
"\xc1\xbf\x11\x4a\xb3\xc1\x3e\x01\x88\x29\x6c\xa3\xd7\xef\xd7\xb2\xe0\x5b\x9b\x4e\x7d\xc2\xef\x51\xee\x28\xeb\x67\x61\xf7\x87\xaf"
"\x84\xcd\x67\x3c\x4d\xe8\x1d\x8c\x3c\xcb\xcc\xce\x42\x8b\xaa\x5d\x78\x66\x4a\x80\x48\x90\xa9\x4c\x95\xc6\xc9\x51\x20\x08\xbe\x12"
"\x44\x03\x02\xea\x69\x79\x8d\xa4\x8c\x85\x63\xf7\x06\xb3\x63\x02\x13\x55\x6c\x76\xa2\x60\xd5\x90\x60\x6a\x60\x5f\x19\x81\x59\x20"
"\xa0\x92\x4c\xd8\x14\xab\x60\x6f\x4a\xd7\x85\x4f\x8b\xf9\xb4\x3f\x1e\x5f\x41\x77\xa5\x34\xe0\x69\xfa\xdb\x5d\xff\xe1\x35\x83\xfe"
"\x15\x88\x3c\xcf\x54\x24\x9c\x32\x3a\x9c\xd1\xd9\x9e\xfd\x1c\x12\x98\x77\x67\x76\x09\xcc\xaf\x79\x66\x44\x7c\xea\xeb\x90\xa0\xfc"
"\x19\x91\x82\xdc\xec\x30\x66\xa3\x09\x87\x90\xb7\x1d\x96\x0c\x44\x66\x93\x67\xd2\xc9\xf7\xff\x97\xbc\x21\x85\xfb\xab\xc8\x4a\x7e"
"\x73\x54\x1b\x6b\x59\x19\x91\x95\xcf\xa6\x49\xe0\x68\x18\x2a\x43\xe3\x7b\xc7\xfe\x32\x1a\xf9\xe6\x83\x76\x40\x64\x59\x63\xef\x03"
"\xab\xc7\x75\x02\x4e\xef\x4c\x8e\x5c\xa5\x9e\xe5\xc9\xd7\x52\x9f\xd1\xf5\x43\x2b\xcb\x5b\x25\x88\x9a\xe1\xe4\x98\x7c\x84\x7f\xfe"
"\x86\x6f\x42\xf9\x97\x28\x4d\x8f\x4b\x4e\xf5\x78\xd8\x54\x5a\x82\x85\x2b\x91\x4c\x37\xa9\x8c\x5e\x80\xaa\xf1\xa7\x86\x61\x7c\x9a"
"\x22\x79\x93\xaa\x38\x96\xfa\x2d\xcb\x5e\xef\x8d\x63\x1f\x40\xaa\xb0\xad\xed\xf3\x46\x38\x65\x61\x53\xea\xe3\x59\x1d\x68\xa2\xd6"
"\x65\x21\x03\x65\x82\x6e\x42\xb4\x9a\xa7\x7b\x8b\xa4\xc8\x4e\x35\x44\x86\xa5\x71\x28\x4e\xa5\xe0\xda\x9a\xf8\x0c\x69\xc1\x2d\x88"
"\xc5\x04\xc1\x5d\x21\xe5\xc9\xd9\x61\xe0\xb8\x6f\xa7\x2c\x1c\xf9\x14\x3b\xd5\x84\x31\xf1\xd1\x61\xca\x3d\x9f\xdb\x0a\x8a\xef\x75"
"\x4c\x27\xad\x3e\x23\xb9\x82\x27\x14\xe7\xad\xb2\xd1\x99\x7c\x4a\x31\x3e\x5c\x3f\xc2\x3d\x5f\x9f\x86\xae\x71\x14\x50\x58\x1b\x53"
"\xea\xd6\x2d\x0a\x49\x1b\x07\x67\xe2\xe1\x31\x17\x26\x49\x32\xa5\x4f\xeb\xdf\x01\x8d\x27\x8d\x2d\xe6\x7e\x1e\xba\x01\xf7\xa1\xb3"
"\xae\x30\x1d\x35\x95\x75\xc2\xcb\xe9\xb8\xc5\x4b\x2c\xd3\xcc\x58\xc7\x94\x89\xbd\xe1\xe6\x85\x49\x00\x98\x40\x8b\x81\x3a\x40\xd0"
"\xcc\x28\x9e\xcf\xcb\xe5\x1c\x64\x51\x20\x72\x55\x3d\x90\x0f\xac\x1e\x1e\x8b\xba\x22\x46\x1d\x3c\xf6\x45\x5d\xbe\xbe\xf3\xd5\x96"
"\xb8\x80\x66\xa3\x60\xe9\xf5\xe7\xc8\xe3\x2a\x16\x7b\x7b\x00\xfa\x85\x2a\x35\x65\x81\x1f\x29\x54\x1b\xa5\x4b\x9c\xb3\x07\xc0\x7f"
"\xf0\x1e\x01\x15\xe3\x17\x8f\xac\xd9\x94\x8b\xe3\x0a\xaa\x9d\x4a\xd4\x81\x0a\x89\x86\x31\x7e\x6f\x7e\x77\xee\x50\xb9\xcc\x1e\xaa"
"\x28\x33\xd1\x8b\xd7\xdd\xcf\x51\xa3\xf2\x43\x25\xf2\xc6\x3e\x25\xfe\x21\x2c\x02\xb5\xac\xe7\x7b\xcb\x79\x9e\x6a\x10\xa3\x06\xdb"
"\x00\x57\x6f\x74\x59\xb7\x0f\x1f\x7d\xdc\x5a\x4b\x7a\xa3\xde\x0f\x9a\x0f\xac\xea\xd7\x79\x72\x85\xc9\x2c\x6e\x1a\x4d\x4d\xa0\x7f"
"\x1e\xa6\x03\x1f\x1c\xd4\x63\x9f\xc8\x14\x2b\x8b\x2b\xc6\x1e\xbe\x77\xaa\x44\xc9\x2c\x3e\x7c\xef\x34\x4e\x50\x52\x1e\x6a\x36\xe0"
"\xe0\x59\xcb\x86\x12\x3d\xdf\xde\xee\xf5\x56\x64\x2a\xf6\x2a\x74\x25\x51\x5a\x51\x0c\xb6\xb9\x3f\xf6\x28\x58\x57\xef\x1c\xf8\x2b"
"\xac\xd1\xac\x24\xaa\x7c\xc1\x2b\x9b\x72\x83\xcb\xd3\x49\xa1\xf6\x46\x53\x7f\xb3\x40\x72\x3a\x2f\x87\x15\xc1\x1d\xb4\xbe\xbd\x05"
"\x24\x03\x43\xd0\x43\x56\x0e\x43\x8d\x82\x58\x21\xff\x70\xed\xa8\x13\xee\xeb\x95\xfa\x36\x7b\xe7\xfb\xda\x42\x46\xbe\x03\x9d\xac"
"\x26\x3d\xdf\xde\x9e\x72\xa9\xcf\xe4\xbe\x6e\x5b\xab\x42\xcf\x97\x2d\x71\x83\xbf\x29\x03\xf0\x66\xf9\xb0\x78\xcb\x12\x6e\xc5\xd7"
"\x81\x25\x2c\x27\x37\xab\x2d\x8d\x9a\x03\x7c\x64\x21\xb9\x54\x59\xab\xe2\x03\xbc\xa9\x0a\xfc\x07\xe9\xfb\x71\xc3\x6f\xcd\x2e\xbd"
"\xc7\x61\x72\xf9\x05\x08\x19\x14\xea\x1c\x17\x49\xaa\x12\xaa\xf3\xb0\xb4\x44\xb8\x31\x5a\x9c\x85\x4a\xbb\xab\x50\x54\x17\x74\x46"
"\x23\x68\x86\x82\xf3\xfb\x84\x29\xb0\xa1\x32\x26\x53\xbf\x28\xe2\x48\xb0\x7b\xeb\xe4\x86\xa5\xd3\x23\xde\x1b\xa1\xcb\x04\x37\x49"
"\x44\xad\x60\xf5\xe4\xa8\x8e\xa5\x8d\x0a\x95\x13\x0d\xd8\xe9\xf6\x08\x87\xaf\xcf\x0f\x2c\x3f\x4e\xd6\x7a\x77\x6e\xa9\x06\x2d\x72"
"\x25\xad\xab\xb4\x3f\x48\xbf\x10\x25\xe8\x23\x3b\xed\x7b\xc7\xad\xd9\xe9\xd0\xb8\x9a\x2b\x47\xba\xfa\x6e\xc1\x47\xce\x86\x1e\xa1"
"\x80\x6f\x5f\xc0\xaa\xc0\x35\xaa\xd5\x1d\x03\x80\x7e\xf9\x93\xc5\x16\x35\x37\x4f\xcf\x8b\x66\x94\x77\x3b\x87\xff\x00\xff\xf7\x64"
"\x5b\x68\x0c\x00\x00";
static const ArdAssetChunk Json0[] PROGMEM = {
  {Json0_0,sizeof(Json0_0)-1},
};
#endif
#endif
#elif !ARDPORTAL_ENABLE_OTA && ARDPORTAL_ENABLE_MQTT && ARDPORTAL_ENABLE_CONSOLE
#if ARDPORTAL_CONTROL_PROFILE_FULL
#if ARDPORTAL_ENABLE_MQTT_TLS
static const char Json0_0[] PROGMEM =
"\x1f\x8b\x08\x00\x00\x00\x00\x00\x02\xff\x7d\x57\x5d\x6e\x23\xb9\x11\xbe\x0a\xe1\x20\x80\x17\xf1\xda\x6e\xfd\x6b\xf6\x61\xa0\xb1"
"\xc7\x18\x2f\x3c\xb6\x32\xd2\xec\xbe\x2c\x10\xd0\xdd\x94\x9a\x70\x37\xd9\x4b\xb2\xad\x08\x82\x80\x9c\x26\x57\xc8\x7b\x8e\x92\x93"
"\xa4\xaa\xd8\xd5\xdd\xf2\x3a\x79\x11\xc4\xaf\xd8\x64\xd5\x57\xbf\x3c\x9c\xd5\xfa\x6f\xd7\xd7\xc9\xd9\x87\xb3\x6f\x4a\x66\xda\x6c"
"\x85\x0f\x32\xd4\xfe\x3f\xff\xf8\xe7\xd9\x45\x14\x0e\x40\x78\x6f\x36\x96\xd7\x63\x58\xdf\xaa\x57\x9d\x2a\x46\x26\x2d\x22\x8c\x2c"
"\x5b\x78\x0a\xf0\x83\x0a\x41\x39\x2f\xa4\xc9\x44\xa6\xb7\x3a\x78\xb1\x71\xb6\x84\xf5\x5e\x14\xd2\x6c\x6b\xb9\x55\x17\xc2\x57\x32"
"\x55\xfe\x42\xe4\xfb\x2a\x57\x26\xee\xae\x4d\x06\x1f\xa6\xd6\x29\xff\x93\xa8\x2b\x11\xac\x18\x0e\xc4\xf7\xf5\xdd\x8f\x33\xf1\xbc"
"\x0f\xca\x5f\x8a\xc5\x92\x76\x7e\xfd\xeb\x7a\x2d\x9c\xaa\x0a\x38\xa4\x39\x4a\xec\x74\xc8\xf9\xb8\x9f\x44\x9a\xc3\x55\x80\x3a\x95"
"\x5a\x63\x54\x1a\x2e\x59\xc7\x19\xe8\xb8\x92\xaf\xad\xce\x73\x58\xdf\xc9\x34\x58\xb7\x87\xdd\x5e\x85\x46\x90\x5c\x83\xe0\x46\x9a"
"\x54\x15\x8c\x20\x69\xbf\xea\x1f\xef\xb4\x80\x6d\x75\xc5\x30\xd2\xb5\x4a\xa5\x11\x46\x85\x9d\x75\x2f\x9e\x05\x43\x10\x2c\x5e\xa5"
"\x2e\xe4\x73\xa1\xfe\x20\x1d\xe1\xf9\xb9\xb5\x5e\x09\xc9\x42\x96\x21\xe3\xab\xd5\xfd\x2d\xaf\x27\xed\xcd\x95\xf4\x1e\x76\x66\x2c"
"\x41\xca\x3f\x97\x55\xd8\x8b\x17\xa5\x2a\x2f\x42\x0e\x8c\x80\x79\x59\xbb\x53\x6c\xac\x03\x58\x7b\xbe\x84\xa9\x48\x90\x8a\x9b\x48"
"\x0f\xd1\xda\xa3\x25\x41\x5a\x6e\x0a\x25\x9d\xa0\x7b\x1b\x78\x70\xcd\xb0\x8f\x38\x7d\x07\x01\xe4\xc0\xcd\x8b\xe5\xa5\x78\x82\xfb"
"\x1d\xd2\x13\x20\xb2\x90\xfe\x52\x6a\xc3\x17\x0e\x90\x40\x70\x61\x9f\xbd\xc1\x20\x62\x8d\x6e\xfd\x70\x1a\x20\x7f\x8f\x6a\x87\x5e"
"\x7f\x63\xf6\x60\xf4\x8e\xd9\xbc\x87\xc2\x04\xcf\x01\xcb\x8b\xc2\xee\xbc\xe8\x85\xea\xa5\xf8\xc6\x21\x21\xe4\x06\x22\x95\x43\xa5"
"\x55\x72\xdc\x04\x08\x9c\xc2\x10\xd2\x4f\x31\x77\xa2\x39\x52\xff\xc9\xd9\x17\x38\x43\x66\x19\xc4\x0e\xbb\x76\x80\xc4\xae\x9d\x34"
"\xbe\xb2\x8e\xe3\x69\x80\x8c\xae\x6f\xf8\xcc\x21\x32\xb9\x7e\x58\xf1\x12\xa9\xb9\x59\x88\x54\xb9\xa0\x37\x3a\x95\x41\x89\xf3\xe5"
"\xe7\xaf\x3f\xb0\x7c\x40\x09\xfb\x7b\xad\xe1\x1e\x11\x5c\xed\x03\xb8\xf8\x66\x71\x21\x4a\x19\xd2\x1c\xd3\x38\xb7\x3e\x90\xd5\xe8"
"\x92\xc7\xf5\x52\x04\x0d\xe6\xf2\xf7\xc8\xe5\xb2\xd3\x66\x88\x04\x7e\xf7\xca\xf5\xf8\x1e\x8e\xd9\xcc\x37\x6c\x0f\x27\xff\x87\xed"
"\x2e\xbc\x9e\x89\x8b\xab\x1a\x4e\xbd\x14\x71\x7b\x84\xa0\x0e\x78\x4c\x01\x4f\x89\xcb\x2a\x8d\xd0\xe4\x3b\xed\xca\x9d\x74\xac\xc2"
"\x68\x14\x43\xd2\xdb\xa2\x85\x88\x4c\x5b\xe9\x94\x01\x24\xf2\x17\x59\xd4\xbc\x63\x8c\x54\xae\x94\x61\x75\xc7\x14\x66\x50\x6e\x02"
"\x7e\x25\xd4\xdf\x53\x55\x05\xf1\xa7\xab\xbf\x5c\x36\x81\xf0\x41\xa4\xa5\xc9\xae\xd0\xf4\xab\xd4\x96\x25\x10\x76\x21\xb6\x2a\xbc"
"\x41\xb0\x2e\x9e\x40\xac\xf9\x18\xc9\xfc\x62\x5b\xe2\xc6\xa3\xa6\x02\x18\xf0\x43\x57\x47\xc7\x63\xf2\x19\xc4\x8c\x90\x45\xd1\x26"
"\xc5\x47\x16\x4f\x62\xa0\x9d\x7e\x33\xed\x72\x12\x9d\x4a\x49\xd6\x13\xcf\x4e\xc5\xc8\x67\x4f\xfa\x26\x69\x3f\xf6\x62\xfd\x55\x4b"
"\x4c\xd0\x66\xe7\x04\x2d\x10\xff\xfe\x97\xf8\x55\x6a\x3a\x08\x9d\x08\x31\xc3\xe2\x51\x5b\x6f\x36\x50\xbe\x14\xa4\xd4\x4d\xae\xd2"
"\x17\x81\x35\xe9\xaa\xcd\x33\xde\x8d\x76\x9e\xe7\x3a\xcb\x94\xe1\x78\x9d\xbc\xdf\x21\x26\x64\x5e\xae\xa1\xb8\xef\xab\x16\x9c\x31"
"\xd8\x16\xbc\xc9\x3c\xda\xb9\xd1\xdb\xda\x41\xa0\x6f\x0a\xe9\xf3\x46\x36\x45\x77\x2f\xf3\xbd\x87\x2c\x29\x4e\x25\x09\x85\x4a\x00"
"\x38\x57\x92\xf3\x74\x8a\xa9\xf3\xdd\x48\x2e\xc4\x0c\x23\x05\x77\x4e\xa9\x93\xbd\x68\xf8\xd3\x7a\x11\x9b\x0a\x83\x68\xdf\xf7\x0a"
"\xd3\x89\x11\xb2\x0e\x73\x14\x73\xad\x2f\x40\xfb\xde\xe7\x74\xda\x73\x9d\xe2\x50\x9d\xa2\x9d\xb7\xda\xa7\x6f\xf0\x19\xda\xf8\xb0"
"\x78\x14\xf7\xfc\xf9\xac\xa9\x9d\x1d\x80\x66\x95\xb6\x36\xbd\xaf\xd0\x24\x63\x83\x78\x03\x8f\x3a\x5f\xd8\xcd\xa6\xd0\xe6\xb4\x0a"
"\x06\x81\x4d\xda\x40\xa1\xbd\x5f\x36\x35\x91\xab\xf1\x9b\xda\x38\x9b\xd3\x64\xf0\x2a\x0b\x9d\x89\x34\xa6\xa9\x28\xa1\xf0\x41\x4f"
"\x6f\xb6\xcc\xaf\xbb\x0c\x7e\xe7\xb6\x93\x60\x9f\x27\x9c\xda\x57\xaf\x98\xcf\x90\xb0\x56\x14\xd6\x6c\xf9\xbe\x39\xda\xf8\x65\x0d"
"\xb5\x4c\x39\x07\x6c\x1e\xe2\xa8\x72\x64\x31\xba\xe1\x90\xc9\xbd\x3f\x0a\xfc\x15\x87\xdc\xd6\x0e\x16\xb9\x38\x94\xda\xd4\x30\x32"
"\x1c\x05\xfc\x81\xef\xf0\xfe\x0c\x56\x5c\xa2\xe7\xe8\x28\xaa\x02\x87\x8c\x98\x39\x72\x92\xf3\x86\x19\xa7\xc0\x07\x71\xd8\x41\x49"
"\x3e\x62\xba\x60\xbe\xc1\xba\xfc\x3d\x84\xe3\x21\x14\xfe\x78\x48\x0b\x9b\xbe\x90\xec\x7e\x09\x12\x5d\x1d\x0f\xb2\x6a\x15\x44\xbe"
"\x1e\x9a\xa1\x27\x62\x09\x8d\x5e\x6b\xe9\xa0\xde\x88\xa0\xca\x4a\x39\x30\xc9\xb5\x52\xb4\xf8\xa6\x76\x4e\x99\x77\xc5\xe8\xe1\xaf"
"\x36\x6b\xd7\x23\x9a\x5e\x0c\x78\xbc\xc3\xd0\xb4\x65\xd7\x8e\x12\x1a\x79\x16\xc0\xfd\x2b\x44\x2c\x63\xa8\xd9\xa3\x6d\x7a\x8d\xb6"
"\xa6\xc1\x69\xea\xb9\xff\x26\xbc\xde\x1a\x48\xa3\xf3\x9f\x57\x4f\x8f\x3f\xb0\x2c\xa1\x1e\xb2\x53\x8e\x81\x01\x75\x40\xbd\xcd\x83"
"\xe9\xae\xa3\xb1\xe7\xc6\x16\xe0\x0a\x46\xa8\x3e\x56\x0a\x12\xf9\xfc\xcf\xed\x69\x98\x55\x4f\x3e\xd5\x45\x71\xa2\x00\xa5\x16\x74"
"\xb9\xb4\x0f\xa2\x49\x4f\x95\x6a\xd7\x94\x4b\x05\x8c\x4e\x0c\xa0\x39\x2b\xa8\xf7\xcd\x9a\xe6\x94\xa5\xf5\x1a\x0f\xe9\x5d\x4a\x13"
"\xc8\x5a\x17\xa1\x8f\xa1\x15\x0f\xe0\x45\x5e\x0f\xa9\x5e\x14\x3d\x04\xf5\x5f\xb8\x12\x5a\x2c\x67\x7a\x42\x63\x02\x62\x72\x27\xf7"
"\x8c\x4d\x1a\xcc\x20\x25\x0c\x4e\x63\x8a\x4b\x57\x32\x12\xc7\x03\xbd\xdd\xe2\xe4\x50\xf4\x04\xf3\x2e\x34\xf2\xba\xd4\x99\x86\x16"
"\xda\x29\x1a\x47\x06\x6b\x58\x05\x9a\x19\x6e\x6b\x27\xa3\x91\xbe\xdd\x87\x06\xfd\x62\x8b\xba\x55\x96\xba\x3f\x36\x06\x26\x90\xda"
"\xff\x52\xd6\x2d\x81\xc3\xd8\xab\x20\xd4\x0c\xce\xdd\xcf\xb2\x93\x4c\x22\x3d\x5d\xec\x0c\xa7\x7c\x1a\x94\x49\xcb\x76\x0e\x63\x7d"
"\xa3\x1c\x3a\x8d\x9b\x61\x74\x0e\xcc\x88\x10\xa6\x3b\xa8\x00\x0d\x3e\xa2\x58\x33\x90\xd3\xd0\x1d\xeb\x2a\xeb\x6e\xa0\xd1\xe0\x56"
"\xa5\x4e\x81\x1e\xef\xa4\xc1\x28\xbe\x50\xfe\xb7\x1c\xed\x7d\xda\x6c\x78\x89\xd6\x7e\x51\x92\x55\x1d\x8d\x49\x55\x5b\xf0\x9a\xfc"
"\x56\x07\xcb\x6b\x72\x99\x63\xb7\xd2\x04\x82\x49\x66\x4d\xd1\x62\xf3\x77\x6a\x6a\xec\x91\x5c\xe9\x2c\xcf\xbd\x09\x0d\x28\x30\x08"
"\x10\x05\x59\xef\x21\x95\x8c\x93\x3f\x48\x3e\xb2\x68\x10\x0b\x69\x70\xb6\xf0\xf0\x36\x6a\xfb\x17\x54\x19\xaa\x86\x47\xde\x38\x8c"
"\x0f\x15\x2c\xfc\x30\x68\xc1\xa3\x68\x2f\x7e\x3b\x3b\x6c\xb4\x2a\xb2\xe3\x6f\x67\xad\x12\x23\xf2\x63\x7c\xf2\x55\x50\x8f\xda\x3a"
"\x9c\xd0\xa0\xc2\x65\x1d\x45\xa0\xca\x46\x1b\x4a\x1e\xdf\x7e\x4f\x71\x20\x7d\x88\xaf\x24\x81\xdc\xb7\x09\x4a\x63\xcb\x57\xf8\xa4"
"\xac\x4b\x78\xee\x9d\x34\xd5\x84\x86\x96\x07\x0c\x6b\xf8\x18\x71\xf1\xdc\x4b\xae\x38\xb4\x34\x15\x8f\xa3\xbe\x91\x4d\xae\xb9\x72"
"\x31\x61\x93\x84\x54\x95\x27\x58\x6c\xf0\x2f\xc6\xee\x0c\x0d\x6d\xad\x60\xd8\x39\xc9\x45\x92\xbb\xe8\x8b\x33\x0e\xb4\x6a\x21\x9f"
"\x6d\x0d\xbf\x22\xb6\x0c\x6a\xdb\x38\xdc\xb1\xe1\x34\xde\xac\x54\x4a\x83\xc8\xc9\x3b\x2d\xa1\x29\x07\xeb\xd2\x5b\x1c\xe9\xb8\xcf"
"\x8a\x56\x91\x59\x13\x80\xbd\xeb\xe7\x4d\x0c\x76\x10\x0d\x36\x10\x76\x3d\x24\x89\x91\xc7\xcb\x41\xac\xec\xf9\xc9\x49\xd3\x68\x25"
"\x3c\xb2\x7d\x1f\x1d\x51\x81\x77\xa5\xe4\x28\xa7\x31\xe6\x73\xca\x41\x4e\x33\xcc\xe7\x02\x22\xd5\xf1\x68\x9d\xd0\xf8\xb2\x54\x6e"
"\x83\xdf\x99\x36\x4a\xa7\xac\xbe\xa8\xea\x92\xbd\x4a\xa3\xcb\x17\x28\x74\x10\x2c\x5d\xdf\x4c\x68\x72\xe9\x3d\x19\x13\x1a\x5c\xb0"
"\x6f\xf2\x1a\x8d\x10\xe7\xf0\xf4\xe1\xfa\x30\xe3\x61\x74\xd1\x74\x50\xc6\xd1\x84\x03\x4d\x06\x47\xf1\x89\x41\xb4\xe2\xe0\xbd\xce"
"\x8e\xe2\xfc\xe0\xe0\x0f\xf4\xfe\x4f\x65\x7b\xd6\xa4\x17\xca\x58\x84\xd8\x8b\xf3\xf8\x48\x68\xde\xa5\xf4\x42\x86\x84\x6d\x46\x20"
"\xa8\x78\xf8\xa4\xc1\x11\xa8\x79\xd5\xa6\x29\x34\x34\x51\x59\x6d\x02\xe8\x84\x13\xec\xf1\x02\xf7\x18\x08\x24\x8b\x0e\xa7\x27\x10"
"\xbc\xa7\x64\xc1\x37\xd0\x70\x74\x07\xd3\xb2\xdf\xc3\xe3\x8c\x6b\xfa\x6c\xd6\xc5\x20\xd0\x54\x6f\x20\x74\x21\x92\xb8\x35\xce\xa6"
"\x9d\x38\x53\x3e\x75\xba\xa2\xbe\x77\xfc\x2f\xf3\x45\x08\x01\xa8\x11\x00\x00";
static const ArdAssetChunk Json0[] PROGMEM = {
  {Json0_0,sizeof(Json0_0)-1},
};
#else
static const char Json0_0[] PROGMEM =
"\x1f\x8b\x08\x00\x00\x00\x00\x00\x02\xff\x7d\x57\xdd\x6e\xe3\x36\x16\x7e\x15\x22\x8b\x05\x52\x6c\x26\x89\xfc\xef\xe9\xc5\x20\x93"
"\x4c\x30\x29\x32\x89\x77\xec\x69\x6f\x0a\x2c\x18\x89\xb6\x88\x48\xa4\x96\xa4\xe2\x1a\x86\x81\x7d\x9a\x7d\x85\xde\xf7\x51\xfa\x24"
"\x3d\xe7\x50\x47\x92\xd3\xb4\x37\x86\xf9\x1d\x8a\x3c\x3f\xdf\xf9\xe1\xfe\xa4\xd6\xff\xb9\xbc\x4c\x4e\xde\x9f\x7c\x55\x32\xd3\x66"
"\x23\x7c\x90\xa1\xf6\xbf\xff\xef\xff\x27\x67\x51\x38\x00\xe1\x9d\x59\x5b\x5e\x8f\x61\x7d\xa3\x5e\x74\xaa\x18\x99\xb4\x88\x30\xb2"
"\x6c\xe1\x29\xc0\xf7\x2a\x04\xe5\xbc\x90\x26\x13\x99\xde\xe8\xe0\xc5\xda\xd9\x12\xd6\x3b\x51\x48\xb3\xa9\xe5\x46\x9d\x09\x5f\xc9"
"\x54\xf9\x33\x91\xef\xaa\x5c\x99\xb8\xbb\x36\x19\x7c\x98\x5a\xa7\xfc\xf7\xa2\xae\x44\xb0\x62\x38\x10\xdf\x56\xb7\xef\x66\xe2\x69"
"\x17\x94\x3f\x17\x57\x0b\xda\xf9\xe5\xdf\xab\x95\x70\xaa\x2a\xe0\x90\xe6\x28\xb1\xd5\x21\xe7\xe3\xbe\x17\x69\x0e\x57\x01\xea\x54"
"\x6a\x8d\x51\x69\x38\x67\x1d\x67\xa0\xe3\x52\xbe\xb4\x3a\xcf\x61\x7d\x2b\xd3\x60\xdd\x0e\x76\x7b\x15\x1a\x41\x72\x09\x82\x6b\x69"
"\x52\x55\x30\x82\x4e\xfb\x49\xbf\xbb\xd5\x02\xb6\xd5\x15\xc3\xe8\xae\x65\x2a\x8d\x30\x2a\x6c\xad\x7b\xf6\x2c\x18\x82\xe0\xea\x45"
"\xea\x42\x3e\x15\xea\x4f\xd2\x11\x9e\x9f\x5b\xeb\x95\x90\x2c\x64\x19\x7a\x7c\xb9\xbc\xbb\xe1\xf5\xa4\xbd\xb9\x92\xde\xc3\xce\x8c"
"\x25\xe8\xf2\x4f\x65\x15\x76\xe2\x59\xa9\xca\x8b\x90\x83\x47\xc0\xbc\xac\xdd\x29\xd6\xd6\x01\xac\x3d\x5f\xc2\xae\x48\xd0\x15\xd7"
"\xd1\x3d\xe4\xd6\x9e\x5b\x12\x74\xcb\x75\xa1\xa4\x13\x74\x6f\x03\x0f\x2e\x19\xf6\x11\xa7\xef\x80\x40\x0e\xc2\x7c\xb5\x38\x17\x8f"
"\x70\xbf\x43\xf7\x04\x60\x16\xba\xbf\x94\xda\xf0\x85\x03\x74\x20\x84\xb0\xef\xbd\xc1\x20\x62\x8d\x6e\x7d\x3a\x0d\xd0\x7f\x0f\x6a"
"\x8b\x51\x7f\x65\xf6\x60\xf4\x86\xd9\xbc\x87\x68\x82\xe7\x80\xe5\x45\x61\xb7\x5e\xf4\xa8\x7a\x2e\xbe\x32\x25\x84\x5c\x03\x53\x99"
"\x2a\xad\x92\xe3\x86\x20\x70\x0a\x43\xe8\x7e\xe2\xdc\x91\xe6\xe8\xfa\x8f\xce\x3e\xc3\x19\x32\xcb\x80\x3b\x1c\xda\x21\x2a\xbe\xb0"
"\x8e\xa9\x34\x44\x6d\xbf\x79\xe5\x7a\xc6\x0d\xc7\x7c\xe6\x2b\xd3\x86\x93\xbf\x31\xad\x8b\xe5\x13\x5d\x7c\x51\xc3\xa9\xe7\x22\x6e"
"\x8f\x10\x24\x9d\x47\xbe\x79\xca\x12\xb6\x6a\x84\xae\xbf\xd5\xae\xdc\x4a\xc7\x2a\x8c\x46\x31\xfe\xde\x16\x2d\x84\x94\x58\xd9\x4a"
"\xa7\x0c\x20\x0f\x7e\x94\x45\xcd\x3b\xc6\xc8\x80\xa5\x32\xac\xee\x98\x62\x0a\xb9\x1d\xf0\x2b\xa1\x7e\x49\x55\x15\xc4\x3f\x2e\xfe"
"\x75\xde\x78\xfd\xbd\x48\x4b\x93\x5d\xa0\xe9\x17\xa9\x2d\x4b\x20\xcc\x99\xd8\xa8\xf0\x0a\xc1\x22\x74\x04\xb1\xe6\x63\x74\xe6\x67"
"\xdb\x3a\x6e\x3c\x6a\xd2\xcd\x00\xc3\xba\xa2\x35\x1e\x53\x45\x83\x00\x09\x59\x14\x2d\x03\x3f\xb0\x78\x12\xa3\x7a\xfc\xcd\xb4\x4b"
"\x00\x2c\x84\xc4\xe8\x9e\x78\x76\x2c\x46\x7f\xf6\xa4\xaf\x32\xe4\x43\x8f\x58\x2f\x5a\x62\x36\x34\x3b\x27\x68\x81\xf8\xed\x57\xf1"
"\x93\xd4\x74\x10\x06\xf1\x61\xc5\xec\x9a\x8c\xda\xe4\x5e\x43\xad\x50\xc0\xdf\xeb\x5c\xa5\xcf\x02\x0b\xc0\x45\x4b\x6a\xde\x8d\x76"
"\x9e\xe6\x3a\xcb\x94\xf9\x8e\xb1\xb7\xcb\xf1\x84\xcc\xcb\x35\x54\xd2\x5d\xd5\x82\x33\x06\xdb\xea\x32\x99\x47\x3b\xd7\x7a\x53\x3b"
"\x28\x1c\xeb\x42\xfa\xbc\x91\x4d\x31\xdc\x8b\x7c\xe7\x75\x2a\x8b\x63\x49\x42\x54\x09\x00\xe7\x4a\x72\x52\x4c\x31\x9d\xbf\x19\xc9"
"\x55\x8f\x61\x74\xc1\xad\x53\xea\x68\x2f\x1a\xfe\xb8\xba\x8a\x15\x9c\x41\xb4\xef\x5b\x15\x74\x6b\xc6\x94\xac\x93\x41\x51\xad\xe9"
"\x0b\xd0\xbe\xb7\x7d\x3a\xed\x85\x4e\x31\x55\xa7\x68\xe7\x8d\xf6\xe9\x2b\x7c\x86\x36\xde\x5f\x3d\x88\x3b\xfe\x7c\xd6\x14\xaa\x0e"
"\x40\xb3\x4a\x5b\x9b\xde\x57\x68\x92\xb1\x41\xbc\x82\x47\x5d\x2c\xec\x7a\x5d\x68\x73\x5c\x72\x82\xc0\x8e\x68\xa0\xaa\xdd\x2d\x9a"
"\x02\xc4\xa5\xef\x55\x21\x9a\xcd\xa9\x0d\xbf\xc8\x42\x67\x22\x8d\x69\x2a\x4a\xa8\x32\xd0\x40\x9b\x2d\xf3\xcb\x2e\x83\xdf\xb8\xed"
"\x88\xec\xf3\x84\x53\xfb\xe2\x05\xf3\x19\x12\xd6\x8a\xc2\x9a\x0d\xdf\x37\x47\x1b\x3f\xaf\x56\x0b\xa1\x9c\x03\x6f\xee\xe3\x5c\x70"
"\x60\x31\x86\x61\x9f\xc9\x9d\x3f\x08\xfc\x15\xfb\xdc\xd6\x0e\x16\xb9\xd8\x97\xda\xd4\xd0\x9f\x0f\x02\xfe\xc0\x77\x78\x7f\x06\x2b"
"\xae\x87\x73\x0c\x14\x55\x81\x7d\x46\x9e\x39\x70\x92\xf3\x86\x19\xa7\xc0\x7b\xb1\xdf\xea\xb5\x3e\x60\xba\x60\xbe\xc1\xba\xfc\x6f"
"\x08\x87\x7d\x28\xfc\x61\x9f\x16\x36\x7d\x26\xd9\xdd\x02\x24\xba\x3a\xec\x65\xd5\x2a\x88\xfe\xba\x6f\x26\x8c\x88\x25\x34\xe7\xac"
"\xa4\x83\x7a\x23\x82\x2a\x2b\xe5\xc0\x24\xd7\x4a\xd1\xe2\xeb\xda\x39\x65\xde\x14\x63\x84\xbf\xd8\xac\x5d\x8f\x68\x54\x30\x10\xf1"
"\x0e\x43\xd3\x16\x5d\xed\x4f\x68\xbe\xb8\x02\xdf\xbf\x00\x63\x19\x43\xcd\x1e\x6c\x00\xc3\x52\x19\xb4\x35\x0d\x4e\x23\xc6\xdd\x57"
"\xe1\xf5\xc6\x40\x1a\x9d\xfe\xb0\x7c\x7c\xf8\x8e\x65\x09\xf5\x90\xad\x72\x0c\x0c\xa8\xdd\xe8\x4d\x1e\x4c\x77\x1d\xcd\x18\xd7\xb6"
"\x80\x50\x30\x42\xf5\xb1\x52\x90\xc8\xa7\xff\x6c\x4f\xc3\xac\x7a\xf4\xa9\x2e\x8a\x23\x05\x28\xb5\xb4\x43\xae\x74\x20\x9a\xf4\x58"
"\xa9\x76\x4d\xb9\x54\xc0\x9c\xc2\x00\x9a\xb3\x84\x7a\xdf\xac\x69\x28\x58\x58\xaf\xf1\x90\xde\xa5\xd4\xee\x57\xba\x08\x7d\x0c\xad"
"\xb8\x87\x28\xf2\x7a\x48\xf5\xa2\xe8\x21\xa8\xff\x95\x2b\x45\xde\xd6\xfc\x84\x7a\x32\x62\x72\x2b\x77\x8c\x4d\x1a\xcc\xa0\x4b\x18"
"\x9c\xc6\x14\x97\xae\x64\x84\x3a\x1a\xb8\x6d\x83\x6d\xba\xe8\x09\xe6\x1d\x35\xf2\xba\xd4\x99\x86\x16\xda\x29\x3a\xbc\xa4\x74\x31"
"\xac\xc2\x10\x8d\xb9\xa9\x9d\x8c\x46\xfa\x76\x1f\x1a\xf4\xa3\x2d\xea\x56\x59\xea\xfe\xd8\x18\xd8\x81\xd4\xfe\x17\xb2\x6e\x1d\x38"
"\x8c\xbd\x0a\xa8\x66\x70\xc8\x7d\x92\x9d\x64\x12\xdd\xd3\x71\x67\x38\xe5\xd3\xa0\x4c\x5a\xb6\x73\x18\xeb\x1b\xe5\xd0\x31\x6f\x86"
"\x31\x38\x30\x90\x01\x4d\xb7\x50\x01\x1a\x7c\x44\x5c\x33\x90\xd3\xd0\x1d\xeb\x2a\xeb\x6e\xa0\xd1\xe0\x46\xa5\x4e\x81\x1e\x6f\xa4"
"\xc1\x28\x3e\x07\xfe\x5a\x8e\xf6\x3e\xae\xd7\xbc\x44\x6b\x3f\x2b\xc9\xaa\x8e\xc6\xa4\xaa\x2d\x78\x4d\x71\xab\x83\xe5\x35\x85\xcc"
"\x71\x58\x69\x02\xc1\x24\xb3\xa6\x68\xb1\xf9\x1b\x35\x35\xf6\x48\xae\x74\x96\x87\xcc\x84\x06\x14\x18\x04\xc8\x05\x59\xef\xd5\x92"
"\x8c\x93\x3f\x49\x3e\xb0\x68\x10\x0b\x69\x70\xb6\xf0\xf0\x10\x69\xfb\x17\x54\x19\xaa\x86\x07\xde\x38\x8c\xaf\x02\x2c\xfc\x30\x68"
"\xc1\x0b\x64\x27\x7e\x3e\xd9\xaf\xb5\x2a\xb2\xc3\xcf\x27\xad\x12\x23\x8a\x63\x7c\x5f\x55\x50\x8f\xda\x3a\x9c\xd0\xa0\xc2\x65\x1d"
"\x45\xa0\xca\x5a\x1b\x4a\x1e\xdf\x7e\x4f\x3c\x90\x3e\xc4\x27\x89\x40\xdf\xb7\x09\x4a\x63\xcb\x17\xf8\xa4\xac\x4b\x78\x5b\x1d\x35"
"\xd5\x84\x86\x96\x7b\xa4\x35\x7c\x8c\xb8\x78\xea\x25\x57\x1c\x5a\x9a\x8a\xc7\xac\x6f\x64\x93\x4b\xae\x5c\xec\xb0\x49\x42\xaa\xca"
"\x23\x2c\x36\xf8\x67\x63\xb7\x86\x86\xb6\x56\x30\xec\x82\xe4\xa2\x93\x3b\xf6\xc5\x19\x07\x5a\xb5\x90\x4f\xb6\x86\x5f\x11\x5b\x06"
"\xb5\x6d\x1c\xee\xd8\x70\x1a\x6f\x96\x2a\xa5\x41\xe4\xe8\x51\x94\xd0\x94\x83\x75\xe9\x35\x8e\xee\xb8\xcb\x8a\x56\x91\x59\x43\xc0"
"\xde\xf5\xf3\x86\x83\x1d\x44\x83\x0d\xd0\xae\x87\x24\x91\x79\xbc\x1c\xc4\xca\x9e\x1f\x9d\x34\x8d\x56\xc2\x8b\xd6\xf7\xd1\x11\x15"
"\x78\x57\x4a\x66\x39\x8d\x31\x9f\x52\x26\x39\xcd\x30\x9f\x0a\x60\xaa\xe3\xd1\x3a\xa1\xf1\x65\xa1\xdc\x1a\xbf\x33\x2d\x4b\xa7\xac"
"\xbe\xa8\xea\x92\xa3\x4a\xa3\xcb\x67\x28\x74\x40\x96\xae\x6f\x26\x34\xb9\xf4\xde\x67\x09\x0d\x2e\xd8\x37\x79\x8d\x46\x88\xd3\xd5"
"\xfd\x92\xeb\xc3\x8c\x87\xd1\xab\xa6\x83\x32\x8e\x26\xec\x69\x32\x38\x88\x8f\x0c\xa2\x15\x7b\xef\x75\x76\x10\xa7\x7b\x07\x7f\xa0"
"\xf7\x7f\x2c\xdb\xb3\x26\x3d\x2a\x63\x11\xe2\x28\xce\xe3\x23\xa1\x79\x04\xd2\x73\x14\x12\xb6\x19\x81\xa0\xe2\xe1\x93\x06\x47\xa0"
"\xe6\x09\x99\xc2\xfb\xdd\x8b\xca\x6a\x13\x40\x27\x9c\x60\x0f\x67\xb8\xc7\x00\x91\x2c\x06\x9c\x9e\x40\xf0\x9e\x92\x05\xdf\x40\xc3"
"\xd1\x2d\x4c\xcb\x7e\xe7\xa1\x24\x31\x3a\xeb\x38\x08\x6e\xaa\xd7\x40\x5d\x60\x12\xb7\xc6\xd9\xb4\x13\x67\xca\xa7\x4e\x57\xd4\xf7"
"\x0e\x7f\x00\x3a\x8f\x78\x6b\x15\x11\x00\x00";
static const ArdAssetChunk Json0[] PROGMEM = {
  {Json0_0,sizeof(Json0_0)-1},
};
#endif
#else
#if ARDPORTAL_ENABLE_MQTT_TLS
static const char Json0_0[] PROGMEM =
"\x1f\x8b\x08\x00\x00\x00\x00\x00\x02\xff\x7d\x56\xdb\x6e\xdb\x46\x10\xfd\x95\x81\xfa\xe2\xa0\x8e\x6d\xea\xae\xe4\x21\x50\x94\x18"
"\x31\xe0\x24\x6a\x24\x37\x2f\x01\x8a\x35\xb9\x12\x17\x26\x77\x99\xdd\xa5\x1d\x81\x20\xd0\xaf\xe9\x2f\xf4\xbd\x9f\xd2\x2f\xe9\xcc"
"\x92\x43\x5d\x62\xf4\x45\x10\x67\xf6\x32\x73\xe6\xcc\xd9\xa9\x7a\xa5\xfa\xe3\xea\x2a\xea\xbd\xea\x7d\x91\x22\x51\x7a\x0b\xce\x0b"
"\x5f\xba\x7f\xff\xfc\xab\x77\xde\x38\xfb\xe8\xbc\xd1\x1b\xc3\xdf\x23\xfc\x7e\x27\x1f\x55\x2c\xd9\x32\xee\x2c\xa0\x45\xde\x99\x27"
"\x68\xbe\x95\xde\x4b\xeb\x40\xe8\x04\x12\xb5\x55\xde\xc1\xc6\x9a\x1c\xbf\x77\x90\x09\xbd\x2d\xc5\x56\x9e\x83\x2b\x44\x2c\xdd\x39"
"\xa4\xbb\x22\x95\xba\x59\x5d\xea\x04\x37\xc6\xc6\x4a\xf7\x1a\xca\x02\xbc\x81\x41\x1f\xee\xd6\xd7\x2f\xa7\x70\xbf\xf3\xd2\x5d\xc0"
"\x7c\x19\x56\x7e\xfc\x6d\xbd\x06\x2b\x8b\x0c\x0f\x69\x8f\x82\x27\xe5\x53\x3e\xee\x35\xc4\x29\x5e\x85\x56\x2b\x63\xa3\xb5\x8c\xfd"
"\x05\xc7\x38\xc5\x18\x57\xe2\xb1\x8b\x79\x86\xdf\xd7\x22\xf6\xc6\xee\x70\xb5\x93\xbe\x75\x44\x57\xe8\x58\x08\x1d\xcb\x8c\x2d\x04"
"\xda\x57\xf5\xf2\x5a\x01\x2e\x2b\x0b\x36\x13\x5c\xab\x58\x68\xd0\xd2\x3f\x19\xfb\xe0\xd8\x31\x40\xc7\xfc\x51\xa8\x4c\xdc\x67\xf2"
"\x27\xef\x90\xce\x4f\x8d\x71\x12\x04\x3b\xd9\x47\x88\xaf\x56\x37\xef\xf8\x7b\xdc\xdd\x5c\x08\xe7\x70\x65\xc2\x1e\x82\xfc\x7d\x5e"
"\xf8\x1d\x3c\x48\x59\x38\xf0\x29\x22\x82\xe9\x25\xdd\x4a\xd8\x18\x8b\x66\xe5\xf8\x12\x86\x22\x22\x28\x16\x0d\x3c\x01\xd6\x03\x58"
"\x22\x82\x65\x91\x49\x61\x21\xdc\xdb\x9a\xfb\x57\x6c\x76\x8d\x3d\xec\x43\x02\x59\x2c\xf3\x7c\x79\x01\x9f\xf1\x7e\x4b\xf0\x78\x64"
"\x16\xc1\x9f\x0b\xa5\xf9\xc2\x3e\x01\x88\x25\x3c\x44\xaf\xdf\x6f\x6c\x6d\x6c\x87\x74\xea\x13\x7e\x9f\xe4\x13\x55\xfd\x24\xed\xfe"
"\xf0\x99\xb4\x79\x4d\xa0\x09\x9d\x83\x99\x67\x99\x79\x72\x70\x40\xd5\x0b\xf8\xc2\x94\x00\xb1\x41\xa6\x32\x55\xba\x20\x47\x2d\x41"
"\xf0\x14\x36\x11\xfc\x81\x73\x47\x91\x13\xf4\x6f\xad\x79\xc0\x33\x44\x92\x20\x77\xb8\xb4\x7d\x02\x76\x6d\x85\x76\x85\xb1\xcc\xa7"
"\x3e\x21\xba\x5e\xf0\x99\x03\x42\x72\x7d\xbb\xe2\x4f\x82\x66\x31\x87\x58\x5a\xaf\x36\x2a\x16\x5e\xc2\xd9\xf2\xfd\xc7\x17\xec\xef"
"\x87\x86\xfd\x5e\x2a\xbc\x07\xbc\x2d\x9d\xc7\x12\x2f\xe6\xe7\x90\x0b\x1f\xa7\xd4\xc6\xa9\x71\x3e\x64\x4d\x25\xf9\xb4\x5e\x82\x57"
"\x98\x2e\xef\x27\x2c\x97\xfb\x68\x06\x04\xe0\x9d\x93\xf6\x00\xef\xc1\x88\xd3\x3c\x41\x7b\x30\xfe\x1f\xb4\xf7\xf4\xba\x0f\x58\x5c"
"\x96\x78\xea\x05\x34\xcb\x1b\x13\xea\x80\xa3\x16\x70\xa1\x71\x39\xa4\x21\xa5\x7c\xad\x6c\xfe\x24\x2c\x87\x30\x1c\x36\x94\x74\x26"
"\xeb\x4c\x01\x4c\x53\xa8\x98\x0d\x04\xe4\xef\x22\x2b\x79\xc5\x88\xa0\x5c\x49\xcd\xe1\x8e\x02\xcd\x50\x6e\x3c\xed\x02\xf9\x23\x96"
"\x85\x87\x5f\x2e\x7f\xbd\x68\x89\xf0\x0a\xe2\x5c\x27\x97\x94\xfa\x65\x6c\xf2\x1c\x01\x3b\x87\xad\xf4\x27\x16\xd2\xc5\x23\x13\x47"
"\x3e\x22\x30\x3f\x98\x0e\xb8\xd1\xb0\x55\x00\x8d\x75\xd8\xeb\xe8\x68\x14\x6a\x86\x9c\x01\x91\x65\x5d\x53\xbc\x61\xf7\xb8\x21\xda"
"\xf1\x9e\xc9\xbe\x27\xa9\xa8\xa1\xc9\x0e\xdc\xd3\x63\x37\xe1\x79\xe0\x3d\x69\xda\x37\x07\x5c\x7f\x54\x82\x1a\xb4\x5d\x39\xa6\x0c"
"\xe0\x9f\xbf\xe1\xab\x50\xe1\x20\x2a\x22\x72\x86\xdd\xc3\x4e\x6f\x36\x28\x5f\x12\x5b\x6a\x91\xca\xf8\x01\x48\x93\x2e\xbb\x3e\xe3"
"\xd5\x94\xe7\x59\xaa\x92\x44\x6a\xe6\xeb\xf8\xf9\x17\x62\x1c\xd2\x4b\x15\x8a\xfb\xae\xe8\x8c\x53\x36\x76\x82\x37\x9e\x35\x79\x6e"
"\xd4\xb6\xb4\x48\xf4\x4d\x26\x5c\xda\xfa\x26\x54\xee\x65\xba\x73\xd8\x25\xd9\xb1\x27\x0a\x54\xf1\x68\x4e\xa5\xe0\x3e\x9d\x50\xeb"
"\xdc\x69\xc1\x42\xcc\x66\x82\xe0\xda\x4a\x79\xb4\x96\x12\xff\xbc\x9e\x37\x8f\x0a\x1b\x29\xbf\xbb\x82\xda\x89\x2d\x21\x3b\xea\x51"
"\xea\xb5\x43\x07\xe5\xf7\x3c\xa6\x93\x83\xd2\x49\xa6\xea\x84\xf2\x7c\xa7\x5c\x7c\x62\x9f\x52\x8e\xb7\xf3\x4f\x70\xc3\xdb\xa7\xad"
"\x76\xee\x0d\x94\x56\x6e\x4a\x7d\xb0\x8b\x52\xd2\xc6\xc3\x89\x79\xb8\xaf\x85\xd9\x6c\x32\xa5\x8f\x55\xd0\x03\x3d\xd2\x1a\x85\xf6"
"\x66\xd9\x6a\x22\xab\xf1\x89\x36\x4e\x67\x61\x32\x78\x14\x99\x4a\x20\x6e\xda\x14\x72\x14\x3e\x7c\xd3\xdb\x25\xb3\xab\x7d\x07\x3f"
"\x73\xdb\x11\xd9\x67\x11\xb7\xf6\xe5\x23\xf5\x33\x36\xac\x81\xcc\xe8\x2d\xdf\x37\xa3\x1c\x3f\xac\x51\xcb\xa4\xb5\x88\x66\xd5\x8c"
"\x2a\x35\xbb\xa9\x0c\x55\x22\x76\xae\x06\xfa\x85\x2a\x35\xa5\xc5\x8f\x14\xaa\x5c\xe9\x12\x47\x86\x1a\xf0\x0f\xee\xa3\xfb\x13\xfc"
"\x62\x89\x9e\x51\xa1\x82\x0a\x54\x49\x40\xa6\xe6\x26\xe7\x05\x53\x6e\x81\x57\x50\x3d\xa1\x24\xd7\xd4\x2e\xd4\x6f\xf8\x9d\x7f\xf7"
"\xbe\xae\x7c\xe6\xea\x2a\xce\x4c\xfc\x10\x7c\x37\x4b\xf4\xa8\xa2\xae\x44\xd1\x05\x48\x78\xdd\xb6\x43\x4f\x63\x8b\x82\x7c\x9d\x56"
"\xa3\xe9\x2e\xc6\xc8\xf0\x8b\x19\x05\x69\x43\x09\xa1\x07\x16\x92\x83\x11\x2c\x1a\x45\x3f\x79\xde\xb0\xab\xdf\x94\xc0\x5b\x93\x39"
"\x9c\xaa\x3a\xe6\x63\x7c\x01\xc7\x9a\x17\x0e\x9a\x11\x87\x28\x83\x12\x8d\xe3\xd4\x0e\xbe\xf5\xaa\x8d\x92\x59\x52\x7f\xeb\x75\x41"
"\x10\x7f\x6e\x4d\x33\x2c\x16\x98\x49\x57\xc1\x28\x48\x1c\x13\x82\x5c\x18\xca\x46\x69\x45\x39\xb8\x6e\xff\x38\xa0\xe0\x7c\x33\x5f"
"\xe1\xaf\x70\x46\xb3\x93\x0a\xf1\x11\xb7\xe4\x65\x8e\x83\xe2\x51\x3b\x46\x41\xee\x6e\x85\x45\x0a\xfa\x60\x87\x7b\x82\xbb\xf5\x06"
"\x11\x6b\x91\xb4\x0d\x12\x18\x21\x3b\x87\x6d\x27\x82\xb8\x37\x25\xfe\x42\xc3\x88\xd0\x95\xa4\xdd\x1c\x5d\x50\xaf\x95\x8c\x83\xce"
"\x1c\x8d\x61\x51\x10\xb1\xcf\x85\xd4\x27\xf6\xd0\x9d\x07\x63\x51\x14\x9a\x93\xb8\xc1\xdf\x54\x01\x38\xc3\xe7\xfd\x05\x5b\x58\x70"
"\xe7\x2d\x4b\xd8\x4e\x61\x56\x81\xfd\x35\xbc\x65\x23\x85\x54\x39\xa7\x92\x1a\xce\x2a\x8b\x7f\x90\xdf\x6f\x73\x3e\x6b\xd6\xbc\x77"
"\xed\x88\x15\x86\x3d\x64\x50\xdb\xcd\x38\x34\xd3\xeb\x4c\xdd\xdc\x0e\x68\x31\x4e\xc7\x0e\x0a\xa3\xb4\xc7\xab\x49\x8c\xeb\x73\x5a"
"\xa3\x11\x34\x43\xc9\x85\xd7\x1c\x47\x03\x91\x31\x26\xa1\xcf\xaf\x51\xf8\xdd\x0e\xe7\x8c\x9c\xad\xd3\x3d\xde\xd8\x29\xe5\x06\xa7"
"\x66\x44\xcd\xb2\x7b\xb2\x77\x27\xd2\xc5\x56\x15\x44\x83\x5e\xfd\x1f\x5c\xc1\x83\x84\x73\x0c\x00\x00";
static const ArdAssetChunk Json0[] PROGMEM = {
  {Json0_0,sizeof(Json0_0)-1},
};
#else
static const char Json0_0[] PROGMEM =
"\x1f\x8b\x08\x00\x00\x00\x00\x00\x02\xff\x7d\x56\xdb\x6e\xdb\x46\x10\xfd\x95\x81\xfa\x92\xa0\x8e\x6d\xea\xae\xe4\xc1\xb0\x9d\x1a"
"\x31\xe0\x24\x6a\x24\x37\x2f\x01\x8a\x35\xb9\x12\x17\x26\x77\xd9\xdd\xa5\x1d\x81\x20\xd0\xaf\xe9\x2f\xf4\xbd\x9f\xd2\x2f\xe9\xcc"
"\x92\x43\x51\x8a\xd1\x17\x41\x9c\xd9\xcb\xcc\x99\x33\x67\xa7\x1a\x94\xea\xf7\xf3\xf3\x68\xf0\x76\xf0\x45\x8a\x44\xe9\x2d\x38\x2f"
"\x7c\xe9\xfe\xfd\xf3\xaf\xc1\x49\xe3\x1c\xa2\xf3\x56\x6f\x0c\x7f\x4f\xf0\xfb\xbd\x7c\x52\xb1\x64\xcb\xb4\xb3\x80\x16\x79\x67\x9e"
"\xa1\xf9\x4e\x7a\x2f\xad\x03\xa1\x13\x48\xd4\x56\x79\x07\x1b\x6b\x72\xfc\xde\x41\x26\xf4\xb6\x14\x5b\x79\x02\xae\x10\xb1\x74\x27"
"\x90\xee\x8a\x54\xea\x66\x75\xa9\x13\xdc\x18\x1b\x2b\xdd\x3b\x28\x0b\xf0\x06\x46\x43\xb8\x5f\xdf\xbc\x99\xc3\xc3\xce\x4b\x77\x0a"
"\x97\xcb\xb0\xf2\xe3\xaf\xeb\x35\x58\x59\x64\x78\x48\x7b\x14\x3c\x2b\x9f\xf2\x71\xef\x20\x4e\xf1\x2a\xb4\x5a\x19\x1b\xad\x65\xec"
"\x4f\x39\xc6\x39\xc6\xb8\x12\x4f\x5d\xcc\x0b\xfc\xbe\x11\xb1\x37\x76\x87\xab\x9d\xf4\xad\x23\x3a\x47\xc7\xb5\xd0\xb1\xcc\xd8\x42"
"\xa0\x7d\x55\x6f\x6e\x14\xe0\xb2\xb2\x60\x33\xc1\xb5\x8a\x85\x06\x2d\xfd\xb3\xb1\x8f\x8e\x1d\x23\x74\x5c\x3e\x09\x95\x89\x87\x4c"
"\xfe\xe0\x1d\xd3\xf9\xa9\x31\x4e\x82\x60\x27\xfb\x08\xf1\xd5\xea\xf6\x3d\x7f\x4f\xbb\x9b\x0b\xe1\x1c\xae\x4c\xd8\x43\x90\xff\x92"
"\x17\x7e\x07\x8f\x52\x16\x0e\x7c\x8a\x88\x60\x7a\x49\xb7\x12\x36\xc6\xa2\x59\x39\xbe\x84\xa1\x88\x08\x8a\xeb\x06\x9e\x00\x6b\x0f"
"\x96\x88\x60\xb9\xce\xa4\xb0\x10\xee\x6d\xcd\xc3\x73\x36\xbb\xc6\x1e\xf6\x21\x81\x2c\x96\xf9\x72\x79\x0a\x9f\xf1\x7e\x4b\xf0\x78"
"\x64\x16\xc1\x9f\x0b\xa5\xf9\xc2\x21\x01\x88\x25\xec\xa3\x37\x1c\x36\xb6\x36\xb6\x3e\x9d\x86\x84\xdf\x27\xf9\x4c\x55\x3f\x4a\x7b"
"\x38\x7e\x21\x6d\x5e\x13\x68\x42\xe7\x60\xe6\x59\x66\x9e\x1d\xf4\xa8\x7a\x0a\x5f\x98\x12\x20\x36\xc8\x54\xa6\x4a\x17\xe4\xa4\x25"
"\x08\x9e\xc2\x26\x82\x3f\x70\xee\x20\x72\x82\xfe\xca\x9a\x47\x3c\x43\x24\x09\x72\x87\x4b\x3b\xa2\xc0\x97\xc6\x32\x95\x46\x14\xed"
"\xbd\x93\xb6\x97\xdc\x68\xc2\x67\x1e\xa5\x36\x9a\xfe\x4f\x6a\xfb\x5a\x3e\x84\x8b\xcf\x4a\x3c\xf5\x14\x9a\xe5\x8d\x09\x9b\xce\x11"
"\xdf\x5c\xe8\x12\xce\x6a\x4c\xd0\xdf\x28\x9b\x3f\x0b\xcb\x21\x8c\xc7\x4d\xfd\x9d\xc9\x3a\x13\x51\x62\x6d\x0a\x15\xb3\x81\x78\xf0"
"\x9b\xc8\x4a\x5e\x31\x21\x06\xac\xa4\xe6\x70\x27\xa1\xa6\xd8\xdb\x9e\x76\x81\xfc\x1e\xcb\xc2\xc3\x4f\x67\x3f\x9f\xb6\xa8\xbf\x85"
"\x38\xd7\xc9\x19\xa5\x7e\x16\x9b\x3c\x47\xc2\x9c\xc0\x56\xfa\x23\x0b\x89\xd0\x81\x89\x23\x9f\x10\x98\x1f\x4c\x07\xdc\x64\xdc\xb6"
"\x9b\x46\x86\xed\x45\x6b\x32\x09\x8a\x86\x05\x02\x91\x65\x1d\x03\x2f\xd8\x3d\x6d\xaa\x7a\xb8\x67\xb6\x6f\x00\x12\xc2\xc0\xe8\x9e"
"\x7b\x7e\xe8\x26\x3c\x7b\xde\xa3\x0e\xb9\xe8\x11\xeb\x49\x09\xea\x86\x76\xe5\x94\x32\x80\x7f\xfe\x86\xaf\x42\x85\x83\xa8\x88\x9f"
"\xd6\xcc\xae\xe9\xb8\x6b\xee\x0d\x6a\x85\x44\xfe\x5e\xa7\x32\x7e\x04\x12\x80\xb3\x8e\xd4\xbc\x9a\xf2\x7c\x95\xaa\x24\x91\xfa\x35"
"\xdb\x5e\x96\xe3\x69\x48\x2f\x55\xa8\xa4\xbb\xa2\x33\xce\xd9\xd8\xa9\xcb\x74\xd1\xe4\xb9\x51\xdb\xd2\xa2\x70\x6c\x32\xe1\xd2\xd6"
"\x37\xa3\x72\x2f\xd3\x9d\x53\xb1\xc8\x0e\x3d\x51\xa0\x8a\x47\x73\x2a\x05\x37\xc5\x8c\xda\xf9\x5e\x0b\x56\x3d\x36\x13\x04\x37\x56"
"\xca\x83\xb5\x94\xf8\xe7\xf5\x65\xa3\xe0\x6c\xa4\xfc\xee\x0b\xaf\xba\x34\x66\x21\x3b\xe1\x65\xd0\x9a\xbe\x83\xf2\x7b\x19\xd3\x59"
"\xaf\x74\x92\xa9\x3a\xa3\x3c\xdf\x2b\x17\x1f\xd9\xe7\x94\xe3\xdd\xe5\x27\xb8\xe5\xed\xf3\x56\xa8\xf6\x06\x4a\x2b\x37\xa5\xee\xed"
"\xa2\x94\xb4\xf1\x70\x64\x1e\xef\x6b\x61\x36\x9b\x4c\xe9\x43\xc9\xf1\x40\x2f\xa2\x46\x55\xbb\x5d\xb6\x02\xc4\xd2\x77\x24\x44\xf3"
"\x45\x78\x86\x9f\x44\xa6\x12\x88\x9b\x36\x85\x1c\x55\x06\x1f\xd0\x76\xc9\xe2\x7c\xdf\xc1\x2f\xdc\x76\x40\xf6\x45\xc4\xad\x7d\xf6"
"\x44\xfd\x8c\x0d\x6b\x20\x33\x7a\xcb\xf7\x2d\x28\xc7\x0f\xeb\xf5\x12\xa4\xb5\x88\x66\xd5\xcc\x05\x35\xbb\xa9\x0c\x55\x22\x76\xae"
"\x06\xfa\x85\x2a\x35\xa5\xc5\x8f\x14\xaa\x5c\xe9\x12\xdf\xe7\x1a\xf0\x0f\xee\xa3\xfb\x13\xfc\x62\x3d\x5c\x50\xa1\x82\x0a\x54\x49"
"\x40\xa6\xe6\x26\xe7\x05\x73\x6e\x81\xb7\x50\x3d\xab\x8d\xaa\xa9\x5d\xa8\xdf\xf0\x3b\xff\xc3\xfb\xba\xf2\x99\xab\xab\x38\x33\xf1"
"\x63\xf0\xdd\x2e\xd1\xa3\x8a\xba\x12\x45\x17\x20\xe1\x75\xd7\x4e\x18\x8d\x2d\x0a\xf2\x75\x5c\x8d\xa6\xbb\x18\x23\xc3\xcf\x53\x14"
"\xa4\x0d\x25\x84\x5e\x33\x48\x7a\xf3\x4e\x34\x89\x7e\xf0\x5c\xb0\x6b\xd8\x94\xc0\x5b\x93\x39\x1c\x61\x3a\xe6\x63\x7c\x01\xc7\x9a"
"\x17\x8e\x9a\x79\x82\x28\x83\x12\x8d\xb3\xcb\x0e\xbe\x0d\xaa\x8d\x92\x59\x52\x7f\x1b\x74\x41\x10\x7f\xee\x4c\x33\x99\x15\x98\x49"
"\x57\xc1\x28\x48\x1c\x13\x82\x5c\x18\xca\x46\x69\x45\x39\xb8\x6e\xff\x34\xa0\xe0\x7c\x33\xcc\xe0\xaf\x70\x46\xb3\x93\x0a\xf1\x11"
"\xb7\xe4\x65\x8e\x53\xd9\x41\x3b\x46\x41\xee\xee\x84\x45\x0a\xfa\x60\x87\x07\x82\xbb\xf5\x06\x11\x6b\x91\xb4\x0d\x12\x18\x21\x3b"
"\xc7\x6d\x27\x82\x78\x30\x25\xfe\x42\xc3\x88\xd0\x95\xa4\xdd\x1c\x5d\x50\xaf\x95\x8c\x83\xce\x1c\xcc\x3c\x51\x10\xb1\xcf\x85\xd4"
"\x47\xf6\xd0\x9d\xbd\x19\x24\x0a\xcd\x49\xdc\xe0\x6f\xaa\x00\xbc\x5a\xdf\xad\x5e\xb3\x85\x05\xf7\xb2\x65\x09\xdb\x29\xcc\x2a\xb0"
"\xbf\x86\x2b\x36\x52\x48\x95\x73\x2a\xa9\xe1\x55\x65\xf1\x0f\xf2\xfb\x2a\xe7\xb3\x16\xcd\x7b\xd7\xce\x33\x61\xb2\x42\x06\xb5\xdd"
"\x8c\x13\x2a\xbd\xce\xd4\xcd\xed\x34\x14\xe3\x28\xea\xa0\x30\x4a\x7b\xbc\x9a\xc4\xb8\x3e\xa1\x35\x1a\x41\x33\x94\x5c\x78\xcd\x71"
"\x34\x10\x19\x63\x12\xfa\xfc\x06\x85\xdf\xed\x9c\x97\x39\x5b\xe7\x7b\xbc\xb1\x53\xca\x0d\x8e\xa8\x88\x9a\x65\xf7\x6c\xef\x4e\xa4"
"\x8b\xad\x2a\x88\x06\x83\xfa\x3f\xa5\xa7\x98\xf3\xe0\x0b\x00\x00";
static const ArdAssetChunk Json0[] PROGMEM = {
  {Json0_0,sizeof(Json0_0)-1},
};
#endif
#endif
#elif !ARDPORTAL_ENABLE_OTA && ARDPORTAL_ENABLE_MQTT && !ARDPORTAL_ENABLE_CONSOLE
#if ARDPORTAL_CONTROL_PROFILE_FULL
#if ARDPORTAL_ENABLE_MQTT_TLS
static const char Json0_0[] PROGMEM =
"\x1f\x8b\x08\x00\x00\x00\x00\x00\x02\xff\x7d\x57\xdb\x6e\xe3\x36\x10\xfd\x15\x22\x40\x81\x14\x48\xd3\xc8\xf7\xb4\x0f\x0b\xaf\xb3"
"\xc1\xa6\xc8\x26\xee\xda\xdb\xbe\x14\x28\x18\x89\xb6\x88\x48\xa4\x4a\x52\x31\x0c\xc3\x40\xbf\xa6\xbf\xd0\xf7\x7e\x4a\xbf\xa4\x33"
"\x43\x8d\x24\xa7\x69\x5f\x0c\xf3\x0c\x45\xce\xe5\xcc\x85\x87\xb3\x5a\xff\x7a\x75\x95\x9c\x7d\x77\xf6\x59\xc9\x4c\x9b\xad\xf0\x41"
"\x86\xda\xff\xfd\xfb\x1f\x67\x17\x51\x38\x00\xe1\x9d\xd9\x58\x5e\x8f\x61\x7d\xa3\x5e\x74\xaa\x18\x99\xb4\x88\x30\xb2\x6c\xe1\x29"
"\xc0\xf7\x2a\x04\xe5\xbc\x90\x26\x13\x99\xde\xea\xe0\xc5\xc6\xd9\x12\xd6\x7b\x51\x48\xb3\xad\xe5\x56\x5d\x08\x5f\xc9\x54\xf9\x0b"
"\x91\xef\xab\x5c\x99\xb8\xbb\x36\x19\x7c\x98\x5a\xa7\xfc\xf7\xa2\xae\x44\xb0\x62\x38\x10\x5f\xd6\xb7\xdf\xcc\xc4\xd3\x3e\x28\x7f"
"\x29\xe6\x4b\xda\xf9\xe9\xc7\xf5\x5a\x38\x55\x15\x70\x48\x73\x94\xd8\xe9\x90\xf3\x71\xdf\x8b\x34\x87\xab\x00\x75\x2a\xb5\xc6\xa8"
"\x34\x5c\xb2\x8e\x33\xd0\x71\x25\x5f\x5a\x9d\xaf\x61\x7d\x2b\xd3\x60\xdd\x1e\x76\x7b\x15\x1a\x41\x72\x05\x82\x85\x34\xa9\x2a\x18"
"\x41\xa7\xfd\xac\xbf\xb9\xd5\x02\xb6\xd5\x15\xc3\xe8\xae\x55\x2a\x8d\x30\x2a\xec\xac\x7b\xf6\x2c\x18\x82\x60\xfe\x22\x75\x21\x9f"
"\x0a\xf5\x2f\xe9\x08\xcf\xcf\xad\xf5\x4a\x48\x16\xb2\x0c\x3d\xbe\x5a\xdd\xdd\xf0\x7a\xd2\xde\x5c\x49\xef\x61\x67\xc6\x12\x74\xf9"
"\x87\xb2\x0a\x7b\xf1\xac\x54\xe5\x45\xc8\xc1\x23\x60\x5e\xd6\xee\x14\x1b\xeb\x00\xd6\x9e\x2f\x61\x57\x24\xe8\x8a\x45\x74\x0f\xb9"
"\xb5\xe7\x96\x04\xdd\xb2\x28\x94\x74\x82\xee\x6d\xe0\xc1\x15\xc3\x3e\xe2\xf4\x1d\x10\xc8\x41\x98\xe7\xcb\x4b\xf1\x08\xf7\x3b\x74"
"\x4f\x00\x66\xa1\xfb\x4b\xa9\x0d\x5f\x38\x40\x07\x42\x08\xfb\xde\x1b\x0c\x22\xd6\xe8\xd6\xa7\xd3\x00\xfd\xf7\xa0\x76\x18\xf5\x57"
"\x66\x0f\x46\x6f\x98\xcd\x7b\x88\x26\x78\x0e\x58\x5e\x14\x76\xe7\x45\x8f\xaa\x97\xe2\x33\x53\x42\xc8\x0d\x30\x95\xa9\xd2\x2a\x39"
"\x6e\x08\x02\xa7\x30\x84\xee\x27\xce\x9d\x68\x8e\xae\x7f\xef\xec\x33\x9c\x21\xb3\x0c\xb8\xc3\xa1\x1d\xa0\x63\xd7\x4e\x1a\x5f\x59"
"\xc7\x7c\x1a\xa0\x47\xd7\x0b\x3e\x73\x88\x9e\x5c\xdf\xaf\x78\x89\xae\x59\xcc\x45\xaa\x5c\xd0\x1b\x9d\xca\xa0\xc4\xf9\xf2\xc3\xa7"
"\xaf\x59\x3e\xa0\x84\xfd\xad\xd6\x70\x8f\x08\xae\xf6\x01\x42\xbc\x98\x5f\x88\x52\x86\x34\xc7\x34\xce\xad\x0f\x64\x35\x86\xe4\x61"
"\xbd\x14\x41\x83\xb9\xfc\x3d\xfa\x72\xd9\x69\x33\x44\x07\x7e\xf1\xca\xf5\xfc\x3d\x1c\xb3\x99\xaf\xbc\x3d\x9c\xfc\x8f\xb7\x3b\x7a"
"\x3d\x91\x2f\xbe\xad\xe1\xd4\x4b\x11\xb7\x47\x08\xea\x80\xc7\x14\xf0\x94\xb8\xac\xd2\x08\x4d\xbe\xd5\xae\xdc\x49\xc7\x2a\x8c\xd0"
"\x49\x3f\xc9\xa2\x66\x60\x8c\x6e\x5a\x29\xc3\xaa\x8c\xd1\x8e\x8f\xb6\xd5\x79\x3c\x6a\x92\xcf\x80\x0b\xba\x12\x36\x1e\x93\xbb\x20"
"\x5c\x42\x16\x45\xcb\xc7\x77\x2c\x9e\xc4\x18\x9f\x7e\x33\xed\xd2\x01\xfd\x49\xfc\xee\x89\x67\xa7\x62\x34\xa5\x27\x7d\x95\x2f\xef"
"\x7a\x34\x7b\xd1\x12\x73\xa3\xd9\x39\x41\x0b\xc4\x5f\x7f\x8a\x9f\xa5\xa6\x83\xd0\x7f\x10\x2e\x16\x8f\xda\x54\xdf\x40\xe5\x50\xc0"
"\xe6\x45\xae\xd2\x67\x81\xe5\xe0\xdb\x96\xe2\xbc\x1b\xed\x3c\xcf\x75\x96\x29\xc3\x54\x99\xbc\x5d\x9c\x27\x64\x5e\xae\xa1\xae\xee"
"\xab\x16\x9c\x31\xd8\xd6\x9a\xc9\x75\xb4\x73\xa3\xb7\xb5\x03\x8e\x6d\x0a\xe9\xf3\x46\x36\xc5\x68\x2c\xf3\xbd\x07\x82\x16\xa7\x12"
"\x0c\xe6\xda\x06\x80\x73\x25\x39\x45\xa6\xc8\xda\x2f\x46\x72\x0d\x64\x18\x5d\x70\xeb\x94\x3a\xd9\x8b\x86\x3f\xae\xe7\xb1\x9e\x33"
"\x88\xf6\x7d\xa9\x90\xc9\x8c\x90\x75\x98\x1e\x48\xf3\xbe\x00\xed\x7b\xdb\xa7\xd3\x5e\xe8\x14\x33\x69\x8a\x76\xde\x68\x9f\xbe\xc2"
"\x67\x68\xe3\xfd\xfc\x41\xdc\xf1\xe7\xb3\xa6\x6c\x75\x00\x9a\x55\xda\xda\xf4\xbe\x42\x93\x8c\x0d\xe2\x15\x3c\xea\x62\x61\x37\x9b"
"\x42\x9b\xd3\x02\x14\x04\xf6\x47\x03\x35\xee\x6e\xd9\x94\x23\x2e\x84\xaf\xca\xd2\x35\xde\xf9\x71\x0d\x69\xad\x9c\x03\xeb\x0e\xb1"
"\x6b\x1f\x59\x8c\x6e\x39\x64\x72\xef\x8f\x02\x7f\xc5\x21\xb7\xb5\x83\x45\x2e\x0e\xa5\x36\x35\x74\xcf\xa3\x80\x3f\xf0\x1d\xde\x9e"
"\xc1\x8a\xab\xd5\xf5\x8c\x19\xf7\x9d\x38\xec\xa0\xf8\x1c\x91\x9d\x48\x6f\x58\x97\xbf\x85\x70\x3c\x84\xc2\x1f\x0f\x69\x61\xd3\x67"
"\x92\xdd\x2d\x41\xa2\xab\xe3\x41\x56\xed\xfd\xe8\xcd\xfb\xa6\xbd\x47\x2c\xa1\x21\x63\x2d\xdd\x16\xb2\x30\xa8\xb2\x52\x0e\x34\x76"
"\xad\x14\x0d\x5a\xd4\xce\x29\xf3\xa6\x18\x1d\xfa\xc9\x66\xed\x7a\x44\x7d\xda\x80\x83\x3b\x0c\x43\xbe\xec\x0a\x6f\x42\xcd\x7d\x0e"
"\xf9\xf9\x02\x04\x61\x0c\x35\x7b\xb0\x4d\x55\xd5\xd6\x34\x38\xf5\xf7\xbb\xcf\xc2\xeb\xad\x01\xd6\x9e\xff\xb0\x7a\x7c\xf8\x9a\x65"
"\x09\x55\xcb\x9d\x72\x0c\x0c\xa8\xd6\xeb\x6d\x1e\x4c\x77\x1d\x35\xf8\x85\x2d\xc0\xd3\x8c\x50\x39\xaa\x14\xe4\xcd\xf9\x57\xed\x69"
"\x48\xe2\x47\x9f\xea\xa2\x38\x51\x80\x98\x0c\xf5\x3c\xed\x83\x68\xd2\x63\xa5\xda\x35\x51\xb7\x80\x21\x81\x01\x34\x67\x15\x6c\x93"
"\x36\x09\x75\xe4\xa5\xf5\x1a\x0f\xe9\x5d\x4a\xbd\x76\xad\x8b\xd0\xc7\xd0\x8a\x7b\x88\x22\xaf\x87\x94\x9e\x45\x0f\x41\xfd\xe7\xae"
"\x84\x66\xc2\x89\x95\x50\x43\x44\x4c\xee\xe4\x9e\xb1\x49\x83\x19\x74\x09\x83\xd3\x98\x51\xd2\x95\x8c\xc4\x46\xa8\xb7\x5b\xec\x91"
"\x45\x4f\x70\xdd\x51\x23\xaf\x4b\x9d\x69\x68\x16\x9d\xa2\xb1\x39\x5a\xc3\x2a\x50\x77\xbc\xa9\x9d\x8c\x46\xfa\x76\x1f\x1a\xf4\x93"
"\x2d\xea\x56\x59\xea\x73\x58\x87\xd9\x81\xd4\xe8\x96\xb2\x6e\x1d\x38\x8c\xad\x01\xa8\x66\x70\xc2\x7c\x92\x9d\x64\x12\xdd\xd3\x71"
"\x67\x38\xe5\xd3\xa0\x2a\x59\xb6\x73\x18\xcb\x49\x59\x62\x05\x3a\xe1\xcd\x30\x06\x07\xa6\x21\xa0\xe9\x0e\x0a\x51\x83\x8f\x88\x6b"
"\x06\x52\x16\x9a\x51\x5d\x65\xdd\x0d\xd4\x04\x6f\x54\xea\x14\xe8\xf1\x46\x1a\x8c\xe2\x2c\xfe\xdf\x72\xb4\xf7\x71\xb3\xe1\x25\x5a"
"\xfb\x51\x49\x56\x75\x34\x26\x55\x6d\xc1\x6b\x8a\x5b\x1d\x2c\xaf\x29\x64\x8e\xc3\x3a\x9a\x35\x49\x66\x4d\xd1\x62\xd7\x6f\x94\xb0"
"\xd8\x92\x9a\x32\x06\x31\x69\xaa\x54\x42\xed\x1a\xfa\x2e\xb9\x20\xeb\x3d\x19\x92\x71\xf2\x2f\xc9\x3b\x16\x0d\x62\x79\x0e\xce\x16"
"\x1e\x5e\x01\x6d\xbb\x80\x2a\x43\xc5\xee\xc8\x1b\x87\x71\x24\xc7\x3a\x0b\x23\x05\x8c\xff\x7b\xf1\xcb\xd9\x61\xa3\x55\x91\x1d\x7f"
"\x39\x6b\x95\x18\x51\x1c\xe3\xe3\xa6\x82\x7a\xd4\xb6\xe9\x84\xe6\x82\x3b\xf3\x22\x0b\x9d\x91\x08\x54\xd9\x68\x43\xc9\xe3\xdb\xef"
"\x89\x07\xd2\x87\xf8\x1e\x10\xe8\xfb\x36\x41\x69\x4a\xf8\x04\x9f\x94\x75\x09\x0f\x9b\x93\x1e\x96\xd0\x8c\x70\x8f\xb4\x86\x8f\x11"
"\x17\x4f\xbd\xe4\x8a\x33\x42\x53\xf1\x98\xf5\x8d\x6c\x72\xc5\x95\x8b\x1d\x36\x49\x48\x55\x79\x82\xc5\x7e\xfa\x6c\xec\xce\xd0\xb3"
"\xad\x15\x0c\xbb\x20\xb9\xe8\xe4\x8e\x7d\x71\xa4\x80\xce\x28\xe4\x93\xad\xe1\x57\xc4\x8e\x40\x5d\x12\x67\x29\x36\x9c\xa6\x89\x95"
"\x4a\xa9\xef\x9f\xbc\x48\x12\x1a\x2a\xb0\x2e\xbd\xc6\xd1\x1d\x77\x59\xd1\x2a\x32\x6b\x08\xd8\xbb\xfe\xba\xe1\x60\x07\xd1\x1c\x01"
"\xb4\xeb\x21\x49\x64\x1e\x2f\x07\xb1\xb2\xe7\x27\x27\x4d\xa3\x95\xf0\x9c\xf4\x7d\x74\x44\x05\xde\x95\x92\x59\x4e\x53\xc3\x87\x94"
"\x49\x4e\x23\xc3\x87\x02\x98\xea\x74\xca\x18\xb5\x0e\xe5\x36\xf8\x9d\x69\x59\x3a\x65\xf5\x45\x55\x97\x1c\x55\x9a\x14\x3e\x42\xa1"
"\x03\xb2\x60\xce\x37\x30\x0d\x0a\xbd\xc7\x51\x42\x73\x02\xf6\x4d\x5e\xa3\x11\xe2\x1c\x86\x7c\xae\x0f\x33\x9e\xfd\xe6\x4d\x07\x65"
"\x1c\x4d\x38\xbc\xe0\xdc\x7b\x14\xef\x19\x44\x2b\x0e\xde\xeb\xec\x28\xce\x0f\x0e\xfe\x40\x6b\x7f\x5f\xb6\x67\x4d\x7a\x54\xc6\x22"
"\xc4\x51\xbc\x8e\x23\x73\xf3\x02\xa3\xb7\x20\x24\x6c\x33\x71\x40\xc5\xc3\xe1\x1d\x27\x8e\xe6\xfd\x96\xc2\xe3\xd9\x8b\xca\x6a\x13"
"\x40\x27\x1c\x18\x8f\x17\xb8\xc7\x00\x91\x2c\x06\x9c\x86\x7d\x78\x39\xc8\x82\x6f\x98\xd1\x9b\x19\x86\x53\xbf\x87\x67\x08\xd7\xf4"
"\xd9\xac\xe3\x20\xb8\xa9\xde\x00\x75\x81\x49\xdc\x1a\x67\xd3\x4e\x9c\x29\x9f\x3a\x5d\x51\xdf\x3b\xfe\x03\x2e\xd5\xa0\x0a\x92\x10"
"\x00\x00";
static const ArdAssetChunk Json0[] PROGMEM = {
  {Json0_0,sizeof(Json0_0)-1},
};
#else
static const char Json0_0[] PROGMEM =
"\x1f\x8b\x08\x00\x00\x00\x00\x00\x02\xff\x7d\x57\xdd\x6e\xdb\x36\x14\x7e\x15\x22\xc0\x80\x14\xe8\xd2\xc8\xff\x69\x2f\x8a\x34\x69"
"\xd0\x0c\x69\xe2\xd5\x4e\x7b\x53\x60\x60\x24\xda\x22\x22\x91\x1a\x49\xc5\x30\x0c\x03\x7b\x9a\xbd\xc2\xee\xf7\x28\x7b\x92\x9d\x73"
"\xa8\x23\xc9\x69\xb6\x1b\xc3\xfc\x0e\x45\x9e\x9f\xef\xfc\x70\x77\x54\xeb\xdf\x4e\x4f\x93\xa3\xb7\x47\x5f\x94\xcc\xb4\x59\x0b\x1f"
"\x64\xa8\xfd\x3f\x7f\xfc\x79\xf4\x3a\x0a\x07\x20\xbc\x36\x2b\xcb\xeb\x31\xac\x2f\xd5\x93\x4e\x15\x23\x93\x16\x11\x46\x96\x2d\x3c"
"\x05\xf8\x46\x85\xa0\x9c\x17\xd2\x64\x22\xd3\x6b\x1d\xbc\x58\x39\x5b\xc2\x7a\x2b\x0a\x69\xd6\xb5\x5c\xab\xd7\xc2\x57\x32\x55\xfe"
"\xb5\xc8\xb7\x55\xae\x4c\xdc\x5d\x9b\x0c\x3e\x4c\xad\x53\xfe\x9d\xa8\x2b\x11\xac\x18\x0e\xc4\xfd\xf2\xea\xe7\x99\x78\xd8\x06\xe5"
"\x4f\xc4\xf9\x9c\x76\x7e\xfe\x75\xb9\x14\x4e\x55\x05\x1c\xd2\x1c\x25\x36\x3a\xe4\x7c\xdc\x3b\x91\xe6\x70\x15\xa0\x4e\xa5\xd6\x18"
"\x95\x86\x13\xd6\x71\x06\x3a\x2e\xe4\x53\xab\xf3\x19\xac\xaf\x64\x1a\xac\xdb\xc2\x6e\xaf\x42\x23\x48\x4e\x41\x70\x21\x4d\xaa\x0a"
"\x46\xd0\x69\xdf\xf4\xcf\x57\x5a\xc0\xb6\xba\x62\x18\xdd\xb5\x48\xa5\x11\x46\x85\x8d\x75\x8f\x9e\x05\x43\x10\x9c\x3f\x49\x5d\xc8"
"\x87\x42\xfd\x20\x1d\xe1\xf9\xb9\xb5\x5e\x09\xc9\x42\x96\xa1\xc7\x17\x8b\xeb\x4b\x5e\x4f\xda\x9b\x2b\xe9\x3d\xec\xcc\x58\x82\x2e"
"\xff\x58\x56\x61\x2b\x1e\x95\xaa\xbc\x08\x39\x78\x04\xcc\xcb\xda\x9d\x62\x65\x1d\xc0\xda\xf3\x25\xec\x8a\x04\x5d\x71\x11\xdd\x43"
"\x6e\xed\xb9\x25\x41\xb7\x5c\x14\x4a\x3a\x41\xf7\x36\xf0\xe0\x94\x61\x1f\x71\xfa\x0e\x08\xe4\x20\xcc\xe7\xf3\x13\x71\x07\xf7\x3b"
"\x74\x4f\x00\x66\xa1\xfb\x4b\xa9\x0d\x5f\x38\x40\x07\x42\x08\xfb\xde\x1b\x0c\x22\xd6\xe8\xd6\xa7\xd3\x00\xfd\x77\xab\x36\x18\xf5"
"\x67\x66\x0f\x46\x2f\x98\xcd\x7b\x88\x26\x78\x0e\x58\x5e\x14\x76\xe3\x45\x8f\xaa\x27\xe2\x0b\x53\x42\xc8\x15\x30\x95\xa9\xd2\x2a"
"\x39\x6e\x08\x02\xa7\x30\x84\xee\x27\xce\x1d\x68\x8e\xae\xff\xe0\xec\x23\x9c\x21\xb3\x0c\xb8\xc3\xa1\x1d\xa2\xe2\x73\xeb\x98\x4a"
"\x43\xd4\xf6\xde\x2b\xd7\x33\x6e\x38\xe6\x33\x9f\x99\x36\x9c\xfc\x8f\x69\x5d\x2c\x1f\xe8\xe2\x37\x35\x9c\x7a\x22\xe2\xf6\x08\x41"
"\xd2\x79\xe4\x9b\xa7\x2c\x61\xab\x46\xe8\xfa\x2b\xed\xca\x8d\x74\xac\xc2\x08\x63\xfc\x55\x16\x35\x03\x63\x8c\xee\x42\x19\x56\x65"
"\x8c\x76\x7c\xb2\xad\xce\xe3\x51\xc3\x74\x03\xc1\xed\xea\xc5\x78\x4c\xc5\x04\x7c\x23\x64\x51\xb4\xc1\x7f\xcf\xe2\x49\x74\xe8\xe1"
"\x37\xd3\x8e\x7b\x58\x83\x88\x4c\x3d\xf1\xec\x50\x8c\xa6\xf4\xa4\xcf\xc8\xf9\xbe\x17\xd3\x27\x2d\x91\x88\xcd\xce\x09\x5a\x20\xfe"
"\xfe\x4b\x7c\x93\x9a\x0e\x42\xff\xdd\x2e\x39\xb0\x93\x51\x9b\x57\x2b\x48\x53\x05\xd4\xb9\xc8\x55\xfa\x28\x30\xf7\xde\xb4\x7c\xe2"
"\xdd\x68\xe7\x71\xae\xb3\x4c\x99\x57\x8c\xbd\x5c\x09\x27\x64\x5e\xae\xa1\x88\x6d\xab\x16\x9c\x31\xd8\x26\xf6\xe4\x2c\xda\xb9\xd2"
"\xeb\xda\x41\xce\xae\x0a\xe9\xf3\x46\x36\xc5\x68\xcc\xf3\xad\xd7\xa9\x2c\x0e\x25\x18\xcc\xa5\x0d\x00\xe7\x4a\x32\x1f\xa7\x98\x49"
"\xf7\x46\x72\xc1\x61\x18\x5d\x70\xe5\x94\x3a\xd8\x8b\x86\xdf\x2d\xcf\x63\xf1\x64\x10\xed\xbb\xaf\x82\x6e\xcd\x98\x92\x75\x32\x28"
"\x4a\xf3\xbe\x00\xed\x7b\xd9\xa7\xd3\x5e\xe8\x14\x33\x69\x8a\x76\x5e\x6a\x9f\x3e\xc3\x67\x68\xe3\xcd\xf9\xad\xb8\xe6\xcf\x67\x4d"
"\x8d\xe8\x00\x34\xab\xb4\xb5\xe9\x7d\x85\x26\x19\x1b\xc4\x33\x78\xd4\xc5\xc2\xae\x56\x85\x36\x87\xd9\x1e\x04\x36\x23\x03\x05\xe5"
"\x7a\xde\xe4\x3e\x57\x9d\x67\x35\xe0\x0c\xef\xfc\xb4\x5c\xce\x85\x72\x0e\xac\xdb\xc5\x16\xb9\x67\x31\xba\x65\x97\xc9\xad\xdf\x0b"
"\xfc\x15\xbb\xdc\xd6\x0e\x16\xb9\xd8\x95\xda\xd4\xd0\xaa\xf6\x02\xfe\xc0\x77\x78\x7b\x06\x2b\x2e\x0d\x67\x33\x66\xdc\x5b\xb1\xdb"
"\xe8\x95\xde\x23\x3b\x91\xde\xb0\x2e\x7f\x0f\x61\xbf\x0b\x85\xdf\xef\xd2\xc2\xa6\x8f\x24\xbb\x9e\x83\x44\x57\xfb\x9d\xac\xda\xfb"
"\xd1\x9b\x37\x4d\x2f\x8d\x58\x42\x1d\x7d\x29\xdd\x1a\xb2\x30\xa8\xb2\x52\x0e\x34\x76\xad\x14\x0d\xba\xa8\x9d\x53\xe6\x45\x31\x3a"
"\xf4\xb3\xcd\xda\xf5\x88\x9a\xa2\x01\x07\x77\x18\x86\x7c\xde\x55\xb9\x84\x3a\xe9\x39\xe4\xe7\x13\x10\x84\x31\xd4\xec\xd6\x06\x30"
"\x2c\x95\x41\x5b\xd3\xe0\xd4\x4c\xaf\xbf\x08\xaf\xd7\x06\x58\x7b\xfc\xcb\xe2\xee\xf6\x15\xcb\x12\xaa\x96\x1b\xe5\x18\x18\x50\x61"
"\xd5\xeb\x3c\x98\xee\x3a\xea\xa6\x17\xb6\x00\x4f\x33\x42\xe5\xa8\x52\x90\x37\xc7\x3f\xb5\xa7\x21\x89\xef\x7c\xaa\x8b\xe2\x40\x01"
"\x62\xb2\x76\x58\x4f\x3a\x10\x4d\xba\xab\x54\xbb\x26\xea\x16\xd0\x91\x19\x40\x73\x16\xc1\x36\x69\x93\x50\xfb\x9b\x5b\xaf\xf1\x90"
"\xde\xa5\xd4\xd8\x96\xba\x08\x7d\x0c\xad\xb8\x81\x28\xf2\x7a\x48\xe9\x59\xf4\x10\xd4\xff\xdc\x95\x22\x6f\x4b\x6c\x42\xdd\x07\x31"
"\xb9\x91\x5b\xc6\x26\x0d\x66\xd0\x25\x0c\x4e\x63\x46\x49\x57\x32\x82\xda\x2f\xc1\x6d\x6b\x6c\x48\x45\x4f\x70\xd6\x51\x23\xaf\x4b"
"\x9d\x69\x68\x16\x9d\xa2\xc3\x53\xaa\x26\x86\x55\x18\xa2\x31\x97\xb5\x93\xd1\x48\xdf\xee\x43\x83\xbe\xda\xa2\x6e\x95\xa5\x3e\x87"
"\x75\x98\x1d\x48\x8d\x6e\x2e\xeb\xd6\x81\xc3\xd8\x1a\x80\x6a\x06\xc7\xb9\x07\xd9\x49\x26\xd1\x3d\x1d\x77\x86\x53\x3e\x0d\xaa\x92"
"\x65\x3b\x87\xb1\x9c\x94\x25\x56\xa0\x03\xde\x0c\x63\x70\x60\xf4\x00\x9a\x6e\xa0\x10\x35\xf8\x88\xb8\x66\x20\x65\xa1\x19\xd5\x55"
"\xd6\xdd\x40\x4d\xf0\x52\xa5\x4e\x81\x1e\x2f\xa4\xc1\x28\x0e\xbe\xff\x2d\x47\x7b\xef\x56\x2b\x5e\xa2\xb5\x9f\x94\x64\x55\x47\x63"
"\x52\xd5\x16\xbc\xa6\xb8\xd5\xc1\xf2\x9a\x42\xe6\x38\xac\xa3\x59\x93\x64\xd6\x14\x2d\x76\xf6\x42\x09\x8b\x2d\xa9\x29\x63\x10\x93"
"\xa6\x4a\x25\xd4\xae\xa1\xef\x92\x0b\xb2\xde\x7c\x9e\x8c\x93\x1f\x24\xef\x59\x34\x88\xe5\x39\x38\x5b\x78\x18\xb9\xdb\x76\x01\x55"
"\x86\x8a\xdd\x9e\x37\x0e\xe3\xfc\x8b\x75\x16\x46\x0a\x98\xb5\xb7\xe2\xfb\xd1\x6e\xa5\x55\x91\xed\xbf\x1f\xb5\x4a\x8c\x28\x8e\xf1"
"\x25\x51\x41\x3d\x6a\xdb\x74\x42\x73\xc1\xb5\x79\x92\x85\xce\x48\x04\xaa\xac\xb4\xa1\xe4\xf1\xed\xf7\xc4\x03\xe9\x43\x1c\xbe\x05"
"\xfa\xbe\x4d\x50\x9a\x12\x3e\xc3\x27\x65\x5d\xc2\x2b\xe2\xa0\x87\x25\x34\x23\xdc\x20\xad\xe1\x63\xc4\xc5\x43\x2f\xb9\xe2\x8c\xd0"
"\x54\x3c\x66\x7d\x23\x9b\x9c\x72\xe5\x62\x87\x4d\x12\x52\x55\x1e\x60\xb1\x9f\x3e\x1a\xbb\x31\xf4\x46\x6a\x05\xc3\x2e\x48\x2e\x3a"
"\xb9\x63\x5f\x1c\x29\xa0\x33\x0a\xf9\x60\x6b\xf8\x15\xb1\x23\x50\x97\xc4\x59\x8a\x0d\xa7\x69\x62\xa1\x52\xea\xfb\x07\xe3\x7f\x42"
"\x43\x05\xd6\xa5\xe7\x38\xba\xe3\x3a\x2b\x5a\x45\x66\x0d\x01\x7b\xd7\x9f\x35\x1c\xec\x20\x9a\x23\x80\x76\x3d\x24\x89\xcc\xe3\xe5"
"\x20\x56\xf6\xfc\xe0\xa4\x69\xb4\x12\xde\x6e\xbe\x8f\x8e\xa8\xc0\xbb\x52\x32\xcb\x69\x6a\xf8\x98\x32\xc9\x69\x64\xf8\x58\x00\x53"
"\x9d\x4e\x19\xa3\xd6\xa1\xdc\x0a\xbf\x33\x2d\x4b\xa7\xac\xbe\xa8\xea\x92\xa3\x4a\x93\xc2\x27\x28\x74\x40\x16\xcc\xf9\x06\xa6\x41"
"\xa1\xf7\x12\x49\x68\x4e\xc0\xbe\xc9\x6b\x34\x42\x1c\x2f\x6f\x16\x5c\x1f\x66\x3c\xfb\x9d\x37\x1d\x94\x71\x34\x61\xf7\x84\x73\xef"
"\x5e\x7c\x60\x10\xad\xd8\x79\xaf\xb3\xbd\x38\xde\x39\xf8\x03\xad\xfd\x43\xd9\x9e\x35\xe9\x51\x19\x8b\x10\x47\xf1\x2c\x8e\xcc\xcd"
"\x73\x87\x1e\x5e\x90\xb0\xcd\xc4\x01\x15\x0f\x87\x77\x9c\x38\x9a\xc7\x52\x0a\x2f\x55\x2f\x2a\xab\x4d\x00\x9d\x70\x60\xdc\xbf\xc6"
"\x3d\x06\x88\x64\x31\xe0\x34\xec\xc3\xcb\x41\x16\x7c\xc3\x8c\x1e\xa8\x30\x9c\xfa\xad\x87\x92\xc4\xe8\xac\xe3\x20\xb8\xa9\x5e\x01"
"\x75\x81\x49\xdc\x1a\x67\xd3\x4e\x9c\x29\x9f\x3a\x5d\x51\xdf\xdb\xff\x0b\x1a\x8b\xcd\x01\xff\x0f\x00\x00";
static const ArdAssetChunk Json0[] PROGMEM = {
  {Json0_0,sizeof(Json0_0)-1},
};
#endif
#else
#if ARDPORTAL_ENABLE_MQTT_TLS
static const char Json0_0[] PROGMEM =
"\x1f\x8b\x08\x00\x00\x00\x00\x00\x02\xff\x7d\x56\xdb\x6e\xdb\x38\x10\xfd\x95\x81\x9f\x52\x20\x4d\xe3\xbb\xd3\x3e\x04\x8e\xd3\xa0"
"\x01\xd2\xc4\xdb\x38\xdb\x97\x02\x0b\x46\xa2\x22\x22\x12\xa9\x92\x54\x02\x43\x10\xb0\x5f\xb3\xbf\xb0\xef\xfb\x29\xfb\x25\x3b\x43"
"\x69\x64\xd9\x0d\xf6\x45\x10\xcf\xf0\x32\x73\xe6\xcc\x90\xd5\xa0\x54\x7f\x9c\x9e\x0e\x07\x1f\x07\xdf\xa4\x88\x95\x7e\x02\xe7\x85"
"\x2f\xdd\xbf\x7f\xfe\x35\x38\x6e\x8c\x23\x34\x5e\xeb\xc4\xf0\x78\x8a\xe3\x4b\xf9\xa2\x22\xc9\xc8\xac\x43\x40\x8b\xbc\x83\xe7\x08"
"\xdf\x48\xef\xa5\x75\x20\x74\x0c\xb1\x7a\x52\xde\x41\x62\x4d\x8e\xe3\x2d\x64\x42\x3f\x95\xe2\x49\x1e\x83\x2b\x44\x24\xdd\x31\xa4"
"\xdb\x22\x95\xba\x99\x5d\xea\x18\x17\x46\xc6\x4a\xf7\x09\xca\x02\xbc\x81\xf1\x08\x1e\x36\x57\xef\x17\xf0\xb8\xf5\xd2\x9d\xc0\x72"
"\x1d\x66\x7e\xfd\x6d\xb3\x01\x2b\x8b\x0c\x37\x69\xb7\x82\x57\xe5\x53\xde\xee\x13\x44\x29\x1e\x85\xa8\x95\x91\xd1\x5a\x46\xfe\x84"
"\x7d\x5c\xa0\x8f\xf7\xe2\xa5\xf3\xf9\x0c\xc7\x57\x22\xf2\xc6\x6e\x71\xb6\x93\xbe\x35\x0c\x4f\xd1\xb0\x12\x3a\x92\x19\x23\x44\xda"
"\x77\xf5\xfe\x4a\x01\x4e\x2b\x0b\x86\x89\xae\xfb\x48\x68\xd0\xd2\xbf\x1a\xfb\xec\xd8\x30\x46\xc3\xf2\x45\xa8\x4c\x3c\x66\xf2\x17"
"\xeb\x84\xf6\x4f\x8d\x71\x12\x04\x1b\xd9\x46\x8c\xdf\xdf\x5f\x5f\xf2\x78\xd6\x9d\x5c\x08\xe7\x70\x66\xcc\x16\xa2\xfc\x73\x5e\xf8"
"\x2d\x3c\x4b\x59\x38\xf0\x29\x32\x82\xe1\xc5\xdd\x4c\x48\x8c\x45\x58\x39\x3e\x84\xa9\x18\x12\x15\xab\x86\x9e\x40\x6b\x8f\x96\x21"
"\xd1\xb2\xca\xa4\xb0\x10\xce\x6d\xe1\xd1\x29\xc3\xae\xc1\xc3\x3a\x14\x90\xc5\x34\x2f\xd7\x27\x70\x87\xe7\x5b\xa2\xc7\xa3\xb2\x88"
"\xfe\x5c\x28\xcd\x07\x8e\x88\x40\x4c\x61\x9f\xbd\xd1\xa8\xc1\x5a\xdf\xfa\x72\x1a\x11\x7f\xb7\xf2\x95\xb2\x7e\x10\xf6\x68\xf2\x46"
"\xd8\x3c\x27\xc8\x84\xf6\xc1\xc8\xb3\xcc\xbc\x3a\xe8\x49\xf5\x04\xbe\xb1\x24\x40\x24\xa8\x54\x96\x4a\xe7\xe4\xb4\x15\x08\xee\xc2"
"\x10\xd1\x1f\x34\xb7\xe7\x39\x51\x7f\x61\xcd\x33\xee\x21\xe2\x18\xb5\xc3\xa9\x1d\x11\xb1\x1b\x2b\xb4\x2b\x8c\x65\x3d\x8d\x88\xd1"
"\xcd\x8a\xf7\x1c\x13\x93\x9b\x9b\x7b\x1e\x12\x35\xab\x25\x44\xd2\x7a\x95\xa8\x48\x78\x09\x47\xeb\xcf\x5f\xdf\xb1\x7d\x14\x0a\xf6"
"\x67\xa9\xf0\x1c\xf0\xb6\x74\x1e\x53\xbc\x5a\x1e\x43\x2e\x7c\x94\x52\x19\xa7\xc6\xf9\x10\x35\xa5\xe4\x76\xb3\x06\xaf\x30\x5c\x5e"
"\x4f\x5c\xae\x77\xde\x8c\x89\xc0\x07\x27\x6d\x8f\xef\xf1\x94\xc3\x3c\x60\x7b\x3c\xfb\x1f\xb6\x77\xf2\x7a\x0c\x5c\x7c\x28\x71\xd7"
"\x13\x68\xa6\x37\x10\xf6\x01\x47\x25\xe0\x42\xe1\xb2\x4b\x13\x0a\xf9\x4a\xd9\xfc\x55\x58\x76\x61\x42\x24\xfd\x2e\xb2\x92\x81\x29"
"\xf9\xfd\xc5\x74\x3e\x4e\x27\x6d\xb1\x69\x0c\x79\xd7\xb2\xa6\xd3\x40\x0f\xa6\x07\x44\x96\x75\xfa\x3b\x67\xf3\xac\xc9\xe9\xfe\x9a"
"\xf9\x4e\xfe\xc4\x5f\xd0\x73\xcf\xbc\xd8\x37\x93\xeb\x3d\xeb\x41\x7d\x9c\xf7\x64\xf5\xa2\x04\xd5\x42\x3b\x73\x46\x11\xc0\x3f\x7f"
"\xc3\x77\xa1\xc2\x46\xc4\x17\xa6\x87\xcd\x93\xae\xb4\x13\xec\x14\x12\xd5\xbb\x4a\x65\xf4\x0c\x54\xfe\x1f\x3a\x49\xf3\x6c\x8a\xf3"
"\x28\x55\x71\x2c\x35\x4b\x63\xf6\x76\x33\x9e\x85\xf0\x52\x85\x7d\x74\x5b\x74\xe0\x82\xc1\xae\xb7\xcc\xce\x9a\x38\x13\xf5\x54\x5a"
"\xd4\x54\x92\x09\x97\xb6\xb6\x39\x89\x74\x9d\x6e\x1d\x0a\x32\xdb\xb7\x50\xf2\x36\xc6\x23\x9c\x4a\xc1\x25\x31\x27\x95\x3e\x68\xc1"
"\x3d\x8f\x61\xa2\xe0\xca\x4a\xb9\x37\x97\x02\xbf\xdb\x2c\x9b\xfe\xcd\x20\xc5\xf7\x50\x90\x72\x19\x09\xd1\x51\x39\x90\xac\xfb\x06"
"\x8a\xef\x6d\x4e\xe7\xbd\xd4\x49\x16\xf1\x9c\xe2\xbc\x54\x2e\x3a\xc0\x17\x14\xe3\xcd\xf2\x16\xae\x79\xf9\xa2\x6d\x53\x3b\x80\xc2"
"\xca\x4d\xa9\x7b\xab\x28\x24\x6d\x3c\x1c\xc0\x93\x5d\x2e\x4c\x92\x64\x4a\xef\x37\x1c\x0f\x74\x1f\x6a\xec\x69\xd7\xeb\xb6\xfd\x70"
"\xe3\x3b\x68\x43\x67\x74\xe6\x97\x0d\x96\xb1\xb4\x16\xa3\xab\x9a\x5b\xba\x66\x33\xd1\x52\xc5\x62\xeb\x6a\xa0\x2f\x54\xa9\x29\x2d"
"\x0e\x52\xa8\x72\xa5\x4b\xbc\x2d\x6b\xc0\x1f\x5c\x47\xa7\xc7\x38\xe2\xee\x74\xb6\x60\xc5\x7d\x84\xea\x15\x9b\x4d\x4d\xea\x24\x79"
"\xe3\x38\xff\xe9\x7d\x5d\xf9\xcc\xd5\x55\x94\x99\xe8\x39\xd8\xae\xd7\x68\x51\x45\x5d\x89\xa2\x3b\x9f\xd8\xbc\x69\xaf\xf3\x06\x1b"
"\x86\xe2\x3d\x0c\xbe\x11\x73\x4b\x80\x32\x7c\x17\x0c\xa7\xa7\x4d\xc5\xd2\xd5\x01\x71\xef\x71\x31\x9c\x0e\x7f\xb1\x9c\xb3\x69\xd4"
"\x24\xd6\x5b\x93\x39\x7c\x2f\x74\x42\x43\xff\x02\x4d\x35\x4f\x1c\x37\x97\x37\x65\x08\x9b\x0f\x3e\x14\xb6\xf0\x63\x50\x25\x4a\x66"
"\x71\xfd\x63\xd0\x39\x41\xe9\xba\x31\xcd\x33\xa8\xc0\x48\xba\x02\x1f\x86\x8e\x72\xad\x5f\x44\xa6\xe2\x60\x42\x57\x12\xa5\x15\xc5"
"\xe0\xba\xf5\xb3\xc0\x82\xf3\xcd\xcb\x01\xbf\xc2\x19\xcd\x46\x12\xe8\x57\x5c\x92\x97\x39\x3e\x81\xf6\xd4\x3f\x0c\xdd\xe5\x46\x58"
"\xcc\xb8\x0f\x38\x3c\x12\xdd\xad\x35\xf4\x8c\x96\x49\xdb\x30\x81\x1e\xb2\x71\xd2\x0a\x1f\xc4\xa3\x29\xf1\x0b\x4d\xc2\x43\x11\x50"
"\xab\x64\xef\x42\xb3\xb8\x97\x51\x28\xeb\xbd\x07\xc6\x30\xf4\x8c\xbb\x42\xea\x03\x3c\x14\x43\xef\xc2\x1f\x86\x5a\x20\x6d\xf0\x98"
"\x32\x00\x47\x78\x71\xbd\x63\x84\xfb\xdb\xb2\x55\x09\xe3\xe4\x66\xf5\x42\xbd\xbc\x86\x0b\x06\xc9\xa5\xca\x39\x15\xd7\x70\x54\x59"
"\xfc\x41\xf9\x5e\xe4\xbc\xd7\xd9\x69\xf0\xb8\x7d\x3c\x84\x67\x0c\x2a\xa8\x2d\x1e\x7c\x0e\xd2\xbd\x43\xc5\xd3\x3e\x3d\x22\x7c\xf7"
"\x39\x28\x8c\xd2\x1e\x8f\xa6\xde\x57\x1f\xd3\x1c\x8d\xa4\x19\x0a\x2e\xdc\x53\x78\xe9\x89\x8c\x39\x59\x84\xe7\x1e\xf6\x59\xb7\xc5"
"\x1b\x34\x67\x74\xb1\xe3\x3b\x17\xba\x4c\xf0\x3d\x88\xac\x59\x36\xcf\x77\xe6\x58\xba\xc8\xaa\x82\x64\x30\xa8\xff\x03\x83\xa5\x88"
"\x2c\x4d\x0b\x00\x00";
static const ArdAssetChunk Json0[] PROGMEM = {
  {Json0_0,sizeof(Json0_0)-1},
};
#else
static const char Json0_0[] PROGMEM =
"\x1f\x8b\x08\x00\x00\x00\x00\x00\x02\xff\x7d\x56\xdb\x6e\xdb\x46\x10\xfd\x95\x81\x9e\x12\xc0\x71\xac\xbb\x9c\x3c\x18\xb2\x5d\x23"
"\x06\x1c\x5b\x8d\xe4\xe6\x25\x40\xb1\x26\x97\xe6\xc2\xe4\x2e\xbb\xbb\x94\x21\x10\x04\xfa\x35\xfd\x85\xbe\xf7\x53\xfa\x25\x9d\x59"
"\x72\x28\x4a\x31\xfa\x22\x68\xcf\xec\x65\xe6\xcc\x99\x19\x56\x83\x52\xfd\x7e\x76\x36\x1c\x7c\x1a\x7c\x93\x22\x56\xfa\x19\x9c\x17"
"\xbe\x74\xff\xfe\xf9\xd7\xe0\xa4\x31\x8e\xd0\x78\xab\x13\xc3\xeb\x29\xae\xaf\xe5\x56\x45\x92\x91\x59\x87\x80\x16\x79\x07\xcf\x11"
"\xbe\x93\xde\x4b\xeb\x40\xe8\x18\x62\xf5\xac\xbc\x83\xc4\x9a\x1c\xd7\x3b\xc8\x84\x7e\x2e\xc5\xb3\x3c\x01\x57\x88\x48\xba\x13\x48"
"\x77\x45\x2a\x75\xb3\xbb\xd4\x31\x1e\x8c\x8c\x95\xee\x33\x94\x05\x78\x03\xe3\x11\x3c\x6e\x6e\x3e\x2c\xe0\x69\xe7\xa5\x3b\x85\xe5"
"\x2a\xec\xfc\xfa\xeb\x66\x03\x56\x16\x19\x5e\xd2\x5e\x05\xaf\xca\xa7\x7c\xdd\x67\x88\x52\x7c\x0a\x51\x2b\x23\xa3\xb5\x8c\xfc\x29"
"\xfb\xb8\x40\x1f\xd7\x62\xdb\xf9\x7c\x8e\xeb\x1b\x11\x79\x63\x77\xb8\xdb\x49\xdf\x1a\x86\x67\x68\xb8\x12\x3a\x92\x19\x23\x44\xda"
"\x77\xf5\xe1\x46\x01\x6e\x2b\x0b\x86\x89\xae\x75\x24\x34\x68\xe9\x5f\x8d\x7d\x71\x6c\x18\xa3\x61\xb9\x15\x2a\x13\x4f\x99\xfc\xc9"
"\x3a\xa1\xfb\x53\x63\x9c\x04\xc1\x46\xb6\x11\xe3\xeb\xf5\xed\x35\xaf\x67\xdd\xcb\x85\x70\x0e\x77\xc6\x6c\x21\xca\x7f\xc9\x0b\xbf"
"\x83\x17\x29\x0b\x07\x3e\x45\x46\x30\xbc\xb8\xdb\x09\x89\xb1\x08\x2b\xc7\x8f\x30\x15\x43\xa2\xe2\xaa\xa1\x27\xd0\xda\xa3\x65\x48"
"\xb4\x5c\x65\x52\x58\x08\xef\xb6\xf0\xe8\x8c\x61\xd7\xe0\xe1\x1c\x0a\xc8\x62\x9a\x97\xab\x53\x78\xc0\xf7\x2d\xd1\xe3\x51\x59\x44"
"\x7f\x2e\x94\xe6\x07\x47\x44\x20\xa6\xb0\xcf\xde\x68\xd4\x60\xad\x6f\x7d\x39\x8d\x88\xbf\x7b\xf9\x4a\x59\x3f\x0a\x7b\x34\x79\x23"
"\x6c\xde\x13\x64\x42\xf7\x60\xe4\x59\x66\x5e\x1d\xf4\xa4\x7a\x0a\xdf\x58\x12\x20\x12\x54\x2a\x4b\xa5\x73\x72\xda\x0a\x04\x6f\x61"
"\x88\xe8\x0f\x9a\x3b\xf0\x9c\xa8\xbf\xb4\xe6\x05\xef\x10\x71\x8c\xda\xe1\xd4\x8e\xc9\xf1\x95\xb1\x2c\xa5\x31\x79\xfb\xe8\xa4\xed"
"\x05\x37\x9e\xf2\x9d\x47\xa1\x8d\x67\xff\x13\xda\x3e\x97\x4f\xe1\xe1\x8f\x25\xde\x7a\x0a\xcd\xf6\x06\xc2\xa2\x73\xa4\x37\x17\xaa"
"\x84\xa3\x9a\x10\xf5\x37\xca\xe6\xaf\xc2\xb2\x0b\x13\xca\xf1\x6f\x22\x2b\x19\x98\x92\xdf\x5f\x4c\xe7\xe3\x74\xd2\x2a\x5b\x63\x32"
"\xf7\xfd\x61\x3a\x0d\xcd\x03\xb9\x00\x91\x65\x5d\xb2\x2f\xd8\x3c\x6b\x08\x3c\x3c\x33\xdf\x6b\x8d\x7a\x4e\x10\x4f\xcf\xbc\x38\x34"
"\x93\xeb\x3d\xeb\x91\x18\x2f\x7a\x39\xdc\x2a\x41\xc2\x6b\x77\xce\x28\x02\xf8\xe7\x6f\xf8\x2e\x54\xb8\x88\xf8\xba\xdf\x70\x22\x67"
"\x93\xae\x8e\x12\x2c\x4b\x89\x52\xb9\x4a\x65\xf4\x02\x54\x6b\x1f\x3b\xfd\xf0\x6e\x8a\xf3\x5d\xaa\xe2\x58\xea\xf7\x8c\xbd\xdd\xf9"
"\x66\x21\xbc\x54\x61\xd3\xda\x15\x1d\xb8\x60\xb0\x2b\xe4\xd9\x79\x13\x67\xa2\x9e\x4b\x8b\x35\x9a\x64\xc2\xa5\xad\x6d\x4e\xb5\xb5"
"\x4a\x77\x4e\x45\x22\x3b\xb4\x50\xf2\x36\xc6\x23\x9c\x4a\xc1\xfa\x9b\x53\xe5\x3c\x6a\xc1\x0d\x86\x61\xa2\xe0\xc6\x4a\x79\xb0\x97"
"\x02\x7f\xd8\x2c\x9b\x66\xc9\x20\xc5\xf7\x58\x78\xd5\x85\x31\x0f\xd1\x09\x2f\x43\x59\xf7\x0d\x14\xdf\xdb\x9c\xce\x7b\xa9\x93\x2c"
"\xe2\x39\xc5\x79\xad\x5c\x74\x84\x2f\x28\xc6\xbb\xe5\x3d\xdc\xf2\xf1\x45\xdb\x13\xf6\x00\x85\x95\x9b\x52\xf7\x4e\x51\x48\xda\x78"
"\x38\x82\x27\xfb\x5c\x98\x24\xc9\x94\x3e\xac\x6e\x0f\x34\x7c\x34\x36\x90\xdb\x55\x5b\xeb\xdc\x65\x8e\x6a\xfe\x9c\xde\xfc\xb2\xd9"
"\xac\x40\x5a\x8b\xd1\x55\xcd\x48\xac\xd9\x4c\xb4\x54\xb1\xd8\xb9\x1a\xe8\x17\xaa\xd4\x94\x16\x17\x29\x54\xb9\xd2\x25\x8e\xa6\x1a"
"\xf0\x0f\x9e\xa3\xd7\x63\x5c\x71\x2b\x38\x5f\xb0\xe2\x3e\x41\xf5\xaa\x12\x55\x93\x3a\x49\xde\xb8\xce\xff\xf0\xbe\xae\x7c\xe6\xea"
"\x2a\xca\x4c\xf4\x12\x6c\xb7\x2b\xb4\xa8\xa2\xae\x44\xd1\xbd\x4f\x6c\xde\xb5\xb3\xb3\xc1\x86\xa1\x78\x8f\x83\x6f\xc4\xdc\x12\xa0"
"\x0c\x37\xde\xe1\xf4\xac\xa9\x58\xea\xd3\x10\xf7\x26\xf9\x70\x3a\xfc\xc9\x72\xc1\xa6\x51\x93\x58\x6f\x4d\xe6\x70\x38\x77\x42\x43"
"\xff\x02\x4d\x35\x6f\x1c\x37\x93\x92\x32\x84\xcd\x07\xa7\xf2\x0e\x7e\x0c\xaa\x44\xc9\x2c\xae\x7f\x0c\x3a\x27\x28\x5d\x77\xa6\xf9"
"\xe6\x28\x30\x92\xae\xc0\x87\xa1\xa3\xdc\xea\xad\xc8\x54\x1c\x4c\xe8\x4a\xa2\xb4\xa2\x18\x5c\x77\x7e\x16\x58\x70\xbe\x19\xd3\xf8"
"\x2b\x9c\xd1\x6c\x24\x81\x7e\xc5\x23\x79\x99\xe3\xf7\xc6\x81\xfa\x87\xa1\xbb\xdc\x09\x8b\x19\xf7\x01\x87\x27\xa2\xbb\xb5\x86\x9e"
"\xd1\x32\x69\x1b\x26\xd0\x43\x36\x4e\x5a\xe1\x83\x78\x32\x25\xfe\x42\x93\xf0\x50\x04\xd4\x2a\xd9\xbb\xd0\x2c\xd6\x32\x0a\x65\x7d"
"\x30\xcd\x87\xa1\x67\x3c\x14\x52\x1f\xe1\xa1\x18\x7a\xd3\x75\x18\x6a\x81\xb4\xc1\x6b\xca\x00\xbc\xdb\xdc\xad\xdf\x33\xc2\xfd\x6d"
"\xd9\xaa\x84\x71\x72\xb3\xda\x52\x2f\xaf\xe1\x92\x41\x72\xa9\x72\x4e\xc5\x35\xbc\xab\x2c\xfe\x41\xf9\x5e\xe6\x7c\xd7\xf9\x59\xf0"
"\xb8\x9d\xd4\xe1\x9b\x01\x15\xd4\x16\x0f\x7e\x7b\xd1\xdc\xa1\xe2\x69\xe7\x7c\x84\x1f\x59\x0e\x0a\xa3\xb4\xc7\xa7\xa9\xf7\xd5\x27"
"\xb4\x47\x23\x69\x86\x82\x0b\x73\x0a\x87\x9e\xc8\x98\x93\x45\xf8\xb6\xc2\x3e\xeb\x76\xce\xcb\x9c\xd1\xc5\x9e\xef\x5c\xe8\x32\xc1"
"\x8f\x2f\x64\xcd\xb2\x79\xbe\x37\xc7\xd2\x45\x56\x15\x24\x83\x41\xfd\x1f\x22\x55\xed\xb2\xba\x0a\x00\x00";
static const ArdAssetChunk Json0[] PROGMEM = {
  {Json0_0,sizeof(Json0_0)-1},
};
#endif
#endif
#elif !ARDPORTAL_ENABLE_OTA && !ARDPORTAL_ENABLE_MQTT && !ARDPORTAL_ENABLE_CONSOLE
#if ARDPORTAL_CONTROL_PROFILE_FULL
#if ARDPORTAL_ENABLE_MQTT_TLS
static const char Json0_0[] PROGMEM =
"\x1f\x8b\x08\x00\x00\x00\x00\x00\x02\xff\x75\x57\xeb\x6e\xdb\x36\x14\x7e\x15\x22\xc0\x80\x14\xc8\xb2\xc8\x77\xb7\x3f\x0a\x37\x69"
"\x90\x0c\x69\xe2\xd5\x6e\xfb\xa7\xc0\xc0\x48\x94\x45\x84\x22\x35\x92\x8a\x61\x18\x06\xf6\x34\x7b\x85\xfd\xdf\xa3\xec\x49\x76\x0e"
"\xa5\x43\xc9\x69\xf6\xc7\x30\xbf\xc3\xcb\xb9\x7c\xe7\xa2\xfd\x49\x2d\x7f\xbf\xb8\x48\x4e\xde\x9e\x7c\x16\x3c\x93\x7a\xc3\x9c\xe7"
"\xbe\x76\xff\xfe\xf9\xd7\xc9\x59\x23\x1c\x80\xf0\x56\xe7\x86\xd6\x63\x58\x5f\x89\x67\x99\x0a\x42\x26\x11\x61\x9a\x97\x11\x9e\x02"
"\x7c\x27\xbc\x17\xd6\x31\xae\x33\x96\xc9\x8d\xf4\x8e\xe5\xd6\x94\xb0\xde\x31\xc5\xf5\xa6\xe6\x1b\x71\xc6\x5c\xc5\x53\xe1\xce\x58"
"\xb1\xab\x0a\xa1\x9b\xdd\xb5\xce\xe0\x60\x6a\xac\x70\xef\x58\x5d\x31\x6f\xd8\x70\xc0\xbe\xac\xaf\x7f\x9e\xb1\xc7\x9d\x17\xee\x9c"
"\x2d\x96\x61\xe7\xa7\xdf\xd6\x6b\x66\x45\xa5\xe0\x92\xf6\x2a\xb6\x95\xbe\xa0\xeb\xde\xb1\xb4\x80\xa7\x00\xb5\x22\x35\x5a\x8b\xd4"
"\x9f\x93\x8e\x33\xd0\x71\xc5\x9f\xa3\xce\x73\x58\x5f\xf3\xd4\x1b\xbb\x83\xdd\x4e\xf8\x56\x90\x5c\x80\xe0\x92\xeb\x54\x28\x42\xd0"
"\x69\xdf\xe4\xcf\xd7\x92\xc1\xb6\xba\x22\x18\xdd\xb5\x4a\xb9\x66\x5a\xf8\xad\xb1\x4f\x8e\x04\x43\x10\x2c\x9e\xb9\x54\xfc\x51\x89"
"\x1f\xa4\x23\xbc\xbf\x30\xc6\x09\xc6\x49\x48\x32\xf4\xf8\x6a\x75\x7b\x45\xeb\x49\x7c\xb9\xe2\xce\xc1\xce\x8c\x24\xe8\xf2\x8f\x65"
"\xe5\x77\xec\x49\x88\xca\x31\x5f\x80\x47\xc0\xbc\x2c\xee\x64\xb9\xb1\x00\x4b\x47\x8f\x90\x2b\x12\x74\xc5\x65\xe3\x9e\xe0\xd6\x9e"
"\x5b\x12\x74\xcb\xa5\x12\xdc\xb2\xf0\x6e\x0b\x0f\x2e\x08\x76\x0d\x1e\xce\x01\x81\x2c\x84\x79\xb1\x3c\x67\x0f\xf0\xbe\x45\xf7\x78"
"\x60\x16\xba\xbf\xe4\x52\xd3\x83\x03\x74\x20\x84\xb0\xef\xbd\xc1\xa0\xc1\x5a\xdd\xfa\x74\x1a\xa0\xff\xee\xc5\x16\xa3\xfe\xc2\xec"
"\xc1\xe8\x15\xb3\x69\x4f\xa0\x09\xde\x03\x96\x2b\x65\xb6\x8e\xf5\xa8\x7a\xce\x3e\x13\x25\x18\xcf\x81\xa9\x44\x95\xa8\xe4\xb8\x25"
"\x08\xdc\xd2\x42\x23\xd4\xfb\x5a\xda\x72\xcb\x2d\x29\x37\x42\x07\x7d\xe5\xaa\x26\x60\x8c\xae\x59\x09\x4d\x2a\x8e\x51\xfb\x1b\x13"
"\xad\x19\x8f\x5a\x9a\x68\xf0\x4c\x97\x6c\xe3\x71\xc8\x44\x70\x09\xe3\x4a\x45\xcf\xbd\x27\xf1\xa4\xd1\xe6\xf8\xcc\xb4\x0b\x1c\x26"
"\x70\x88\x44\x4f\xfc\x22\x76\xef\x7b\x26\x3f\x4b\x8e\x71\x6a\x77\x4e\x50\x47\xf6\xcf\xdf\xec\x1b\x97\xe1\x26\xa4\xca\xfd\x9a\xec"
"\x9e\x8c\x22\xed\x72\x60\xb1\x00\xcf\x5e\x16\x22\x7d\x62\x48\xcd\x5f\xa2\xbb\x69\x37\x5a\x72\x5a\xc8\x2c\x13\xfa\x0d\x61\xaf\x17"
"\x8a\x49\x30\xa0\x90\x90\xe3\xbb\x2a\x82\x33\x02\x23\xef\x27\xf3\xc6\xd0\x5c\x6e\x6a\x0b\x94\xce\x15\x77\x45\x2b\x9b\xa2\xbf\x97"
"\xc5\xce\xc9\x94\xab\x63\x09\x86\x6b\x6d\x3c\xc0\x85\xe0\x44\xb4\x29\x12\xed\x8b\xe6\x94\x8f\x04\xa3\x0b\xae\xad\x10\x47\x7b\xd1"
"\xf0\x87\xf5\xa2\xa9\x2d\x04\xa2\x7d\x5f\x2a\x2f\xa3\x19\xd3\x60\x1d\xf7\x22\x64\x41\x5f\x80\xf6\xbd\xee\xd3\x69\x2f\xe9\x04\x71"
"\x65\x8a\x76\x5e\x49\x97\xbe\xc0\x67\x68\xe3\xdd\xe2\x9e\xdd\xd2\xf1\x59\x9b\x42\x1d\x80\x66\x95\xa6\xd6\xbd\x53\x68\x92\x36\x9e"
"\xbd\x80\x47\x5d\x2c\x4c\x9e\x2b\xa9\x8f\x93\xc1\x33\xac\xd5\x1a\xf2\xed\x76\xd9\xa6\x06\x25\xe5\x8b\x14\x99\xe3\x9b\x37\xeb\xf5"
"\x92\x09\x6b\xc1\xba\x7d\xd3\x41\x0e\x24\x46\xb7\xec\x33\xbe\x73\x07\x86\xbf\x6c\x5f\x98\xda\xc2\xa2\x60\xfb\x52\xea\x1a\x2a\xf9"
"\x81\xc1\x1f\x38\x87\xaf\x67\xb0\xa2\xa2\x38\x9f\x11\xe3\xde\xb2\xfd\x56\xe6\xf2\x80\xec\xc4\x72\x0f\xeb\xf2\x0f\xef\x0f\x7b\xaf"
"\xdc\x61\x9f\x2a\x93\x3e\x05\xd9\xed\x12\x24\xb2\x3a\xec\x79\x15\xdf\x47\x6f\xde\xb5\xad\xa6\xc1\x92\xd0\xf0\xd6\xdc\x6e\x20\xcf"
"\xbc\x28\x2b\x61\x41\x63\x1b\xa5\x68\xd0\x65\x6d\xad\xd0\xaf\x8a\xd1\xa1\x9f\x4c\x16\xd7\xa3\xd0\x33\x34\x38\xb8\xc3\x30\xe4\x4b"
"\x68\x20\x8e\x00\x34\x65\x01\x09\xfa\x0c\x04\x21\x0c\x35\xbb\x37\x1e\x0c\x4b\xb9\x97\x46\xb7\x78\xe8\x35\xb7\x9f\x99\x93\x1b\x0d"
"\xac\x3d\xfd\x75\xf5\x70\xff\x86\x64\xa8\xf9\xd2\x6c\x85\x25\x00\x95\xfd\x60\xe5\xa6\xf0\xba\x7b\x2e\x34\x9b\x4b\xa3\xc0\xd3\x84"
"\x84\x82\x53\x09\xc8\x9b\xd3\x9f\xe2\x6d\x48\xe2\x07\x97\x4a\xa5\x8e\x14\x08\x4c\x96\x16\x0b\x4a\x07\xa2\x49\x0f\x95\x88\xeb\x40"
"\x5d\x05\x0d\x8b\x00\x34\x67\xe5\x4d\x9b\x36\x49\xe8\x0e\x4b\xe3\x24\x5e\xd2\x7b\x34\xd4\xfd\xb5\x54\xbe\x8f\xa1\x15\x77\x10\x45"
"\x5a\x0f\x43\x7a\xaa\x1e\x82\xfa\x2f\x6c\xc9\x8a\x58\x44\x93\x50\x9c\x11\xe3\x5b\xbe\x23\x6c\xd2\x62\x1a\x5d\x42\xe0\xb4\xc9\x28"
"\x6e\x4b\x42\x50\xfb\x35\xb8\x6d\x03\xc4\xe6\xaa\x27\x98\x77\xd4\x28\xea\x52\x66\x12\xba\x4a\xa7\xe8\xf0\x22\x54\x13\x4d\x2a\x0c"
"\xd1\x98\xab\xda\xf2\xc6\x48\x17\xf7\xa1\x41\x5f\x8d\xaa\xa3\xb2\xc3\x61\x5b\x87\xc9\x81\x43\xb4\x68\xc9\xeb\xe8\xc0\x61\x53\xfc"
"\x81\x6a\x1a\xa7\x9d\x47\xde\x49\x26\x8d\x7b\x3a\xee\x0c\xa7\x74\x1b\x54\x25\x43\x76\x0e\x9b\x72\x52\x96\x58\x81\x8e\x78\x33\x6c"
"\x82\x03\x9d\x19\x68\xba\x85\x42\xd4\xe2\xa3\xc0\x35\x0d\x29\x0b\xed\xa6\xae\xb2\xee\x85\xd0\xe6\xae\x44\x6a\x05\xe8\xf1\x4a\x1a"
"\x8c\x9a\xb9\xf0\xff\xe5\x68\xef\x43\x9e\xd3\x12\xad\xbd\x11\x9c\x54\x1d\x8d\x83\xaa\x46\xd1\x3a\xc4\xad\xf6\x86\xd6\x21\x64\x96"
"\xc2\x3a\x9a\xb5\x49\x66\xb4\x8a\xd8\xfc\x95\x12\xd6\xb4\xa4\xb6\x8c\x41\x4c\xda\x2a\x95\x84\x86\x0c\x9d\x35\xb8\x20\xeb\x8d\xaf"
"\xc9\x38\xf9\x41\xf2\x9e\x44\x83\xa6\x3c\x7b\x6b\x94\x83\x89\x34\xb6\x0b\xa8\x32\xa1\xd8\x1d\x68\xe3\xb0\x19\x0f\xb1\xce\x66\xd2"
"\xc1\x28\xba\x63\xdf\x4f\xf6\xb9\x14\x2a\x3b\x7c\x3f\x89\x4a\x8c\x42\x1c\x9b\x41\xbb\x82\x7a\x14\xdb\x74\x12\x3a\xff\xad\x7e\xe6"
"\x4a\x66\x41\x04\xaa\xe4\x52\x87\xe4\x71\xf1\x7c\xe0\x01\x77\xbe\x99\x4d\x19\xfa\x3e\x26\x68\x98\x03\x3e\xc1\x91\xb2\x2e\x61\xc8"
"\x3e\xea\x61\xc9\x78\x16\x4e\x02\xad\xe1\x30\xe2\xec\xb1\x97\x5c\xcd\x8c\xd0\x56\x3c\x62\x7d\x2b\x9b\x5c\x50\xe5\x22\x87\x4d\x92"
"\xa0\x2a\x3f\xc2\x9a\x7e\xfa\xa4\xcd\x56\x87\x4f\x88\x28\x18\x76\x41\xb2\x8d\x93\x3b\xf6\x35\x23\x05\x74\x46\xc6\x1f\x4d\x0d\xbf"
"\xac\xe9\x08\xa1\x4b\xe2\xb4\x44\x86\x87\x69\x62\x25\xd2\xd0\xf7\x8f\xa6\xe3\x24\x0c\x15\x58\x97\x5e\xe2\xe8\x8e\xdb\x4c\x45\x45"
"\x66\x2d\x01\x7b\xcf\xcf\x5b\x0e\x76\x50\x98\x23\x80\x76\x3d\x24\x69\x98\x47\xcb\x41\x53\xd9\x8b\xa3\x9b\xa6\x8d\x95\xf0\x69\xe3"
"\xfa\xe8\x28\x14\x78\x5b\x72\x62\x79\x98\x1a\x3e\xa6\x44\xf2\x30\x32\x7c\x54\xc0\x54\x2b\x53\xc2\x42\xeb\x10\x36\xc7\x73\x3a\xb2"
"\x74\x4a\xea\xb3\xaa\x2e\x29\xaa\x61\x52\xb8\x81\x42\x07\x64\xc1\x9c\x6f\xe1\x30\x28\xf4\x06\xf5\x24\xcc\x09\xd8\x37\x69\x8d\x46"
"\xb0\xd3\xf5\xdd\x8a\xea\xc3\x8c\x66\xbf\x45\xdb\x41\x09\x47\x13\xf6\xcf\x38\xd9\x1e\xd8\x07\x02\xd1\x8a\xbd\x73\x32\x3b\xb0\xd3"
"\xbd\x85\x3f\xd0\xda\x3f\x94\xf1\xae\x49\x8f\xca\x58\x84\x28\x8a\xf3\x66\x28\x6e\xbf\x06\xc2\x77\x09\x24\x6c\x3b\x71\x40\xc5\xc3"
"\xb1\x1d\x27\x8e\xf6\x5b\x22\x85\x0f\x39\xc7\x2a\x23\xb5\x07\x9d\x70\x60\x3c\x9c\xe1\x1e\x0d\x44\x32\x18\xf0\x30\xe6\x1b\x0b\xb5"
"\x8b\x5e\x98\x85\xef\x37\x18\x4e\xdd\xce\x41\x49\x22\x74\xd6\x71\x10\xdc\x54\xe7\x40\x5d\x60\x12\xb5\xc6\xd9\xb4\x13\x67\xc2\xa5"
"\x56\x56\xa1\xef\x1d\xfe\x03\xbf\x7a\x48\x44\x1e\x0f\x00\x00";
static const ArdAssetChunk Json0[] PROGMEM = {
  {Json0_0,sizeof(Json0_0)-1},
};
#else
static const char Json0_0[] PROGMEM =
"\x1f\x8b\x08\x00\x00\x00\x00\x00\x02\xff\x75\x57\xeb\x6e\xdb\x36\x14\x7e\x15\x22\xc0\x80\x14\xc8\xb2\xc8\x77\xb7\x3f\x0a\x37\x69"
"\x90\x0c\x69\xe2\xd5\x6e\xfb\xa7\xc0\xc0\x48\x94\x45\x84\x22\x35\x92\x8a\x61\x18\x06\xf6\x34\x7b\x85\xfd\xdf\xa3\xec\x49\x76\x0e"
"\xa5\x43\xc9\x69\xf6\xc7\x30\xbf\xc3\xcb\xb9\x7c\xe7\xa2\xfd\x49\x2d\x7f\xbf\xb8\x48\x4e\xde\x9e\x7c\x16\x3c\x93\x7a\xc3\x9c\xe7"
"\xbe\x76\xff\xfe\xf9\xd7\xc9\x59\x23\x1c\x80\xf0\x56\xe7\x86\xd6\x63\x58\x5f\x89\x67\x99\x0a\x42\x26\x11\x61\x9a\x97\x11\x9e\x02"
"\x7c\x27\xbc\x17\xd6\x31\xae\x33\x96\xc9\x8d\xf4\x8e\xe5\xd6\x94\xb0\xde\x31\xc5\xf5\xa6\xe6\x1b\x71\xc6\x5c\xc5\x53\xe1\xce\x58"
"\xb1\xab\x0a\xa1\x9b\xdd\xb5\xce\xe0\x60\x6a\xac\x70\xef\x58\x5d\x31\x6f\xd8\x70\xc0\xbe\xac\xaf\x7f\x9e\xb1\xc7\x9d\x17\xee\x9c"
"\x2d\x96\x61\xe7\xa7\xdf\xd6\x6b\x66\x45\xa5\xe0\x92\xf6\x2a\xb6\x95\xbe\xa0\xeb\xde\xb1\xb4\x80\xa7\x00\xb5\x22\x35\x5a\x8b\xd4"
"\x9f\x93\x8e\x33\xd0\x71\xc5\x9f\xa3\xce\x73\x58\x5f\xf3\xd4\x1b\xbb\x83\xdd\x4e\xf8\x56\x90\x5c\x80\xe0\x92\xeb\x54\x28\x42\xd0"
"\x69\xdf\xe4\xcf\xd7\x92\xc1\xb6\xba\x22\x18\xdd\xb5\x4a\xb9\x66\x5a\xf8\xad\xb1\x4f\x8e\x04\x43\x10\x2c\x9e\xb9\x54\xfc\x51\x89"
"\x1f\xa4\x23\xbc\xbf\x30\xc6\x09\xc6\x49\x48\x32\xf4\xf8\x6a\x75\x7b\x45\xeb\x49\x7c\xb9\xe2\xce\xc1\xce\x8c\x24\xe8\xf2\x8f\x65"
"\xe5\x77\xec\x49\x88\xca\x31\x5f\x80\x47\xc0\xbc\x2c\xee\x64\xb9\xb1\x00\x4b\x47\x8f\x90\x2b\x12\x74\xc5\x65\xe3\x9e\xe0\xd6\x9e"
"\x5b\x12\x74\xcb\xa5\x12\xdc\xb2\xf0\x6e\x0b\x0f\x2e\x08\x76\x0d\x1e\xce\x01\x81\x2c\x84\x79\xb1\x3c\x67\x0f\xf0\xbe\x45\xf7\x78"
"\x60\x16\xba\xbf\xe4\x52\xd3\x83\x03\x74\x20\x84\xb0\xef\xbd\xc1\xa0\xc1\x5a\xdd\xfa\x74\x1a\xa0\xff\xee\xc5\x16\xa3\xfe\xc2\xec"
"\xc1\xe8\x15\xb3\x69\x4f\xa0\x09\xde\x03\x96\x2b\x65\xb6\x8e\xf5\xa8\x7a\xce\x3e\x13\x25\x18\xcf\x81\xa9\x44\x95\xa8\xe4\xb8\x25"
"\x08\xdc\xd2\x42\x23\xd4\xfb\x5a\xda\x72\xcb\x2d\x29\x37\x42\x07\x7d\xe5\xaa\x26\x60\x8c\xae\x59\x09\x4d\x2a\x8e\x51\xfb\x1b\x13"
"\xad\x19\x8f\x5a\x9a\x68\xf0\x4c\x97\x6c\xe3\x71\xc8\x44\x70\x09\xe3\x4a\x45\xcf\xbd\x27\xf1\xa4\xd1\xe6\xf8\xcc\xb4\x0b\x1c\x26"
"\x70\x88\x44\x4f\xfc\x22\x76\xef\x7b\x26\x3f\x4b\x8e\x71\x6a\x77\x4e\x50\x47\xf6\xcf\xdf\xec\x1b\x97\xe1\x26\xa4\xca\xfd\x9a\xec"
"\x9e\x8c\x22\xed\x72\x60\xb1\x00\xcf\x5e\x16\x22\x7d\x62\x48\xcd\x5f\xa2\xbb\x69\x37\x5a\x72\x5a\xc8\x2c\x13\xfa\x0d\x61\xaf\x17"
"\x8a\x49\x30\xa0\x90\x90\xe3\xbb\x2a\x82\x33\x02\x23\xef\x27\xf3\xc6\xd0\x5c\x6e\x6a\x0b\x94\xce\x15\x77\x45\x2b\x9b\xa2\xbf\x97"
"\xc5\xce\xc9\x94\xab\x63\x09\x86\x6b\x6d\x3c\xc0\x85\xe0\x44\xb4\x29\x12\xed\x8b\xe6\x94\x8f\x04\xa3\x0b\xae\xad\x10\x47\x7b\xd1"
"\xf0\x87\xf5\xa2\xa9\x2d\x04\xa2\x7d\x5f\x2a\x2f\xa3\x19\xd3\x60\x1d\xf7\x22\x64\x41\x5f\x80\xf6\xbd\xee\xd3\x69\x2f\xe9\x04\x71"
"\x65\x8a\x76\x5e\x49\x97\xbe\xc0\x67\x68\xe3\xdd\xe2\x9e\xdd\xd2\xf1\x59\x9b\x42\x1d\x80\x66\x95\xa6\xd6\xbd\x53\x68\x92\x36\x9e"
"\xbd\x80\x47\x5d\x2c\x4c\x9e\x2b\xa9\x8f\x93\xc1\x33\xac\xd5\x1a\xf2\xed\x76\xd9\xa6\x06\x25\xe5\x8b\x14\x99\xe3\x9b\x37\xeb\xf5"
"\x92\x09\x6b\xc1\xba\x7d\xd3\x41\x0e\x24\x46\xb7\xec\x33\xbe\x73\x07\x86\xbf\x6c\x5f\x98\xda\xc2\xa2\x60\xfb\x52\xea\x1a\x2a\xf9"
"\x81\xc1\x1f\x38\x87\xaf\x67\xb0\xa2\xa2\x38\x9f\x11\xe3\xde\xb2\xfd\x56\xe6\xf2\x80\xec\xc4\x72\x0f\xeb\xf2\x0f\xef\x0f\x7b\xaf"
"\xdc\x61\x9f\x2a\x93\x3e\x05\xd9\xed\x12\x24\xb2\x3a\xec\x79\x15\xdf\x47\x6f\xde\xb5\xad\xa6\xc1\x92\xd0\xf0\xd6\xdc\x6e\x20\xcf"
"\xbc\x28\x2b\x61\x41\x63\x1b\xa5\x68\xd0\x65\x6d\xad\xd0\xaf\x8a\xd1\xa1\x9f\x4c\x16\xd7\xa3\xd0\x33\x34\x38\xb8\xc3\x30\xe4\x4b"
"\x68\x20\x8e\x00\x34\x65\x01\x09\xfa\x0c\x04\x21\x0c\x35\xbb\x37\x1e\x0c\x4b\xb9\x97\x46\xb7\x78\xe8\x35\xb7\x9f\x99\x93\x1b\x0d"
"\xac\x3d\xfd\x75\xf5\x70\xff\x86\x64\xa8\xf9\xd2\x6c\x85\x25\x00\x95\xfd\x60\xe5\xa6\xf0\xba\x7b\x2e\x34\x9b\x4b\xa3\xc0\xd3\x84"
"\x84\x82\x53\x09\xc8\x9b\xd3\x9f\xe2\x6d\x48\xe2\x07\x97\x4a\xa5\x8e\x14\x08\x4c\x96\x16\x0b\x4a\x07\xa2\x49\x0f\x95\x88\xeb\x40"
"\x5d\x05\x0d\x8b\x00\x34\x67\xe5\x4d\x9b\x36\x49\xe8\x0e\x4b\xe3\x24\x5e\xd2\x7b\x34\xd4\xfd\xb5\x54\xbe\x8f\xa1\x15\x77\x10\x45"
"\x5a\x0f\x43\x7a\xaa\x1e\x82\xfa\x2f\x6c\xc9\x8a\x58\x44\x93\x50\x9c\x11\xe3\x5b\xbe\x23\x6c\xd2\x62\x1a\x5d\x42\xe0\xb4\xc9\x28"
"\x6e\x4b\x42\x50\xfb\x35\xb8\x6d\x03\xc4\xe6\xaa\x27\x98\x77\xd4\x28\xea\x52\x66\x12\xba\x4a\xa7\xe8\xf0\x22\x54\x13\x4d\x2a\x0c"
"\xd1\x98\xab\xda\xf2\xc6\x48\x17\xf7\xa1\x41\x5f\x8d\xaa\xa3\xb2\xc3\x61\x5b\x87\xc9\x81\x43\xb4\x68\xc9\xeb\xe8\xc0\x61\x53\xfc"
"\x81\x6a\x1a\xa7\x9d\x47\xde\x49\x26\x8d\x7b\x3a\xee\x0c\xa7\x74\x1b\x54\x25\x43\x76\x0e\x9b\x72\x52\x96\x58\x81\x8e\x78\x33\x6c"
"\x82\x03\x9d\x19\x68\xba\x85\x42\xd4\xe2\xa3\xc0\x35\x0d\x29\x0b\xed\xa6\xae\xb2\xee\x85\xd0\xe6\xae\x44\x6a\x05\xe8\xf1\x4a\x1a"
"\x8c\x9a\xb9\xf0\xff\xe5\x68\xef\x43\x9e\xd3\x12\xad\xbd\x11\x9c\x54\x1d\x8d\x83\xaa\x46\xd1\x3a\xc4\xad\xf6\x86\xd6\x21\x64\x96"
"\xc2\x3a\x9a\xb5\x49\x66\xb4\x8a\xd8\xfc\x95\x12\xd6\xb4\xa4\xb6\x8c\x41\x4c\xda\x2a\x95\x84\x86\x0c\x9d\x35\xb8\x20\xeb\x8d\xaf"
"\xc9\x38\xf9\x41\xf2\x9e\x44\x83\xa6\x3c\x7b\x6b\x94\x83\x89\x34\xb6\x0b\xa8\x32\xa1\xd8\x1d\x68\xe3\xb0\x19\x0f\xb1\xce\x66\xd2"
"\xc1\x28\xba\x63\xdf\x4f\xf6\xb9\x14\x2a\x3b\x7c\x3f\x89\x4a\x8c\x42\x1c\x9b\x41\xbb\x82\x7a\x14\xdb\x74\x12\x3a\xff\xad\x7e\xe6"
"\x4a\x66\x41\x04\xaa\xe4\x52\x87\xe4\x71\xf1\x7c\xe0\x01\x77\xbe\x99\x4d\x19\xfa\x3e\x26\x68\x98\x03\x3e\xc1\x91\xb2\x2e\x61\xc8"
"\x3e\xea\x61\xc9\x78\x16\x4e\x02\xad\xe1\x30\xe2\xec\xb1\x97\x5c\xcd\x8c\xd0\x56\x3c\x62\x7d\x2b\x9b\x5c\x50\xe5\x22\x87\x4d\x92"
"\xa0\x2a\x3f\xc2\x9a\x7e\xfa\xa4\xcd\x56\x87\x4f\x88\x28\x18\x76\x41\xb2\x8d\x93\x3b\xf6\x35\x23\x05\x74\x46\xc6\x1f\x4d\x0d\xbf"
"\xac\xe9\x08\xa1\x4b\xe2\xb4\x44\x86\x87\x69\x62\x25\xd2\xd0\xf7\x8f\xa6\xe3\x24\x0c\x15\x58\x97\x5e\xe2\xe8\x8e\xdb\x4c\x45\x45"
"\x66\x2d\x01\x7b\xcf\xcf\x5b\x0e\x76\x50\x98\x23\x80\x76\x3d\x24\x69\x98\x47\xcb\x41\x53\xd9\x8b\xa3\x9b\xa6\x8d\x95\xf0\x69\xe3"
"\xfa\xe8\x28\x14\x78\x5b\x72\x62\x79\x98\x1a\x3e\xa6\x44\xf2\x30\x32\x7c\x54\xc0\x54\x2b\x53\xc2\x42\xeb\x10\x36\xc7\x73\x3a\xb2"
"\x74\x4a\xea\xb3\xaa\x2e\x29\xaa\x61\x52\xb8\x81\x42\x07\x64\xc1\x9c\x6f\xe1\x30\x28\xf4\x06\xf5\x24\xcc\x09\xd8\x37\x69\x8d\x46"
"\xb0\xd3\xf5\xdd\x8a\xea\xc3\x8c\x66\xbf\x45\xdb\x41\x09\x47\x13\xf6\xcf\x38\xd9\x1e\xd8\x07\x02\xd1\x8a\xbd\x73\x32\x3b\xb0\xd3"
"\xbd\x85\x3f\xd0\xda\x3f\x94\xf1\xae\x49\x8f\xca\x58\x84\x28\x8a\xf3\x66\x28\x6e\xbf\x06\xc2\x77\x09\x24\x6c\x3b\x71\x40\xc5\xc3"
"\xb1\x1d\x27\x8e\xf6\x5b\x22\x85\x0f\x39\xc7\x2a\x23\xb5\x07\x9d\x70\x60\x3c\x9c\xe1\x1e\x0d\x44\x32\x18\xf0\x30\xe6\x1b\x0b\xb5"
"\x8b\x5e\x98\x85\xef\x37\x18\x4e\xdd\xce\x41\x49\x22\x74\xd6\x71\x10\xdc\x54\xe7\x40\x5d\x60\x12\xb5\xc6\xd9\xb4\x13\x67\xc2\xa5"
"\x56\x56\xa1\xef\x1d\xfe\x03\xbf\x7a\x48\x44\x1e\x0f\x00\x00";
static const ArdAssetChunk Json0[] PROGMEM = {
  {Json0_0,sizeof(Json0_0)-1},
};
#endif
#else
#if ARDPORTAL_ENABLE_MQTT_TLS
static const char Json0_0[] PROGMEM =
"\x1f\x8b\x08\x00\x00\x00\x00\x00\x02\xff\x6d\x56\xdb\x6e\xdb\x46\x10\xfd\x95\x81\x9e\x12\xc0\x71\x45\x59\x37\x27\x0f\x86\x62\xd7"
"\x88\x01\xc7\x56\x23\xb9\x79\x09\x50\xac\xc9\xa5\xb9\x30\xb9\xcb\xee\x2e\x25\x08\x04\x81\x7e\x4d\x7f\xa1\xef\xfd\x94\x7e\x49\x67"
"\x96\x1c\xea\x12\xbf\x08\xda\x33\x7b\x99\x39\x73\x66\x86\xf5\xa0\x52\x7f\x0c\x87\xd1\xe0\xe3\xe0\x9b\x14\x89\xd2\x2f\xe0\xbc\xf0"
"\x95\xfb\xef\xaf\xbf\x07\x67\xad\x71\x84\xc6\x3b\x9d\x1a\x5e\x4f\x70\x7d\x23\x37\x2a\x96\x8c\x4c\x7b\x04\xb4\x28\x7a\x78\x86\xf0"
"\xbd\xf4\x5e\x5a\x07\x42\x27\x90\xa8\x17\xe5\x1d\xa4\xd6\x14\xb8\xde\x41\x2e\xf4\x4b\x25\x5e\xe4\x19\xb8\x52\xc4\xd2\x9d\x41\xb6"
"\x2b\x33\xa9\xdb\xdd\x95\x4e\xf0\x60\x6c\xac\x74\x9f\xa0\x2a\xc1\x1b\xb8\x18\xc1\xd3\xfa\xf6\xc3\x1c\x9e\x77\x5e\xba\x73\x58\x2c"
"\xc3\xce\xaf\xbf\xad\xd7\x60\x65\x99\xe3\x25\xdd\x55\xb0\x55\x3e\xe3\xeb\x3e\x41\x9c\xe1\x53\x88\x5a\x19\x1b\xad\x65\xec\xcf\xd9"
"\xc7\x39\xfa\xb8\x12\x9b\xde\xe7\x4b\x5c\xdf\x8a\xd8\x1b\xbb\xc3\xdd\x4e\xfa\xce\x10\x0d\xd1\x70\x2d\x74\x2c\x73\x46\x88\xb4\xef"
"\xea\xc3\xad\x02\xdc\x56\x95\x0c\x13\x5d\xab\x58\x68\xd0\xd2\x6f\x8d\x7d\x75\x6c\xb8\x40\xc3\x62\x23\x54\x2e\x9e\x73\xf9\x93\x75"
"\x4c\xf7\x67\xc6\x38\x09\x82\x8d\x6c\x23\xc6\x57\xab\xbb\x1b\x5e\x4f\xfb\x97\x4b\xe1\x1c\xee\x4c\xd8\x42\x94\xff\x5a\x94\x7e\x07"
"\xaf\x52\x96\x0e\x7c\x86\x8c\x60\x78\x49\xbf\x13\x52\x63\x11\x56\x8e\x1f\x61\x2a\x22\xa2\xe2\xba\xa5\x27\xd0\x7a\x40\x4b\x44\xb4"
"\x5c\xe7\x52\x58\x08\xef\x76\xf0\x68\xc8\xb0\x6b\xf1\x70\x0e\x05\x64\x31\xcd\x8b\xe5\x39\x3c\xe2\xfb\x96\xe8\xf1\xa8\x2c\xa2\xbf"
"\x10\x4a\xf3\x83\x23\x22\x10\x53\x78\xc8\xde\x68\xd4\x62\x9d\x6f\x87\x72\x1a\x11\x7f\x0f\x72\x4b\x59\x3f\x09\x7b\x34\x7e\x23\x6c"
"\xde\x13\x64\x42\xf7\x60\xe4\x79\x6e\xb6\x0e\x0e\xa4\x7a\x0e\xdf\x58\x12\x20\x52\x54\x2a\x4b\xa5\x77\x72\xd2\x09\x04\x6f\xe9\xa0"
"\x31\xf9\x7d\xab\x6c\xb1\x15\x96\x9d\x1b\x13\x41\xbf\x8b\xbc\x62\x60\x42\xde\x7e\x31\xbd\xf7\x93\x71\x27\x0b\x8d\x4c\xec\x8b\x6b"
"\x32\x09\x95\x87\x14\x80\xc8\xf3\x9e\xa9\x2b\x36\x4f\xdb\xd7\x8f\xcf\xcc\xf6\x89\xa2\x82\x0d\xcc\x1f\x98\x4f\x72\x75\x75\x10\xe2"
"\x46\x09\xca\x4b\xb7\x73\x4a\x3e\xc2\xbf\xff\xc0\x77\xa1\xc2\x4d\x24\x8d\x87\x35\xc7\x39\x1d\xf7\x32\x4b\x51\xb5\x12\x99\xbc\xce"
"\x64\xfc\x0a\x24\xc5\x5f\x7a\x7a\x79\x37\x45\xf2\x2e\x53\x49\x22\xf5\x7b\xc6\xde\x6e\x0c\xd3\x10\x40\xa6\xb0\xa6\x77\x65\x0f\xce"
"\x19\xec\x75\x3e\xbd\x6c\x03\x4d\xd5\x4b\x65\x51\xc2\x69\x2e\x5c\xd6\xd9\x66\x24\xbd\x65\xb6\x73\x2a\x16\xf9\xb1\x85\xd2\xb3\x36"
"\x1e\xe1\x4c\x0a\x16\xd6\x8c\x84\xf5\xa4\x05\xd7\x1f\xc3\x44\xc1\xad\x95\xf2\x68\x2f\x05\xfe\xb8\x5e\xb4\xbd\x84\x41\x8a\xef\xa9"
"\xf4\xaa\x0f\x63\x16\xa2\x13\x5e\x06\xd5\x1f\x1a\x28\xbe\xb7\x39\x9d\x1d\x14\x99\x64\xf9\xce\x28\xce\x1b\xe5\xe2\x13\x7c\x4e\x31"
"\xde\x2f\x1e\xe0\x8e\x8f\xcf\xbb\x92\xd9\x03\x14\x56\x61\x2a\x7d\x70\x8a\x42\xd2\xc6\xc3\x09\x3c\xde\xe7\xc2\xa4\x69\xae\xf4\xb1"
"\xf8\x3d\x50\x6f\xd6\x58\x5f\x77\xcb\xae\x14\xb8\x08\x4f\x4a\xe2\x92\xde\xfc\xb2\x5e\x2f\x41\x5a\x8b\xd1\xd5\xed\xc4\x68\xd8\x4c"
"\xb4\xd4\x89\xd8\xb9\x06\xe8\x17\xea\xcc\x54\x16\x17\x19\xd4\x85\xd2\x15\x76\xee\x06\xf0\x0f\x9e\xa3\xd7\x13\x5c\x71\x13\xbc\x9c"
"\xb3\xe2\x3e\x42\xbd\x55\xa9\x6a\x48\x9d\xd4\xde\x71\x5d\xfc\xe9\x7d\x53\xfb\xdc\x35\x75\x9c\x9b\xf8\x35\xd8\xee\x96\x68\x51\x65"
"\x53\x8b\xb2\x7f\x9f\xd8\xbc\xef\x46\x4b\x8b\x45\xa1\x3c\x4f\x83\x6f\xc5\xdc\x11\xa0\x0c\xf7\xa5\x68\x32\x6c\x6b\x92\xda\x18\x24"
"\x07\x83\x2e\x9a\x44\x3f\x59\xae\xd8\x34\x6a\x13\xeb\xad\xc9\x1d\xce\xae\x5e\x68\xe8\x5f\xa0\xa9\xe1\x8d\x17\xed\x20\xa1\x0c\x25"
"\xca\xe1\xd0\xda\xc1\x8f\x41\x9d\x2a\x99\x27\xcd\x8f\x41\xef\x04\xa5\xeb\xde\xb4\x23\xb9\xc4\x48\xfa\x02\x8f\x42\xcf\xb8\xd3\x1b"
"\x91\xab\x24\x98\xd0\x95\x54\x69\x45\x31\xb8\xfe\xfc\x34\xb0\xe0\x7c\x3b\xc5\xf0\x57\x38\xa3\xd9\x48\x02\xfd\x8a\x47\x8a\xaa\xc0"
"\x71\x7c\xa4\xfe\x68\x32\x0f\x27\x2d\x66\xdc\x07\x1c\x9e\x89\xee\xce\x1a\x7a\x46\xc7\xa4\x6d\x99\x40\x0f\xd9\x38\xee\x84\x0f\xe2"
"\xd9\x54\xf8\x0b\x6d\xc2\x43\x11\x50\x33\x64\xef\x42\xb3\x58\xc9\x38\x94\xf5\xd1\xb0\x8b\x42\xcf\x78\x2c\xa5\x3e\xc1\x43\x31\x1c"
"\x0c\x9f\x28\xd4\x02\x69\x83\xd7\x94\x01\x78\xb7\xbe\x5f\xbd\x67\x84\xfb\xdb\xa2\x53\x09\xe3\xe4\x66\xbd\xa1\x6e\xdd\xc0\x67\x06"
"\xc9\xa5\xda\x39\x95\x34\xf0\xae\xb6\xf8\x07\xe5\xfb\xb9\xe0\xbb\x2e\x87\xc1\xe3\x6e\x90\x85\x91\x8a\x0a\xea\x8a\x07\x3f\x4d\x68"
"\xe2\x50\xf1\x74\x63\x30\xc6\x6f\x10\x07\xa5\x51\xda\xe3\xd3\xd4\xfb\x9a\x33\xda\xa3\x91\x34\x43\xc1\x85\x09\x65\x2c\x76\x29\xe6"
"\x64\x1e\x3e\x3d\xb0\xcf\xba\x9d\xf3\xb2\x60\x74\xbe\xe7\xbb\x10\xba\x4a\xf1\xdb\x04\x59\xb3\x6c\x9e\xed\xcd\x89\x74\xb1\x55\x25"
"\xc9\x60\xd0\xfc\x0f\x0f\x1c\xe1\x5f\xd9\x09\x00\x00";
static const ArdAssetChunk Json0[] PROGMEM = {
  {Json0_0,sizeof(Json0_0)-1},
};
#else
static const char Json0_0[] PROGMEM =
"\x1f\x8b\x08\x00\x00\x00\x00\x00\x02\xff\x6d\x56\xdb\x6e\xdb\x46\x10\xfd\x95\x81\x9e\x12\xc0\x71\x45\x59\x37\x27\x0f\x86\x62\xd7"
"\x88\x01\xc7\x56\x23\xb9\x79\x09\x50\xac\xc9\xa5\xb9\x30\xb9\xcb\xee\x2e\x25\x08\x04\x81\x7e\x4d\x7f\xa1\xef\xfd\x94\x7e\x49\x67"
"\x96\x1c\xea\x12\xbf\x08\xda\x33\x7b\x99\x39\x73\x66\x86\xf5\xa0\x52\x7f\x0c\x87\xd1\xe0\xe3\xe0\x9b\x14\x89\xd2\x2f\xe0\xbc\xf0"
"\x95\xfb\xef\xaf\xbf\x07\x67\xad\x71\x84\xc6\x3b\x9d\x1a\x5e\x4f\x70\x7d\x23\x37\x2a\x96\x8c\x4c\x7b\x04\xb4\x28\x7a\x78\x86\xf0"
"\xbd\xf4\x5e\x5a\x07\x42\x27\x90\xa8\x17\xe5\x1d\xa4\xd6\x14\xb8\xde\x41\x2e\xf4\x4b\x25\x5e\xe4\x19\xb8\x52\xc4\xd2\x9d\x41\xb6"
"\x2b\x33\xa9\xdb\xdd\x95\x4e\xf0\x60\x6c\xac\x74\x9f\xa0\x2a\xc1\x1b\xb8\x18\xc1\xd3\xfa\xf6\xc3\x1c\x9e\x77\x5e\xba\x73\x58\x2c"
"\xc3\xce\xaf\xbf\xad\xd7\x60\x65\x99\xe3\x25\xdd\x55\xb0\x55\x3e\xe3\xeb\x3e\x41\x9c\xe1\x53\x88\x5a\x19\x1b\xad\x65\xec\xcf\xd9"
"\xc7\x39\xfa\xb8\x12\x9b\xde\xe7\x4b\x5c\xdf\x8a\xd8\x1b\xbb\xc3\xdd\x4e\xfa\xce\x10\x0d\xd1\x70\x2d\x74\x2c\x73\x46\x88\xb4\xef"
"\xea\xc3\xad\x02\xdc\x56\x95\x0c\x13\x5d\xab\x58\x68\xd0\xd2\x6f\x8d\x7d\x75\x6c\xb8\x40\xc3\x62\x23\x54\x2e\x9e\x73\xf9\x93\x75"
"\x4c\xf7\x67\xc6\x38\x09\x82\x8d\x6c\x23\xc6\x57\xab\xbb\x1b\x5e\x4f\xfb\x97\x4b\xe1\x1c\xee\x4c\xd8\x42\x94\xff\x5a\x94\x7e\x07"
"\xaf\x52\x96\x0e\x7c\x86\x8c\x60\x78\x49\xbf\x13\x52\x63\x11\x56\x8e\x1f\x61\x2a\x22\xa2\xe2\xba\xa5\x27\xd0\x7a\x40\x4b\x44\xb4"
"\x5c\xe7\x52\x58\x08\xef\x76\xf0\x68\xc8\xb0\x6b\xf1\x70\x0e\x05\x64\x31\xcd\x8b\xe5\x39\x3c\xe2\xfb\x96\xe8\xf1\xa8\x2c\xa2\xbf"
"\x10\x4a\xf3\x83\x23\x22\x10\x53\x78\xc8\xde\x68\xd4\x62\x9d\x6f\x87\x72\x1a\x11\x7f\x0f\x72\x4b\x59\x3f\x09\x7b\x34\x7e\x23\x6c"
"\xde\x13\x64\x42\xf7\x60\xe4\x79\x6e\xb6\x0e\x0e\xa4\x7a\x0e\xdf\x58\x12\x20\x52\x54\x2a\x4b\xa5\x77\x72\xd2\x09\x04\x6f\xe9\xa0"
"\x31\xf9\x7d\xab\x6c\xb1\x15\x96\x9d\x1b\x13\x41\xbf\x8b\xbc\x62\x60\x42\xde\x7e\x31\xbd\xf7\x93\x71\x27\x0b\x8d\x4c\xec\x8b\x6b"
"\x32\x09\x95\x87\x14\x80\xc8\xf3\x9e\xa9\x2b\x36\x4f\xdb\xd7\x8f\xcf\xcc\xf6\x89\xa2\x82\x0d\xcc\x1f\x98\x4f\x72\x75\x75\x10\xe2"
"\x46\x09\xca\x4b\xb7\x73\x4a\x3e\xc2\xbf\xff\xc0\x77\xa1\xc2\x4d\x24\x8d\x87\x35\xc7\x39\x1d\xf7\x32\x4b\x51\xb5\x12\x99\xbc\xce"
"\x64\xfc\x0a\x24\xc5\x5f\x7a\x7a\x79\x37\x45\xf2\x2e\x53\x49\x22\xf5\x7b\xc6\xde\x6e\x0c\xd3\x10\x40\xa6\xb0\xa6\x77\x65\x0f\xce"
"\x19\xec\x75\x3e\xbd\x6c\x03\x4d\xd5\x4b\x65\x51\xc2\x69\x2e\x5c\xd6\xd9\x66\x24\xbd\x65\xb6\x73\x2a\x16\xf9\xb1\x85\xd2\xb3\x36"
"\x1e\xe1\x4c\x0a\x16\xd6\x8c\x84\xf5\xa4\x05\xd7\x1f\xc3\x44\xc1\xad\x95\xf2\x68\x2f\x05\xfe\xb8\x5e\xb4\xbd\x84\x41\x8a\xef\xa9"
"\xf4\xaa\x0f\x63\x16\xa2\x13\x5e\x06\xd5\x1f\x1a\x28\xbe\xb7\x39\x9d\x1d\x14\x99\x64\xf9\xce\x28\xce\x1b\xe5\xe2\x13\x7c\x4e\x31"
"\xde\x2f\x1e\xe0\x8e\x8f\xcf\xbb\x92\xd9\x03\x14\x56\x61\x2a\x7d\x70\x8a\x42\xd2\xc6\xc3\x09\x3c\xde\xe7\xc2\xa4\x69\xae\xf4\xb1"
"\xf8\x3d\x50\x6f\xd6\x58\x5f\x77\xcb\xae\x14\xb8\x08\x4f\x4a\xe2\x92\xde\xfc\xb2\x5e\x2f\x41\x5a\x8b\xd1\xd5\xed\xc4\x68\xd8\x4c"
"\xb4\xd4\x89\xd8\xb9\x06\xe8\x17\xea\xcc\x54\x16\x17\x19\xd4\x85\xd2\x15\x76\xee\x06\xf0\x0f\x9e\xa3\xd7\x13\x5c\x71\x13\xbc\x9c"
"\xb3\xe2\x3e\x42\xbd\x55\xa9\x6a\x48\x9d\xd4\xde\x71\x5d\xfc\xe9\x7d\x53\xfb\xdc\x35\x75\x9c\x9b\xf8\x35\xd8\xee\x96\x68\x51\x65"
"\x53\x8b\xb2\x7f\x9f\xd8\xbc\xef\x46\x4b\x8b\x45\xa1\x3c\x4f\x83\x6f\xc5\xdc\x11\xa0\x0c\xf7\xa5\x68\x32\x6c\x6b\x92\xda\x18\x24"
"\x07\x83\x2e\x9a\x44\x3f\x59\xae\xd8\x34\x6a\x13\xeb\xad\xc9\x1d\xce\xae\x5e\x68\xe8\x5f\xa0\xa9\xe1\x8d\x17\xed\x20\xa1\x0c\x25"
"\xca\xe1\xd0\xda\xc1\x8f\x41\x9d\x2a\x99\x27\xcd\x8f\x41\xef\x04\xa5\xeb\xde\xb4\x23\xb9\xc4\x48\xfa\x02\x8f\x42\xcf\xb8\xd3\x1b"
"\x91\xab\x24\x98\xd0\x95\x54\x69\x45\x31\xb8\xfe\xfc\x34\xb0\xe0\x7c\x3b\xc5\xf0\x57\x38\xa3\xd9\x48\x02\xfd\x8a\x47\x8a\xaa\xc0"
"\x71\x7c\xa4\xfe\x68\x32\x0f\x27\x2d\x66\xdc\x07\x1c\x9e\x89\xee\xce\x1a\x7a\x46\xc7\xa4\x6d\x99\x40\x0f\xd9\x38\xee\x84\x0f\xe2"
"\xd9\x54\xf8\x0b\x6d\xc2\x43\x11\x50\x33\x64\xef\x42\xb3\x58\xc9\x38\x94\xf5\xd1\xb0\x8b\x42\xcf\x78\x2c\xa5\x3e\xc1\x43\x31\x1c"
"\x0c\x9f\x28\xd4\x02\x69\x83\xd7\x94\x01\x78\xb7\xbe\x5f\xbd\x67\x84\xfb\xdb\xa2\x53\x09\xe3\xe4\x66\xbd\xa1\x6e\xdd\xc0\x67\x06"
"\xc9\xa5\xda\x39\x95\x34\xf0\xae\xb6\xf8\x07\xe5\xfb\xb9\xe0\xbb\x2e\x87\xc1\xe3\x6e\x90\x85\x91\x8a\x0a\xea\x8a\x07\x3f\x4d\x68"
"\xe2\x50\xf1\x74\x63\x30\xc6\x6f\x10\x07\xa5\x51\xda\xe3\xd3\xd4\xfb\x9a\x33\xda\xa3\x91\x34\x43\xc1\x85\x09\x65\x2c\x76\x29\xe6"
"\x64\x1e\x3e\x3d\xb0\xcf\xba\x9d\xf3\xb2\x60\x74\xbe\xe7\xbb\x10\xba\x4a\xf1\xdb\x04\x59\xb3\x6c\x9e\xed\xcd\x89\x74\xb1\x55\x25"
"\xc9\x60\xd0\xfc\x0f\x0f\x1c\xe1\x5f\xd9\x09\x00\x00";
static const ArdAssetChunk Json0[] PROGMEM = {
  {Json0_0,sizeof(Json0_0)-1},
};
#endif
#endif
#endif
#else
static const char Json0_0[] PROGMEM =
"\x6c\x56\xcd\x6e\xdb\x38\x10\x7e\x95\x41\x4e\x29\x90\x66\x2d\xd7\x7f\x69\x0f\x81\x9b\xac\xd1\x00\x69\xe2\xad\x9d\xed\x71\xc1\x48"
"\x94\x45\x44\x22\xb5\x24\x15\xc3\x10\x0c\xec\xd3\xec\x2b\xec\x7d\x1f\xa5\x4f\xd2\x19\x4a\x23\xcb\x6e\x2e\x82\xf9\x0d\xc9\x99\xf9"
"\xf8\xcd\x8c\xeb\xb3\x4a\xfd\x35\x18\x44\x67\x1f\xcf\xbe\x49\x91\x28\xbd\x01\xe7\x85\xaf\xdc\x8f\x7f\xfe\x3d\xbb\x68\x8c\x43\x34"
"\xde\xe9\xd4\xf0\x7a\x8c\xeb\x5b\xf9\xaa\x62\xc9\xc8\xa4\x43\x40\x8b\xa2\x83\xa7\x08\xdf\x4b\xef\xa5\x75\x20\x74\x02\x89\xda\x28"
"\xef\x20\xb5\xa6\xc0\xf5\x0e\x72\xa1\x37\x95\xd8\xc8\x0b\x70\xa5\x88\xa5\xbb\x80\x6c\x57\x66\x52\x37\xbb\x2b\x9d\xe0\xc1\xd8\x58"
"\xe9\x3e\x41\x55\x82\x37\xf0\x61\x08\x4f\xeb\xc5\xfb\x19\x3c\xef\xbc\x74\x97\x30\x5f\x86\x9d\x5f\xff\x58\xaf\xc1\xca\x32\xc7\x4b"
"\xda\xab\x60\xab\x7c\xc6\xd7\x7d\x82\x38\x43\x57\x88\x5a\x19\x1b\xad\x65\xec\x2f\x39\xc6\x19\xc6\xb8\x12\xaf\x5d\xcc\x57\xb8\x5e"
"\x88\xd8\x1b\xbb\xc3\xdd\x4e\xfa\xd6\x10\x0d\xd0\x70\x23\x74\x2c\x73\x46\x88\xb4\xef\xea\xfd\x42\x01\x6e\xab\x4a\x86\x89\xae\x55"
"\x2c\x34\x68\xe9\xb7\xc6\xbe\x38\x36\x7c\x40\xc3\xfc\x55\xa8\x5c\x3c\xe7\xf2\x17\xeb\x88\xee\xcf\x8c\x71\x12\x04\x1b\xd9\x46\x8c"
"\xaf\x56\x77\xb7\xbc\x9e\x74\x9e\x4b\xe1\x1c\xee\x4c\xd8\x42\x94\xff\x5e\x94\x7e\x07\x2f\x52\x96\x0e\x7c\x86\x8c\x60\x7a\x49\xb7"
"\x13\x52\x63\x11\x56\x8e\x9d\x30\x15\x11\x51\x71\xd3\xd0\x13\x68\xed\xd1\x12\x11\x2d\x37\xb9\x14\x16\x82\xdf\x16\x1e\x0e\x18\x76"
"\x0d\x1e\xce\xa1\x80\x2c\x3e\xf3\x7c\x79\x09\x8f\xe8\xdf\x12\x3d\x1e\x95\x45\xf4\x17\x42\x69\x76\x38\x24\x02\xf1\x09\xfb\xec\x0d"
"\x87\x0d\xd6\xc6\xd6\x97\xd3\x90\xf8\x7b\x90\x5b\x7a\xf5\x93\xb4\x87\xa3\x37\xd2\xe6\x3d\x41\x26\x74\x0f\x66\x9e\xe7\x66\xeb\xa0"
"\x27\xd5\x4b\xf8\xc6\x92\x00\x91\xa2\x52\x59\x2a\x5d\x90\xe3\x56\x20\x78\x4b\x0b\x8d\x28\xee\x85\xb2\xc5\x56\x58\x0e\x6e\x44\x04"
"\xfd\x29\xf2\x8a\x81\x31\x45\xfb\xc5\x74\xd1\x8f\x47\xad\x2c\x34\x32\x71\x28\xae\xf1\x38\x54\x1e\x52\x00\x22\xcf\x3b\xa6\xae\xd9"
"\x3c\x69\xbc\x1f\x9f\x99\x1e\x1e\x8a\x0a\x36\x30\xdf\x33\x9f\xbc\xd5\x75\x2f\xc5\x57\x25\xe8\x5d\xda\x9d\x13\x8a\x11\xfe\xff\x0f"
"\xbe\x0b\x15\x6e\x22\x69\x3c\xac\x39\xcf\xc9\xa8\x93\x59\x8a\xaa\x95\xc8\xe4\x4d\x26\xe3\x17\x20\x29\xfe\xd6\xd1\xcb\xbb\x29\x93"
"\xf3\x4c\x25\x89\xd4\xef\x18\x7b\xbb\x31\x4c\x42\x02\x99\xc2\x9a\xde\x95\x1d\x38\x63\xb0\xd3\xf9\xe4\xaa\x49\x34\x55\x9b\xca\xa2"
"\x84\xd3\x5c\xb8\xac\xb5\x4d\x49\x7a\xcb\x6c\xe7\x54\x2c\xf2\x63\x0b\x3d\xcf\xda\x78\x84\x33\x29\x58\x58\x53\x12\xd6\x93\x16\x5c"
"\x7f\x0c\x13\x05\x0b\x2b\xe5\xd1\x5e\x4a\xfc\x71\x3d\x6f\x7a\x09\x83\x94\xdf\x53\xe9\x55\x97\xc6\x34\x64\x27\xbc\x0c\xaa\xef\x1b"
"\x28\xbf\xb7\x39\x9d\xf6\x8a\x4c\xb2\x7c\xa7\x94\xe7\xad\x72\xf1\x09\x3e\xa3\x1c\xef\xe7\x0f\x70\xc7\xc7\x67\x6d\xc9\x1c\x00\x4a"
"\xab\x30\x95\xee\x9d\xa2\x94\xb4\xf1\x70\x02\x8f\x0e\x6f\x61\xd2\x34\x57\xfa\x58\xfc\x1e\xa8\x37\x6b\xac\xaf\xbb\x65\x5b\x0a\x5c"
"\x84\x27\x25\x71\x45\x3e\xbf\xac\xd7\x4b\x90\xd6\x62\x76\x75\x33\x31\xf6\x6c\x26\x5a\xea\x44\xec\xdc\x1e\xe8\x0b\x75\x66\x2a\x8b"
"\x8b\x0c\xea\x42\xe9\x0a\x3b\xf7\x1e\xf0\x07\x9e\x23\xef\x09\xae\xb8\x09\x5e\xcd\x58\x71\x1f\xa1\xde\xaa\x54\xed\x49\x9d\xd4\xde"
"\x71\x5d\xfc\xed\xfd\xbe\xf6\xb9\xdb\xd7\x71\x6e\xe2\x97\x60\xbb\x5b\xa2\x45\x95\xfb\x5a\x94\x9d\x7f\x62\xf3\xbe\x1d\x2d\x0d\x16"
"\x85\xf2\x3c\x4d\xbe\x11\x73\x4b\x80\x32\xdc\x97\xa2\xf1\xa0\xa9\x49\x6a\x63\x90\xf4\x06\x5d\x34\x8e\x7e\xb1\x5c\xb3\x69\x12\xbc"
"\x3a\xdf\x4c\x0d\xfc\x0a\x67\x34\x1b\x49\x10\x5f\x95\x56\x45\x55\xe0\xf8\x3b\x52\x5b\x34\x9e\x85\x93\x16\x19\xf6\x01\x87\x67\x4a"
"\xaf\xb5\x86\x1a\x6d\x23\xb7\x8d\x67\x54\x15\x1b\x47\xad\xd0\x40\x3c\x9b\x0a\xbf\xd0\x10\x1c\x44\x47\xcd\x87\x53\x0a\xc5\xb9\x92"
"\x71\x28\xa3\xa3\xe1\x12\x85\x1a\x7d\x2c\xa5\x3e\xc1\x83\xf8\x7a\xcd\x3e\x0a\xda\xa3\xb7\xe0\x35\xc9\x00\xce\xd7\xf7\xab\x77\x8c"
"\x70\x3f\x99\xb7\xaf\xc2\x38\x85\x59\xbf\x52\x77\xdc\xc3\x67\x06\x29\xa4\xda\x39\x95\xec\xe1\xbc\xb6\xf8\x03\xe5\xf2\xb9\xe0\xbb"
"\xae\x06\x21\xe2\x76\x70\x84\x11\x86\x2f\xd6\x8a\x15\xff\x0a\x50\x87\x27\xb1\xb6\x63\x27\xc6\x99\xef\xa0\x34\x4a\x7b\x74\x4d\xbd"
"\x66\x7f\x41\x7b\x34\x92\x66\x28\xb9\x30\x11\x8c\xc5\xae\xc0\x9c\xcc\xc2\xa8\xc7\xbe\xe6\x76\xce\xcb\x82\xd1\xd9\x81\xef\x42\xe8"
"\x2a\xc5\xff\x02\xc8\x9a\x65\xf3\xf4\x60\x4e\xa4\x8b\xad\x2a\x49\x3a\x67\x3f\x01\x00\x00\xff\xff";
#if ARDPORTAL_ENABLE_MQTT
static const char Json0_1[] PROGMEM =
"\x3c\x8d\x4d\x0a\xc2\x30\x10\x85\xaf\x32\x64\x5d\xaa\x58\xab\xe2\x52\x71\x29\x28\xd4\xb5\xa4\x66\xd4\x50\x9b\x84\x99\x04\x71\xe7"
"\x69\x3c\x98\x27\x31\xfd\x89\xcb\xf7\xbd\xc7\xf7\x32\x11\xf4\x79\x3a\x5b\x88\xb5\xd8\x1f\xab\x0a\x18\x7d\x70\x22\x1b\xe8\x32\xd2"
"\x0d\xd9\x06\x09\xa4\x52\x84\xcc\x63\x53\x14\xb1\x39\x58\xf2\x29\xcf\x63\x3e\x31\x92\x91\x2d\x26\x56\x26\xa7\x93\xcc\x4f\x4b\x2a"
"\x15\xdd\xd9\xae\x75\xfe\x05\x0d\xa2\x63\xf0\x77\xfc\x6f\xe0\x6a\x29\x02\xcd\x50\xf7\xc7\x93\x10\xad\x39\x0c\xf3\x01\x81\xd2\x2c"
"\xeb\x07\x32\x74\xf6\x7c\xb4\x96\xab\x68\xdd\x5a\x63\xf0\xe2\xb5\xb9\xf5\xdd\xf7\xfd\x11\x3f\x00\x00\x00\xff\xff";
#endif
#if ARDPORTAL_ENABLE_MQTT_TLS
static const char Json0_2[] PROGMEM =
"\x34\xc9\xb1\x0e\x82\x30\x10\x80\xe1\x57\xb9\xdc\xa4\x49\x63\x10\x17\x75\x23\x8d\x9b\x98\x46\xd9\xcd\xa5\x9c\x72\x43\x8b\xb4\xd7"
"\xf7\x17\xa2\x8c\xdf\xff\x1b\x2c\xf2\xac\xea\x23\x9e\xb1\x4b\x14\xf3\x67\x4c\x8a\xe6\x17\x4f\x4b\xb4\xee\xcf\x43\xb5\xf0\xfa\x58"
"\xb9\x9f\x69\x1b\xf0\x9c\x54\x5e\xe2\x49\x19\x36\xee\xd2\x6e\xd7\x5f\xcf\xff\xce\x53\x91\xc4\x19\x34\x95\xac\xdc\x83\x6d\x0c\x04"
"\x52\x3f\x48\x7c\xc3\x30\x66\x8d\x14\x18\x28\xf6\x70\xeb\x1c\xa8\x04\xde\xe1\x17\x00\x00\xff\xff";
#endif
#if ARDPORTAL_ENABLE_OTA
static const char Json0_3[] PROGMEM =
"\x54\x51\xdb\x4a\xc3\x40\x10\xfd\x95\x21\xcf\x25\x34\xbd\x99\xd6\x07\x91\xaa\x20\x0a\x95\x56\x9f\x65\x9b\x4c\x9a\xa5\x9b\xdd\xb0"
"\xbb\x69\xa8\xa5\xe0\xd7\xf8\x61\x7e\x89\x93\x64\x37\xad\x4f\x03\xe7\xcc\x9c\x99\x73\x66\x10\x54\xfc\x73\x38\x8e\x83\x45\xb0\x7a"
"\xbf\x87\xaa\x4c\x99\xc5\x60\xd0\xa1\x73\x42\x97\xb9\x52\x06\x21\xe3\xba\xa8\x99\xf6\xd4\x64\x48\x54\xa6\x34\xd8\x9c\x1b\xd8\x2a"
"\xa6\x53\x60\x32\x85\x4c\x30\x93\x83\x60\x47\x55\xd9\x10\x1e\x37\x6f\xf1\x68\x36\x5b\x40\xb8\xe5\x12\xa8\xbb\xa9\xe1\xee\xab\x65"
"\xc6\xa3\x05\xb0\xb2\x14\x3c\x61\x96\x2b\xe9\x7a\xa4\x38\x86\x7e\xc7\x88\x76\x7c\x94\x42\xb1\xf4\xff\x5d\x93\x31\x11\x2f\x88\x25"
"\x94\xaa\x46\x4d\x43\x21\xac\xd1\x58\xa6\xad\x81\x3a\x47\x09\x89\x2a\x4a\x81\x16\x6f\xc1\xa0\xb5\x5c\xee\x0c\x68\x2c\x18\x2d\x77"
"\x12\xd3\x4e\xfb\x4a\x34\x9e\xf6\xdb\xa8\xff\xf7\xfb\xc7\xe3\xb3\x26\x04\x25\x25\x26\xed\x99\x42\x19\x72\xb6\xcc\x31\xd9\x43\x8a"
"\x07\x9e\xa0\xd7\x8c\x6f\x5c\x88\x96\x17\x98\x42\x93\x80\x63\xe6\x93\x8b\x93\x93\x64\x05\x9e\xdb\xb0\x74\x77\x33\x65\x88\x4e\xea"
"\xce\x0f\x4c\x9d\x14\x6a\x4d\xb1\x9d\xa8\xcf\x56\xe6\xdc\xb1\xd1\x3c\x22\xf6\xc9\x3d\x04\x3e\xd6\xaf\x1e\xbf\x98\x82\x4c\xab\xe2"
"\x9a\x6a\x22\x7b\x96\x07\x26\x78\xda\xff\xb2\xe1\x9b\xaf\x60\x51\xda\x23\xa1\xc2\x5b\x89\xda\x83\x1f\x54\x2d\x5d\x1c\xfd\x48\x9f"
"\x4b\xd4\x9e\xe8\x5b\x20\x63\x34\x9d\xfa\x5c\x1a\x43\xa4\x3d\x80\xad\x56\xb5\xa1\x0f\x49\xb4\xb5\xd2\x7b\x60\x49\x82\xc6\xb4\xe6"
"\x09\x3e\x10\xb3\x5c\xad\x37\xfd\x93\xc2\xe0\x0f\x00\x00\xff\xff";
#endif
#if ARDPORTAL_ENABLE_CONSOLE
static const char Json0_4[] PROGMEM =
"\x5c\x8f\x4d\x0a\xc2\x30\x14\x84\xaf\xf2\x88\x4b\x4b\x7f\xa0\x62\xeb\x4e\x74\xe3\x56\xdc\x4b\x48\x5e\x43\xa0\x79\x29\x24\x2d\x8a"
"\x08\x9e\xc6\x83\x79\x12\x63\xdb\x20\xba\xfd\x18\x66\xbe\x49\x58\xaf\xcf\x79\x59\xb2\x0d\xdb\x59\x72\xb6\x45\x96\x4c\xa8\x0a\xe8"
"\x64\x3b\x2d\x66\xb0\x2a\x02\xd8\xd2\x15\xfc\x07\x02\x5e\x04\x76\x1e\x16\xd9\x32\x85\x3d\x0e\x5a\xe0\x06\x84\x21\x99\x11\x37\x98"
"\x09\x6b\x0c\x27\x99\x80\x42\xff\x47\x9c\xe7\xbf\x28\x9d\x07\xaa\x3a\x0c\x1c\x68\xe0\xad\x96\x20\x26\x19\x30\xe8\x1c\x57\x51\xaa"
"\xce\xbf\x9e\x60\x9b\xa6\xd5\x84\x29\x1c\x31\xa4\x09\x85\xd7\xa4\x5e\x8f\x67\xcc\x16\xf1\x40\x16\x2a\x7b\x0c\xde\x16\x5a\x4b\x2a"
"\xee\xd5\xeb\x10\x18\x95\x6f\x72\x3c\x70\x8f\x46\xec\x0d\x00\x00\xff\xff";
#endif
#if ARDPORTAL_ENABLE_CONTROL_INFRARED || ARDPORTAL_ENABLE_CONTROL_NOTIFY || ARDPORTAL_ENABLE_CONTROL_VACUUM || ARDPORTAL_ENABLE_CONSOLE
static const char Json0_5[] PROGMEM =
"\xd2\x51\x2a\xcd\x8c\x37\x30\x35\x50\xb2\x52\x0a\x4e\xcd\x4b\x51\x02\x00\x00\x00\xff\xff";
#endif
#if ARDPORTAL_ENABLE_CONTROL_CLIMATE || ARDPORTAL_ENABLE_CONTROL_HUMIDIFIER || ARDPORTAL_ENABLE_CONTROL_WATER_HEATER
static const char Json0_6[] PROGMEM =
"\xd2\x51\x2a\xcd\x8c\x37\x34\x30\x54\xb2\x52\x0a\x49\x2c\x4a\x4f\x2d\x51\x28\x49\xcd\x2d\x48\x2d\x4a\x2c\x29\x2d\x4a\x55\xd2\x81"
"\xc8\x1a\x01\x65\x9d\x4b\x8b\x8a\x52\xf3\xb0\x4a\x1b\x03\xa5\x7d\xf3\x53\x60\x7c\x13\x90\x61\x2e\xa9\xc9\x45\xa9\x89\xc5\xa9\x58"
"\xd4\x9b\x80\x8c\xf3\xcc\xc3\x2d\x0f\x32\xcf\x3f\x2d\x4d\x09\x00\x00\x00\xff\xff";
#endif
#if ARDPORTAL_ENABLE_CONTROL_CLIMATE || ARDPORTAL_ENABLE_CONTROL_VACUUM
static const char Json0_7[] PROGMEM =
"\xd2\x51\x2a\xcd\x8c\x37\x34\x30\x51\xb2\x52\x72\x4b\xcc\x53\xc8\xcd\x4f\x49\x55\x02\x00\x00\x00\xff\xff";
#endif
#if ARDPORTAL_ENABLE_CONTROL_BUTTON
static const char Json0_8[] PROGMEM =
"\xd2\x51\x2a\xcd\x8c\x37\x34\x30\x57\xb2\x52\x0a\x28\x4a\x2d\x2e\x56\x02\x00\x00\x00\xff\xff";
#endif
#if ARDPORTAL_ENABLE_CONTROL_SCENE
static const char Json0_9[] PROGMEM =
"\xd2\x51\x2a\xcd\x8c\x37\x34\xb0\x50\xb2\x52\x72\x4c\x2e\xc9\x2c\x4b\x2c\x49\x55\x02\x00\x00\x00\xff\xff";
#endif
#if ARDPORTAL_ENABLE_CONTROL_NOTIFY
static const char Json0_10[] PROGMEM =
"\xd2\x51\x2a\xcd\x8c\x37\x34\xb0\x54\xb2\x52\xf2\xcb\x2f\xc9\x4c\xcb\x4c\x4e\x2c\xc9\xcc\xcf\x53\x02\x00\x00\x00\xff\xff";
#endif
#if ARDPORTAL_ENABLE_CONTROL_INFRARED
static const char Json0_11[] PROGMEM =
"\xd2\x51\x2a\xcd\x8c\x37\x34\x34\x50\xb2\x52\xf2\x0c\x52\x28\xce\x4c\xcf\x4b\xcc\x51\xd0\xf0\x0a\xf6\xf7\xd3\x54\x02\x00\x00\x00"
"\xff\xff";
#endif
#if ARDPORTAL_ENABLE_CONTROL_FAN || ARDPORTAL_ENABLE_CONTROL_HUMIDIFIER || ARDPORTAL_ENABLE_CONTROL_LIGHT || ARDPORTAL_ENABLE_CONTROL_SIREN
static const char Json0_12[] PROGMEM =
"\xd2\x51\x2a\xcd\x8c\x37\x34\x34\x54\xb2\x52\x0a\xc8\x2f\x4f\x2d\x52\x02\x00\x00\x00\xff\xff";
#endif
#if ARDPORTAL_ENABLE_CONTROL_LIGHT
static const char Json0_13[] PROGMEM =
"\xd2\x51\x2a\xcd\x8c\x37\x34\x34\x52\xb2\x52\x72\x2a\xca\x4c\xcf\x28\xc9\x4b\x2d\x2e\x56\xd2\x81\x88\x1a\x03\x45\x9d\xf3\x73\xf2"
"\x4b\x8b\x94\x00\x00\x00\x00\xff\xff";
#endif
#if ARDPORTAL_ENABLE_CONTROL_FAN
static const char Json0_14[] PROGMEM =
"\xd2\x51\x2a\xcd\x8c\x37\x34\x34\x51\xb2\x52\x0a\x2e\x48\x4d\x4d\x51\xd0\x50\xd5\x54\xd2\x81\x08\x9a\x02\x05\xfd\x8b\x93\x33\x73"
"\x72\x12\x4b\x32\xf3\xf3\x60\xc2\x66\x40\x61\x97\xcc\xa2\xd4\x64\xb0\x20\x00\x00\x00\xff\xff";
#endif
#if ARDPORTAL_ENABLE_CONTROL_COVER || ARDPORTAL_ENABLE_CONTROL_LOCK || ARDPORTAL_ENABLE_CONTROL_VALVE
static const char Json0_15[] PROGMEM =
"\xd2\x51\x2a\xcd\x8c\x37\x34\x34\x57\xb2\x52\xf2\x2f\x48\xcd\x53\x02\x00\x00\x00\xff\xff";
#endif
#if ARDPORTAL_ENABLE_CONTROL_COVER || ARDPORTAL_ENABLE_CONTROL_VALVE
static const char Json0_16[] PROGMEM =
"\xd2\x51\x2a\xcd\x8c\x37\x34\xb4\x50\xb2\x52\x72\xce\xc9\x2f\x4e\x55\xd2\x01\x0b\x18\x19\x00\x05\x02\xf2\x8b\x33\x4b\x32\xf3\xf3"
"\x14\x34\x54\x35\x95\x00\x00\x00\x00\xff\xff";
#endif
#if ARDPORTAL_ENABLE_CONTROL_COVER || ARDPORTAL_ENABLE_CONTROL_VACUUM
static const char Json0_17[] PROGMEM =
"\xd2\x51\x2a\xcd\x8c\x37\x34\xb4\x54\xb2\x52\x0a\x2e\xc9\x2f\x50\x02\x00\x00\x00\xff\xff";
#endif
#if ARDPORTAL_ENABLE_CONTROL_COVER
static const char Json0_18[] PROGMEM =
"\xd2\x51\x2a\xcd\x8c\x37\x34\x32\x54\xb2\x52\x0a\xc9\xcc\x29\x51\xd0\x50\xd5\x54\x02\x00\x00\x00\xff\xff";
#endif
#if ARDPORTAL_ENABLE_CONTROL_LOCK
static const char Json0_19[] PROGMEM =
"\xd2\x51\x2a\xcd\x8c\x37\x34\x32\x52\xb2\x52\xf2\xc9\x4f\xce\x56\xd2\x81\xf0\x8d\x81\xfc\xd0\xbc\x1c\x90\x08\x00\x00\x00\xff\xff";
#endif
#if ARDPORTAL_ENABLE_CONTROL_ALARM_CONTROL_PANEL
static const char Json0_20[] PROGMEM =
"\xd2\x51\x2a\xcd\x8c\x37\x34\x32\x51\xb2\x52\x72\x2c\xca\x55\xc8\xc8\xcf\x4d\x55\xd2\x81\x88\x99\x42\xc5\x12\xcb\x13\x2b\x61\x62"
"\x66\x50\xb1\xbc\xcc\xf4\x8c\x12\x98\xa0\x39\x50\xd0\x25\xb3\x38\xb1\x28\x17\x26\x62\x01\x14\x09\x29\xca\x4c\x4f\x4f\x2d\x52\x48"
"\xcc\x01\x49\x00\x00\x00\x00\xff\xff";
#endif
#if ARDPORTAL_ENABLE_CONTROL_HUMIDIFIER
static const char Json0_21[] PROGMEM =
"\xd2\x51\x2a\xcd\x8c\x37\x34\xb2\x54\xb2\x52\x0a\x49\x2c\x4a\x4f\x2d\x51\xc8\x28\xcd\xcd\x4c\xc9\x2c\xa9\x54\xd0\x50\xd5\x54\xd2"
"\x01\x4b\x9b\x82\xa4\x9d\x4b\x8b\x8a\x52\xf3\x10\xf2\x4a\x00\x00\x00\x00\xff\xff";
#endif
#if ARDPORTAL_ENABLE_CONTROL_SIREN
static const char Json0_22[] PROGMEM =
"\xd2\x51\x2a\xcd\x8c\x37\x34\x36\x50\xb2\x52\x0a\xc9\xcf\x4b\x55\xd2\x81\xf0\x0d\x81\x7c\x97\xd2\xa2\xc4\x92\xcc\xfc\x3c\x05\x8d"
"\x62\x4d\x98\xb8\x11\x50\x3c\x2c\x3f\xa7\x34\x37\x55\x09\x00\x00\x00\xff\xff";
#endif
#if ARDPORTAL_ENABLE_CONTROL_VACUUM
static const char Json0_23[] PROGMEM =
"\xd2\x51\x2a\xcd\x8c\x37\x34\x36\x56\xb2\x52\x72\xce\x49\x4d\xcc\x53\xd2\x81\x08\x98\x01\x05\x7c\xf2\x93\x13\x4b\x52\x61\x22\xe6"
"\x30\x25\x0a\xc5\x05\xf9\x25\x30\x51\x0b\x90\x68\x7e\x6e\x6e\x62\x5e\x8a\x82\x86\x57\xb0\xbf\x9f\xa6\x12\x00\x00\x00\xff\xff";
#endif
#if ARDPORTAL_ENABLE_CONTROL_LAWN_MOWER || ARDPORTAL_ENABLE_CONTROL_VACUUM
static const char Json0_24[] PROGMEM =
"\xd2\x51\x2a\xcd\x8c\x37\x34\x36\x51\xb2\x52\x0a\x48\x2c\x2d\x4e\x55\xd2\x81\x08\x98\x02\x05\x82\x52\x4b\x4a\x8b\xf2\x14\x4a\xf2"
"\x15\x92\x12\x81\x32\x00\x00\x00\x00\xff\xff";
#endif
#if ARDPORTAL_ENABLE_CONTROL_LAWN_MOWER
static const char Json0_25[] PROGMEM =
"\xd2\x51\x2a\xcd\x8c\x37\x34\xb6\x54\xb2\x52\x0a\x2e\x49\x2c\x2a\x51\xc8\xcd\x2f\xcf\xcc\x4b\x57\x02\x00\x00\x00\xff\xff";
#endif
#if ARDPORTAL_ENABLE_CONTROL_UPDATE
static const char Json0_26[] PROGMEM =
"\xd2\x51\x2a\xcd\x8c\x37\x34\x31\x50\xb2\x52\xf2\xcc\x2b\x2e\x49\xcc\xc9\x51\x28\x2d\x48\x49\x2c\x49\x55\x02\x00\x00\x00\xff\xff";
#endif
#if ARDPORTAL_ENABLE_CONTROL_CLIMATE || ARDPORTAL_ENABLE_CONTROL_WATER_HEATER
static const char Json0_27[] PROGMEM =
"\xd2\x51\x2a\xcd\x8c\x37\x34\x31\x51\xb2\x52\xf2\x48\x4d\x2c\x51\x02\x00\x00\x00\xff\xff";
#endif
#if ARDPORTAL_ENABLE_CONTROL_CLIMATE
static const char Json0_28[] PROGMEM =
"\xd2\x51\x2a\xcd\x8c\x37\x34\x31\x55\xb2\x52\x72\xce\xcf\xcf\x51\xd2\x81\xf0\xcd\x81\x7c\x97\xa2\x4a\x18\xd7\x02\xc8\x75\x4b\xcc"
"\x53\xc8\xcf\xcb\x81\x89\x99\x81\x94\x78\xa6\xe4\xa4\xc2\xf8\x20\x35\x1e\xa9\x89\x25\x99\x79\xe9\x30\x21\x4b\xa8\xa9\x08\x21\x73"
"\x03\x88\xc1\x48\x22\x86\x10\xb3\x61\x5c\x23\x20\x37\xa0\x28\x35\x03\xc5\x24\x73\x63\x90\xb6\xd4\xb4\xa2\xfc\x62\xb0\x28\x00\x00"
"\x00\xff\xff";
#endif
#if ARDPORTAL_ENABLE_CONTROL_CLIMATE || ARDPORTAL_ENABLE_CONTROL_HUMIDIFIER
static const char Json0_29[] PROGMEM =
"\xd2\x51\x2a\xcd\x8c\x37\x34\x31\x53\xb2\x52\x72\x2c\x2d\xc9\x57\x02\x00\x00\x00\xff\xff";
#endif
#if ARDPORTAL_ENABLE_DYNAMIC_PAGES
static const char Json0_30[] PROGMEM =
"\x34\xca\x41\x0a\x83\x40\x0c\x00\xc0\xaf\x84\x9c\x45\x68\xab\x17\xaf\x3d\x15\xfa\x04\xa1\xa4\x64\x95\x40\x48\x64\x77\x15\x44\x84"
"\xbe\xc6\x87\xf5\x25\xb5\x2d\x9e\x67\x0a\x1c\xe5\x71\xaa\xcf\xd8\xe0\xd5\x2d\x47\xd7\x04\xa3\xd1\x44\xa2\xf4\xd4\xd0\xc0\x12\x62"
"\xf4\xb8\x62\xf1\x8f\x97\x6f\x24\x33\xcf\xc0\x92\x06\xa5\x19\x5a\x5c\x3a\x09\xca\x6b\x8b\xe5\xd1\xaa\xbd\xdd\x9d\x58\xac\x87\x81"
"\xfa\xf0\x7e\x6d\x07\xd5\x3b\xdd\x6c\x22\x15\xfe\x11\x70\xe8\xc4\x24\x8b\x5b\x2a\xf1\x03\x00\x00\xff\xff";
#endif
#if ARDPORTAL_ENABLE_CONTROL_BINARY_SENSOR
static const char Json0_31[] PROGMEM =
"\xd2\x51\x2a\xcd\x8c\x37\x34\x33\x50\xb2\x52\x72\x4c\x2e\xc9\x2c\x4b\x55\xd2\x81\x88\x18\x02\x45\x3c\xf3\x12\x51\xc4\x8c\x80\x62"
"\xa1\x79\xd9\x79\xf9\xe5\x79\x0a\xc5\x25\x89\x25\xa9\x4a\x00\x00\x00\x00\xff\xff";
#endif
#if ARDPORTAL_ENABLE_CONTROL_HUMIDIFIER || ARDPORTAL_ENABLE_CONTROL_WATER_HEATER
static const char Json0_32[] PROGMEM =
"\xd2\x51\x2a\xcd\x8c\x37\x34\x37\x51\xb2\x52\xf2\xcb\x2f\xca\x4d\xcc\x51\xd2\x81\x88\x98\x02\x45\x5c\x93\xf3\x95\x00\x00\x00\x00"
"\xff\xff";
#endif
#if ARDPORTAL_ENABLE_CONTROL_WATER_HEATER
static const char Json0_33[] PROGMEM =
"\xd2\x51\x2a\xcd\x8c\x37\x34\x37\x53\xb2\x52\x72\xcd\x49\x4d\x2e\x29\xca\x4c\x56\xd2\x81\x88\x99\x03\xc5\x02\x52\x8b\xd2\xf2\x8b"
"\x72\x13\xf3\x92\x53\x61\xc2\x16\x40\x61\x8f\xd4\xc4\x12\x85\x82\xd2\xdc\x02\x98\xa0\x25\x48\x30\x33\x3d\x43\x21\x25\x15\xa8\x38"
"\x45\x09\x00\x00\x00\xff\xff";
#endif
#if ARDPORTAL_ENABLE_CONTROL_INFRARED || ARDPORTAL_ENABLE_CONTROL_VACUUM
static const char Json0_34[] PROGMEM =
"\xd2\x51\x2a\xcd\x8c\x37\xb4\x30\x53\xb2\x52\xf2\xcc\x2b\x4b\xcc\xc9\x4c\x51\xf0\x0a\xf6\xf7\xd3\x53\x02\x00\x00\x00\xff\xff";
#endif
static const char Json0_35[] PROGMEM =
"\xaa\x05\x00\x00\x00\xff\xff";
static const ArdAssetChunk Json0[] PROGMEM = {
  {ARD_ASSET_GZIP_HEAD,sizeof(ARD_ASSET_GZIP_HEAD)-1,0,UINT32_MAX},
  {Json0_0,sizeof(Json0_0)-1,1147850310U,2376U},
#if ARDPORTAL_ENABLE_MQTT
  {Json0_1,sizeof(Json0_1)-1,3599814044U,225U},
#endif
#if ARDPORTAL_ENABLE_MQTT_TLS
  {Json0_2,sizeof(Json0_2)-1,3616967351U,147U},
#endif
#if ARDPORTAL_ENABLE_OTA
  {Json0_3,sizeof(Json0_3)-1,1554398521U,655U},
#endif
#if ARDPORTAL_ENABLE_CONSOLE
  {Json0_4,sizeof(Json0_4)-1,4226342088U,278U},
#endif
#if ARDPORTAL_ENABLE_CONTROL_INFRARED || ARDPORTAL_ENABLE_CONTROL_NOTIFY || ARDPORTAL_ENABLE_CONTROL_VACUUM || ARDPORTAL_ENABLE_CONSOLE
  {Json0_5,sizeof(Json0_5)-1,1173808883U,16U},
#endif
#if ARDPORTAL_ENABLE_CONTROL_CLIMATE || ARDPORTAL_ENABLE_CONTROL_HUMIDIFIER || ARDPORTAL_ENABLE_CONTROL_WATER_HEATER
  {Json0_6,sizeof(Json0_6)-1,2023664090U,156U},
#endif
#if ARDPORTAL_ENABLE_CONTROL_CLIMATE || ARDPORTAL_ENABLE_CONTROL_VACUUM
  {Json0_7,sizeof(Json0_7)-1,1817129721U,20U},
#endif
#if ARDPORTAL_ENABLE_CONTROL_BUTTON
  {Json0_8,sizeof(Json0_8)-1,304179104U,17U},
#endif
#if ARDPORTAL_ENABLE_CONTROL_SCENE
  {Json0_9,sizeof(Json0_9)-1,3498117954U,20U},
#endif
#if ARDPORTAL_ENABLE_CONTROL_NOTIFY
  {Json0_10,sizeof(Json0_10)-1,3351132354U,24U},
#endif
#if ARDPORTAL_ENABLE_CONTROL_INFRARED
  {Json0_11,sizeof(Json0_11)-1,3103255142U,28U},
#endif
#if ARDPORTAL_ENABLE_CONTROL_FAN || ARDPORTAL_ENABLE_CONTROL_HUMIDIFIER || ARDPORTAL_ENABLE_CONTROL_LIGHT || ARDPORTAL_ENABLE_CONTROL_SIREN
  {Json0_12,sizeof(Json0_12)-1,3177310851U,17U},
#endif
#if ARDPORTAL_ENABLE_CONTROL_LIGHT
  {Json0_13,sizeof(Json0_13)-1,588966537U,40U},
#endif
#if ARDPORTAL_ENABLE_CONTROL_FAN
  {Json0_14,sizeof(Json0_14)-1,1017957587U,65U},
#endif
#if ARDPORTAL_ENABLE_CONTROL_COVER || ARDPORTAL_ENABLE_CONTROL_LOCK || ARDPORTAL_ENABLE_CONTROL_VALVE
  {Json0_15,sizeof(Json0_15)-1,3718196933U,16U},
#endif
#if ARDPORTAL_ENABLE_CONTROL_COVER || ARDPORTAL_ENABLE_CONTROL_VALVE
  {Json0_16,sizeof(Json0_16)-1,2007237796U,41U},
#endif
#if ARDPORTAL_ENABLE_CONTROL_COVER || ARDPORTAL_ENABLE_CONTROL_VACUUM
  {Json0_17,sizeof(Json0_17)-1,3875119754U,16U},
#endif
#if ARDPORTAL_ENABLE_CONTROL_COVER
  {Json0_18,sizeof(Json0_18)-1,1248425039U,20U},
#endif
#if ARDPORTAL_ENABLE_CONTROL_LOCK
  {Json0_19,sizeof(Json0_19)-1,3317553071U,34U},
#endif
#if ARDPORTAL_ENABLE_CONTROL_ALARM_CONTROL_PANEL
  {Json0_20,sizeof(Json0_20)-1,2500599954U,104U},
#endif
#if ARDPORTAL_ENABLE_CONTROL_HUMIDIFIER
  {Json0_21,sizeof(Json0_21)-1,3537049537U,59U},
#endif
#if ARDPORTAL_ENABLE_CONTROL_SIREN
  {Json0_22,sizeof(Json0_22)-1,3591447637U,58U},
#endif
#if ARDPORTAL_ENABLE_CONTROL_VACUUM
  {Json0_23,sizeof(Json0_23)-1,2734630163U,83U},
#endif
#if ARDPORTAL_ENABLE_CONTROL_LAWN_MOWER || ARDPORTAL_ENABLE_CONTROL_VACUUM
  {Json0_24,sizeof(Json0_24)-1,1092039706U,43U},
#endif
#if ARDPORTAL_ENABLE_CONTROL_LAWN_MOWER
  {Json0_25,sizeof(Json0_25)-1,3926358738U,24U},
#endif
#if ARDPORTAL_ENABLE_CONTROL_UPDATE
  {Json0_26,sizeof(Json0_26)-1,338267248U,26U},
#endif
#if ARDPORTAL_ENABLE_CONTROL_CLIMATE || ARDPORTAL_ENABLE_CONTROL_WATER_HEATER
  {Json0_27,sizeof(Json0_27)-1,1626927358U,16U},
#endif
#if ARDPORTAL_ENABLE_CONTROL_CLIMATE
  {Json0_28,sizeof(Json0_28)-1,702988501U,182U},
#endif
#if ARDPORTAL_ENABLE_CONTROL_CLIMATE || ARDPORTAL_ENABLE_CONTROL_HUMIDIFIER
  {Json0_29,sizeof(Json0_29)-1,2698790807U,16U},
#endif
#if ARDPORTAL_ENABLE_DYNAMIC_PAGES
  {Json0_30,sizeof(Json0_30)-1,1751767695U,144U},
#endif
#if ARDPORTAL_ENABLE_CONTROL_BINARY_SENSOR
  {Json0_31,sizeof(Json0_31)-1,3071260812U,63U},
#endif
#if ARDPORTAL_ENABLE_CONTROL_HUMIDIFIER || ARDPORTAL_ENABLE_CONTROL_WATER_HEATER
  {Json0_32,sizeof(Json0_32)-1,4114600400U,33U},
#endif
#if ARDPORTAL_ENABLE_CONTROL_WATER_HEATER
  {Json0_33,sizeof(Json0_33)-1,414153894U,87U},
#endif
#if ARDPORTAL_ENABLE_CONTROL_INFRARED || ARDPORTAL_ENABLE_CONTROL_VACUUM
  {Json0_34,sizeof(Json0_34)-1,2097316234U,25U},
#endif
  {Json0_35,sizeof(Json0_35)-1,4239843852U,1U},
  {ARD_ASSET_DEFLATE_END,sizeof(ARD_ASSET_DEFLATE_END)-1},
};
#endif
static const char code0[] PROGMEM = "en";
static const char name0[] PROGMEM = "English";
static const char locale0[] PROGMEM = "en-GB";
struct Language { const char *code, *name, *locale; const ArdAssetChunk* json; size_t count; };
static const Language Languages[] PROGMEM = {
  {code0, name0, locale0, Json0, sizeof(Json0) / sizeof(Json0[0])},
};
enum class Key : uint16_t { s_101 = 101, s_102 = 102, s_103 = 103, s_104 = 104, s_105 = 105, s_106 = 106, s_107 = 107, s_108 = 108, s_109 = 109, s_116 = 116, s_117 = 117, s_120 = 120, s_124 = 124, s_128 = 128, s_129 = 129, s_131 = 131, s_132 = 132, s_142 = 142, s_144 = 144, s_145 = 145, s_146 = 146, s_147 = 147, s_148 = 148, s_149 = 149, s_151 = 151, s_152 = 152, s_153 = 153, s_155 = 155, s_157 = 157, s_164 = 164, s_166 = 166, s_167 = 167, s_168 = 168, s_169 = 169, s_170 = 170, s_171 = 171, s_174 = 174, s_175 = 175, s_176 = 176, s_177 = 177, s_178 = 178, s_179 = 179, s_180 = 180, s_181 = 181, s_182 = 182, s_183 = 183, s_184 = 184, s_185 = 185, s_186 = 186, s_187 = 187, s_188 = 188, s_190 = 190, s_191 = 191, s_192 = 192, s_194 = 194, s_195 = 195, s_196 = 196, s_198 = 198, s_199 = 199, s_200 = 200, s_204 = 204, s_207 = 207, s_209 = 209, s_210 = 210, s_211 = 211 };
static const char Value0_0[] PROGMEM = "AP: ";
static const char Value1_0[] PROGMEM = "Wi-Fi IP: ";
static const char Value2_0[] PROGMEM = "AP stopped.";
static const char Value3_0[] PROGMEM = "Wi-Fi lost.";
static const char Value4_0[] PROGMEM = "Wi-Fi timeout; starting AP.";
static const char Value5_0[] PROGMEM = "Scan failed.";
static const char Value6_0[] PROGMEM = "Save failed.";
#if ARDPORTAL_ENABLE_MQTT
static const char Value7_0[] PROGMEM = "MQTT failed. Check broker, credentials and TLS.";
#endif
static const char Value8_0[] PROGMEM = "Request too large.";
#if ARDPORTAL_ENABLE_OTA
static const char Value9_0[] PROGMEM = "No OTA space or invalid image size.";
#endif
#if ARDPORTAL_ENABLE_OTA
static const char Value10_0[] PROGMEM = "OTA started.";
#endif
static const char Value11_0[] PROGMEM = "Invalid request.";
static const char Value12_0[] PROGMEM = "Confirmation required.";
static const char Value13_0[] PROGMEM = "Formatted. Restarting.";
static const char Value14_0[] PROGMEM = "Format failed.";
static const char Value15_0[] PROGMEM = "Page not found";
static const char Value16_0[] PROGMEM = "Busy. Retry.";
static const char Value17_0[] PROGMEM = "Invalid settings.";
#if ARDPORTAL_ENABLE_MQTT
static const char Value18_0[] PROGMEM = "Connect Wi-Fi first.";
#endif
#if ARDPORTAL_ENABLE_MQTT
static const char Value19_0[] PROGMEM = "Connecting MQTT…";
#endif
#if ARDPORTAL_ENABLE_MQTT
static const char Value20_0[] PROGMEM = "TX queued";
#endif
#if ARDPORTAL_ENABLE_MQTT
static const char Value21_0[] PROGMEM = "MQTT disconnected.";
#endif
#if ARDPORTAL_ENABLE_MQTT
static const char Value22_0[] PROGMEM = "MQTT connected.";
#endif
#if ARDPORTAL_ENABLE_MQTT
static const char Value23_0[] PROGMEM = "MQTT topic ignored.";
#endif
#if ARDPORTAL_ENABLE_MQTT
static const char Value24_0[] PROGMEM = "MQTT transport/DNS failed.";
#endif
#if ARDPORTAL_ENABLE_OTA
static const char Value25_0[] PROGMEM = "Invalid firmware image or header.";
#endif
#if ARDPORTAL_ENABLE_OTA
static const char Value26_0[] PROGMEM = "OTA error: ";
#endif
#if ARDPORTAL_ENABLE_OTA
static const char Value27_0[] PROGMEM = "Updated. Restarting.";
#endif
#if ARDPORTAL_ENABLE_CONSOLE
static const char Value28_0[] PROGMEM = "MQTT RX: ";
#endif
#if ARDPORTAL_ENABLE_CONSOLE
static const char Value29_0[] PROGMEM = "Topic/value too long.";
#endif
static const char Value30_0[] PROGMEM = "Invalid config.";
static const char Value31_0[] PROGMEM = "Config recovered.";
static const char Value32_0[] PROGMEM = "Config ready.";
static const char Value33_0[] PROGMEM = "RAM/JSON limit.";
static const char Value34_0[] PROGMEM = "Storage not mounted.";
#if ARDPORTAL_ENABLE_MQTT
static const char Value35_0[] PROGMEM = "MQTT connected; saved.";
#endif
static const char Value36_0[] PROGMEM = "Reset complete. Reconnect via default AP.";
static const char Value37_0[] PROGMEM = "Saved.";
static const char Value38_0[] PROGMEM = "Save failed: ";
#if ARDPORTAL_ENABLE_DYNAMIC_PAGES
static const char Value39_0[] PROGMEM = "Invalid field value/definition.";
#endif
#if ARDPORTAL_ENABLE_CONSOLE
static const char Value40_0[] PROGMEM = "Binary bytes: ";
#endif
static const char Value41_0[] PROGMEM = "Restarting…";
static const char Value42_0[] PROGMEM = "Power on";
static const char Value43_0[] PROGMEM = "External reset";
static const char Value44_0[] PROGMEM = "Software restart";
static const char Value45_0[] PROGMEM = "Watchdog";
static const char Value46_0[] PROGMEM = "Exception";
static const char Value47_0[] PROGMEM = "Deep sleep wake";
static const char Value48_0[] PROGMEM = "Brownout";
static const char Value49_0[] PROGMEM = "Unknown";
static const char Value50_0[] PROGMEM = "Reset: ";
#if ARDPORTAL_ENABLE_DYNAMIC_PAGES
static const char Value51_0[] PROGMEM = "Invalid page JSON.";
#endif
#if ARDPORTAL_ENABLE_DYNAMIC_PAGES
static const char Value52_0[] PROGMEM = "Unsupported control: ";
#endif
#if ARDPORTAL_ENABLE_DYNAMIC_PAGES
static const char Value53_0[] PROGMEM = "Page missing: ";
#endif
#ifdef ARDUI_DEFINE_STORAGE_MESSAGES
static const char Value54_0[] PROGMEM = "Flash size mismatch.";
#endif
#ifdef ARDUI_DEFINE_STORAGE_MESSAGES
static const char Value55_0[] PROGMEM = "Storage format failed.";
#endif
#ifdef ARDUI_DEFINE_STORAGE_MESSAGES
static const char Value56_0[] PROGMEM = "Storage mount failed.";
#endif
#ifdef ARDUI_DEFINE_STORAGE_MESSAGES
static const char Value57_0[] PROGMEM = "Storage RAM/JSON limit.";
#endif
#ifdef ARDUI_DEFINE_STORAGE_MESSAGES
static const char Value58_0[] PROGMEM = "Storage read failed.";
#endif
#ifdef ARDUI_DEFINE_STORAGE_MESSAGES
static const char Value59_0[] PROGMEM = "Invalid stored config.";
#endif
#ifdef ARDUI_DEFINE_STORAGE_MESSAGES
static const char Value60_0[] PROGMEM = "Storage write/verify failed.";
#endif
#if ARDPORTAL_ENABLE_DEPENDENCIES
static const char Value61_0[] PROGMEM = "Field unavailable.";
#endif
static const char Value62_0[] PROGMEM = "Wi-Fi start (ms): ";
static const char Value63_0[] PROGMEM = "Wi-Fi elapsed (ms): ";
static const char Value64_0[] PROGMEM = "MQTT TLS disabled.";
struct Message { uint16_t id; const char* values[Count]; };
static const Message Messages[] PROGMEM = {
  {101, {Value0_0}},
  {102, {Value1_0}},
  {103, {Value2_0}},
  {104, {Value3_0}},
  {105, {Value4_0}},
  {106, {Value5_0}},
  {107, {Value6_0}},
#if ARDPORTAL_ENABLE_MQTT
  {108, {Value7_0}},
#endif
  {109, {Value8_0}},
#if ARDPORTAL_ENABLE_OTA
  {116, {Value9_0}},
#endif
#if ARDPORTAL_ENABLE_OTA
  {117, {Value10_0}},
#endif
  {120, {Value11_0}},
  {124, {Value12_0}},
  {128, {Value13_0}},
  {129, {Value14_0}},
  {131, {Value15_0}},
  {132, {Value16_0}},
  {142, {Value17_0}},
#if ARDPORTAL_ENABLE_MQTT
  {144, {Value18_0}},
#endif
#if ARDPORTAL_ENABLE_MQTT
  {145, {Value19_0}},
#endif
#if ARDPORTAL_ENABLE_MQTT
  {146, {Value20_0}},
#endif
#if ARDPORTAL_ENABLE_MQTT
  {147, {Value21_0}},
#endif
#if ARDPORTAL_ENABLE_MQTT
  {148, {Value22_0}},
#endif
#if ARDPORTAL_ENABLE_MQTT
  {149, {Value23_0}},
#endif
#if ARDPORTAL_ENABLE_MQTT
  {151, {Value24_0}},
#endif
#if ARDPORTAL_ENABLE_OTA
  {152, {Value25_0}},
#endif
#if ARDPORTAL_ENABLE_OTA
  {153, {Value26_0}},
#endif
#if ARDPORTAL_ENABLE_OTA
  {155, {Value27_0}},
#endif
#if ARDPORTAL_ENABLE_CONSOLE
  {157, {Value28_0}},
#endif
#if ARDPORTAL_ENABLE_CONSOLE
  {164, {Value29_0}},
#endif
  {166, {Value30_0}},
  {167, {Value31_0}},
  {168, {Value32_0}},
  {169, {Value33_0}},
  {170, {Value34_0}},
#if ARDPORTAL_ENABLE_MQTT
  {171, {Value35_0}},
#endif
  {174, {Value36_0}},
  {175, {Value37_0}},
  {176, {Value38_0}},
#if ARDPORTAL_ENABLE_DYNAMIC_PAGES
  {177, {Value39_0}},
#endif
#if ARDPORTAL_ENABLE_CONSOLE
  {178, {Value40_0}},
#endif
  {179, {Value41_0}},
  {180, {Value42_0}},
  {181, {Value43_0}},
  {182, {Value44_0}},
  {183, {Value45_0}},
  {184, {Value46_0}},
  {185, {Value47_0}},
  {186, {Value48_0}},
  {187, {Value49_0}},
  {188, {Value50_0}},
#if ARDPORTAL_ENABLE_DYNAMIC_PAGES
  {190, {Value51_0}},
#endif
#if ARDPORTAL_ENABLE_DYNAMIC_PAGES
  {191, {Value52_0}},
#endif
#if ARDPORTAL_ENABLE_DYNAMIC_PAGES
  {192, {Value53_0}},
#endif
#if ARDPORTAL_ENABLE_DEPENDENCIES
  {207, {Value61_0}},
#endif
  {209, {Value62_0}},
  {210, {Value63_0}},
  {211, {Value64_0}},
};
extern const Message StorageMessages[7] PROGMEM;
#ifdef ARDUI_DEFINE_STORAGE_MESSAGES
const Message StorageMessages[] PROGMEM = {
  {194, {Value54_0}},
  {195, {Value55_0}},
  {196, {Value56_0}},
  {198, {Value57_0}},
  {199, {Value58_0}},
  {200, {Value59_0}},
  {204, {Value60_0}},
};
#endif
} // namespace ArdUILanguageData
